Workbook

Sheet SUMMARY
A1: Efforts Analysis | F1: Comparision of counts of brands
A2: Row Labels | B2: First Week | C2: Last Week | D2: Saved Time | E2: Comments | F2: First Week | G2: Last Week
A3: Billboard Top Artists Brand Discovery | B3: =VLOOKUP(A3,'JUNE 1ST WEEK DATA'!H:I,2,0) -> 18 | C3: =VLOOKUP(A3,'JUNE LAST WEEK DATA'!H:I,2,0) -> 19 | D3: - | E3: Due to the number of brands last week, it took a longer time. | F3: 16 | G3: 14
A4: Brand Discovery // Brand Review | B4: =VLOOKUP(A4,'JUNE 1ST WEEK DATA'!H:I,2,0) -> 81 | C4: =VLOOKUP(A4,'JUNE LAST WEEK DATA'!H:I,2,0) -> 80 | D4: - | E4: No automation applicable | F4: 8 | G4: 6
A5: Brand Discovery // Metacritic Premiere Calendar Title Scrape | B5: =VLOOKUP(A5,'JUNE 1ST WEEK DATA'!H:I,2,0) -> 10 | C5: =VLOOKUP(A5,'JUNE LAST WEEK DATA'!H:I,2,0) -> 13 | D5: =84*0.0065 -> 0.546 | E5: Due to the number of brands last week, it took a longer time. | F5: 62 | G5: 84
A6: Brand Discovery // Weekly Film Title Adding | B6: =VLOOKUP(A6,'JUNE 1ST WEEK DATA'!H:I,2,0) -> 110 | C6: =VLOOKUP(A6,'JUNE LAST WEEK DATA'!H:I,2,0) -> 112 | D6: - | E6: No automation applicable
A7: Brand Discovery // Weekly TV Title Adding | B7: =VLOOKUP(A7,'JUNE 1ST WEEK DATA'!H:I,2,0) -> 274 | C7: =VLOOKUP(A7,'JUNE LAST WEEK DATA'!H:I,2,0) -> 372 | D7: - | E7: No automation applicable
A8: Brand Maintenance // [Data Feed] Film - Wide Release + Custom Requests Brand Set | B8: =VLOOKUP(A8,'JUNE 1ST WEEK DATA'!H:I,2,0) -> 13 | C8: =VLOOKUP(A8,'JUNE LAST WEEK DATA'!H:I,2,0) -> 20 | D8: - | E8: No automation applicable
A9: Brand Maintenance // Box Office Metadata Update | B9: =VLOOKUP(A9,'JUNE 1ST WEEK DATA'!H:I,2,0) -> 19 | C9: =VLOOKUP(A9,'JUNE LAST WEEK DATA'!H:I,2,0) -> 14 | D9: 5 | E9: Only save 5min
A10: Brand Maintenance // Missing & Low Wikipedia Page Views | B10: =VLOOKUP(A10,'JUNE 1ST WEEK DATA'!H:I,2,0) -> 10 | C10: =VLOOKUP(A10,'JUNE LAST WEEK DATA'!H:I,2,0) -> 5 | D10: 5 | E10: Only save 5min
A11: Brand Maintenance // Official YouTube Video Data Review | B11: =VLOOKUP(A11,'JUNE 1ST WEEK DATA'!H:I,2,0) -> 91 | C11: =VLOOKUP(A11,'JUNE LAST WEEK DATA'!H:I,2,0) -> 90 | D11: - | E11: No automation applicable
A12: Brand Maintenance // Review Domestic Release Schedule Changes | B12: =VLOOKUP(A12,'JUNE 1ST WEEK DATA'!H:I,2,0) -> 20 | C12: =VLOOKUP(A12,'JUNE LAST WEEK DATA'!H:I,2,0) -> 4 | D12: 16 | E12: Save around 16min
A13: Brand Maintenance // Review Hulu Network | B13: =VLOOKUP(A13,'JUNE 1ST WEEK DATA'!H:I,2,0) -> 14 | C13: =VLOOKUP(A13,'JUNE LAST WEEK DATA'!H:I,2,0) -> 10 | D13: 6 | E13: Save around 6min
A14: Brand Maintenance // Rotten Tomatoes Review | B14: =VLOOKUP(A14,'JUNE 1ST WEEK DATA'!H:I,2,0) -> 11 | C14: =VLOOKUP(A14,'JUNE LAST WEEK DATA'!H:I,2,0) -> 6 | D14: 5 | E14: Save around 5min
A15: Brand Maintenance // SONY Feed Weekly Review | B15: =VLOOKUP(A15,'JUNE 1ST WEEK DATA'!H:I,2,0) -> 178 | C15: =VLOOKUP(A15,'JUNE LAST WEEK DATA'!H:I,2,0) -> 154 | D15: 24 | E15: Save around 24min
A16: Brand Maintenance // Trailer Review | B16: =VLOOKUP(A16,'JUNE 1ST WEEK DATA'!H:I,2,0) -> 113 | C16: =VLOOKUP(A16,'JUNE LAST WEEK DATA'!H:I,2,0) -> 155 | D16: - | E16: No automation applicable
A17: Brand Maintenance // TT Code Review | B17: =VLOOKUP(A17,'JUNE 1ST WEEK DATA'!H:I,2,0) -> 1 | C17: =VLOOKUP(A17,'JUNE LAST WEEK DATA'!H:I,2,0) -> 2 | D17: - | E17: No automation applicable
A18: Brand Maintenance // Weekly Universe Review | B18: =VLOOKUP(A18,'JUNE 1ST WEEK DATA'!H:I,2,0) -> 488 | C18: =VLOOKUP(A18,'JUNE LAST WEEK DATA'!H:I,2,0) -> 465 | D18: 23 | E18: Saved around 23min
A19: Brand Maintenance // Wikipedia Redirect | B19: =VLOOKUP(A19,'JUNE 1ST WEEK DATA'!H:I,2,0) -> 75 | C19: =VLOOKUP(A19,'JUNE LAST WEEK DATA'!H:I,2,0) -> 104 | D19: - | E19: No automation applicable
A20: Check for new Threads authorizations | B20: =VLOOKUP(A20,'JUNE 1ST WEEK DATA'!H:I,2,0) -> 16 | C20: =VLOOKUP(A20,'JUNE LAST WEEK DATA'!H:I,2,0) -> 25 | D20: - | E20: No automation applicable
A21: TV Season & Episode Metadata Adding | B21: =VLOOKUP(A21,'JUNE 1ST WEEK DATA'!H:I,2,0) -> 32 | C21: =VLOOKUP(A21,'JUNE LAST WEEK DATA'!H:I,2,0) -> 44 | D21: =24*0.08 -> 1.92 | E21: Due to the number of brands last week, it took a longer time. | F21: 17 | G21: 41
A22: TV Season & Episode Metadata Weekly Review | B22: =VLOOKUP(A22,'JUNE 1ST WEEK DATA'!H:I,2,0) -> 15 | C22: =VLOOKUP(A22,'JUNE LAST WEEK DATA'!H:I,2,0) -> 5 | D22: 10 | E22: saved 10mnin
C23: Total Time Save | D23: 96.46

Sheet JUNE 1ST WEEK DATA
A1: user-avatar-wrapper src | B1: user-name-wrapper | C1: task-name | D1: row | E1: In Min. | H1: Row Labels | I1: Sum of In Min.
A2: https://d36887svjhykt4.cloudfront.net/users/1442953-169dce3985dec8.jpg | B2: Hannan Khokhar | C2: Billboard Top Artists Brand Discovery | D2: 18m | E2: 18 | H2: Billboard Top Artists Brand Discovery | I2: 18
A3: https://d36887svjhykt4.cloudfront.net/users/1436177-1698c30faabdf6.jpg | B3: Mainal Sharma | C3: Brand Discovery // Brand Review | D3: 1h 21m | E3: 81 | H3: Brand Discovery // Brand Review | I3: 81
A4: https://d36887svjhykt4.cloudfront.net/users/1442953-169dce3985dec8.jpg | B4: Hannan Khokhar | C4: Brand Discovery // Metacritic Premiere Calendar Title Scrape | D4: 10m | E4: 10 | H4: Brand Discovery // Metacritic Premiere Calendar Title Scrape | I4: 10
A5: https://d36887svjhykt4.cloudfront.net/users/1442953-169dce3985dec8.jpg | B5: Hannan Khokhar | C5: Brand Discovery // Weekly Film Title Adding | D5: 1h 50m | E5: 110 | H5: Brand Discovery // Weekly Film Title Adding | I5: 110
A6: https://d36887svjhykt4.cloudfront.net/users/1442953-169dce3985dec8.jpg | B6: Hannan Khokhar | C6: Brand Discovery // Weekly TV Title Adding | D6: 4h 34m | E6: 274 | H6: Brand Discovery // Weekly TV Title Adding | I6: 274
A7: https://d36887svjhykt4.cloudfront.net/users/1442953-169dce3985dec8.jpg | B7: Hannan Khokhar | C7: Brand Maintenance // [Data Feed] Film - Wide Release + Custom Requests Brand Set | D7: 13m | E7: 13 | H7: Brand Maintenance // [Data Feed] Film - Wide Release + Custom Requests Brand Set | I7: 13
A8: https://d36887svjhykt4.cloudfront.net/users/1442953-169dce3985dec8.jpg | B8: Hannan Khokhar | C8: Brand Maintenance // Box Office Metadata Update | D8: 19m | E8: 19 | H8: Brand Maintenance // Box Office Metadata Update | I8: 19
A9: https://d36887svjhykt4.cloudfront.net/users/1442953-169dce3985dec8.jpg | B9: Hannan Khokhar | C9: Brand Maintenance // Missing & Low Wikipedia Page Views | D9: 10m | E9: 10 | H9: Brand Maintenance // Missing & Low Wikipedia Page Views | I9: 10
A10: https://d36887svjhykt4.cloudfront.net/users/1396594-167f762166a18a.jpg | B10: Parvej Khan | C10: Brand Maintenance // Official YouTube Video Data Review | D10: 1h 31m | E10: 91 | H10: Brand Maintenance // Official YouTube Video Data Review | I10: 91
A11: https://d36887svjhykt4.cloudfront.net/users/1436177-1698c30faabdf6.jpg | B11: Mainal Sharma | C11: Brand Maintenance // Review Domestic Release Schedule Changes | D11: 6m | E11: 6 | H11: Brand Maintenance // Review Domestic Release Schedule Changes | I11: 20
A12: https://d36887svjhykt4.cloudfront.net/users/1442953-169dce3985dec8.jpg | B12: Hannan Khokhar | C12: Brand Maintenance // Review Domestic Release Schedule Changes | D12: 14m | E12: 14 | H12: Brand Maintenance // Review Hulu Network | I12: 14
A13: https://d36887svjhykt4.cloudfront.net/users/1442953-169dce3985dec8.jpg | B13: Hannan Khokhar | C13: Brand Maintenance // Review Hulu Network | D13: 14m | E13: 14 | H13: Brand Maintenance // Rotten Tomatoes Review | I13: 11
... A23: https://d36887svjhykt4.cloudfront.net/users/1442953-169dce3985dec8.jpg | B23: Hannan Khokhar | C23: Brand Maintenance // Wikipedia Redirect | D23: 17m | E23: 17 | H23: Grand Total | I23: 1659
A24: https://d36887svjhykt4.cloudfront.net/users/1442953-169dce3985dec8.jpg | B24: Hannan Khokhar | C24: Brand Maintenance // Wikipedia Redirect | D24: 22m | E24: 22
A25: https://d36887svjhykt4.cloudfront.net/users/1442953-169dce3985dec8.jpg | B25: Hannan Khokhar | C25: Brand Maintenance // Wikipedia Redirect | D25: 23m | E25: 23
A26: https://d36887svjhykt4.cloudfront.net/users/1431951-169f3a52fde22a.jpg | B26: Pranjal Chopra | C26: Check for new Threads authorizations | D26: 6m | E26: 6
A27: https://d36887svjhykt4.cloudfront.net/users/1431951-169f3a52fde22a.jpg | B27: Pranjal Chopra | C27: Check for new Threads authorizations | D27: 10m | E27: 10
A28: https://d36887svjhykt4.cloudfront.net/users/1442953-169dce3985dec8.jpg | B28: Hannan Khokhar | C28: TV Season & Episode Metadata Adding | D28: 3m | E28: 3
A29: https://d36887svjhykt4.cloudfront.net/users/1442953-169dce3985dec8.jpg | B29: Hannan Khokhar | C29: TV Season & Episode Metadata Adding | D29: 4m | E29: 4
A30: https://d36887svjhykt4.cloudfront.net/users/1442953-169dce3985dec8.jpg | B30: Hannan Khokhar | C30: TV Season & Episode Metadata Adding | D30: 12m | E30: 12
A31: https://d36887svjhykt4.cloudfront.net/users/1442953-169dce3985dec8.jpg | B31: Hannan Khokhar | C31: TV Season & Episode Metadata Adding | D31: 13m | E31: 13
A32: https://d36887svjhykt4.cloudfront.net/users/1396594-167f762166a18a.jpg | B32: Parvej Khan | C32: TV Season & Episode Metadata Weekly Review | D32: 15m | E32: 15

Sheet JUNE LAST WEEK DATA
A1: user-avatar-wrapper src | B1: user-name-wrapper | C1: task-name | D1: row | E1: In Min. | H1: Row Labels | I1: Sum of In Min.
A2: https://d36887svjhykt4.cloudfront.net/users/1442953-169dce3985dec8.jpg | B2: Hannan Khokhar | C2: Billboard Top Artists Brand Discovery | D2: 19m | E2: 19 | H2: Billboard Top Artists Brand Discovery | I2: 19
A3: https://d36887svjhykt4.cloudfront.net/users/1436177-1698c30faabdf6.jpg | B3: Mainal Sharma | C3: Brand Discovery // Brand Review | D3: 37m | E3: 37 | H3: Brand Discovery // Brand Review | I3: 80
A4: https://d36887svjhykt4.cloudfront.net/users/1436177-1698c30faabdf6.jpg | B4: Mainal Sharma | C4: Brand Discovery // Brand Review | D4: 43m | E4: 43 | H4: Brand Discovery // Metacritic Premiere Calendar Title Scrape | I4: 13
A5: https://d36887svjhykt4.cloudfront.net/users/1442953-169dce3985dec8.jpg | B5: Hannan Khokhar | C5: Brand Discovery // Metacritic Premiere Calendar Title Scrape | D5: 13m | E5: 13 | H5: Brand Discovery // Weekly Film Title Adding | I5: 112
A6: https://d36887svjhykt4.cloudfront.net/users/1442953-169dce3985dec8.jpg | B6: Hannan Khokhar | C6: Brand Discovery // Weekly Film Title Adding | D6: 1h 52m | E6: 112 | H6: Brand Discovery // Weekly TV Title Adding | I6: 372
A7: https://d36887svjhykt4.cloudfront.net/users/1442953-169dce3985dec8.jpg | B7: Hannan Khokhar | C7: Brand Discovery // Weekly TV Title Adding | D7: 6h 12m | E7: 372 | H7: Brand Maintenance // [Data Feed] Film - Wide Release + Custom Requests Brand Set | I7: 20
A8: https://d36887svjhykt4.cloudfront.net/users/1442953-169dce3985dec8.jpg | B8: Hannan Khokhar | C8: Brand Maintenance // [Data Feed] Film - Wide Release + Custom Requests Brand Set | D8: 20m | E8: 20 | H8: Brand Maintenance // Box Office Metadata Update | I8: 14
A9: https://d36887svjhykt4.cloudfront.net/users/1442953-169dce3985dec8.jpg | B9: Hannan Khokhar | C9: Brand Maintenance // Box Office Metadata Update | D9: 14m | E9: 14 | H9: Brand Maintenance // Missing & Low Wikipedia Page Views | I9: 5
A10: https://d36887svjhykt4.cloudfront.net/users/1442953-169dce3985dec8.jpg | B10: Hannan Khokhar | C10: Brand Maintenance // Missing & Low Wikipedia Page Views | D10: 5m | E10: 5 | H10: Brand Maintenance // Official YouTube Video Data Review | I10: 90
A11: https://d36887svjhykt4.cloudfront.net/users/1396594-167f762166a18a.jpg | B11: Parvej Khan | C11: Brand Maintenance // Official YouTube Video Data Review | D11: 1h 30m | E11: 90 | H11: Brand Maintenance // Review Domestic Release Schedule Changes | I11: 4
A12: https://d36887svjhykt4.cloudfront.net/users/1442953-169dce3985dec8.jpg | B12: Hannan Khokhar | C12: Brand Maintenance // Review Domestic Release Schedule Changes | D12: 4m | E12: 4 | H12: Brand Maintenance // Review Hulu Network | I12: 10
A13: https://d36887svjhykt4.cloudfront.net/users/1442953-169dce3985dec8.jpg | B13: Hannan Khokhar | C13: Brand Maintenance // Review Hulu Network | D13: 10m | E13: 10 | H13: Brand Maintenance // Rotten Tomatoes Review | I13: 6
... A22: https://d36887svjhykt4.cloudfront.net/users/1442953-169dce3985dec8.jpg | B22: Hannan Khokhar | C22: Brand Maintenance // Wikipedia Redirect | D22: 6m | E22: 6 | H22: Grand Total | I22: 1699
A23: https://d36887svjhykt4.cloudfront.net/users/1442953-169dce3985dec8.jpg | B23: Hannan Khokhar | C23: Brand Maintenance // Wikipedia Redirect | D23: 13m | E23: 13
A24: https://d36887svjhykt4.cloudfront.net/users/1442953-169dce3985dec8.jpg | B24: Hannan Khokhar | C24: Brand Maintenance // Wikipedia Redirect | D24: 15m | E24: 15
A25: https://d36887svjhykt4.cloudfront.net/users/1442953-169dce3985dec8.jpg | B25: Hannan Khokhar | C25: Brand Maintenance // Wikipedia Redirect | D25: 17m | E25: 17
A26: https://d36887svjhykt4.cloudfront.net/users/1442953-169dce3985dec8.jpg | B26: Hannan Khokhar | C26: Brand Maintenance // Wikipedia Redirect | D26: 53m | E26: 53
A27: https://d36887svjhykt4.cloudfront.net/users/1431951-169f3a52fde22a.jpg | B27: Pranjal Chopra | C27: Check for new Threads authorizations | D27: 10m | E27: 10
A28: https://d36887svjhykt4.cloudfront.net/users/1431951-169f3a52fde22a.jpg | B28: Pranjal Chopra | C28: Check for new Threads authorizations | D28: 15m | E28: 15
A29: https://d36887svjhykt4.cloudfront.net/users/1442953-169dce3985dec8.jpg | B29: Hannan Khokhar | C29: TV Season & Episode Metadata Adding | D29: 1m | E29: 1
A30: https://d36887svjhykt4.cloudfront.net/users/1442953-169dce3985dec8.jpg | B30: Hannan Khokhar | C30: TV Season & Episode Metadata Adding | D30: 8m | E30: 8
A31: https://d36887svjhykt4.cloudfront.net/users/1442953-169dce3985dec8.jpg | B31: Hannan Khokhar | C31: TV Season & Episode Metadata Adding | D31: 10m | E31: 10
A32: https://d36887svjhykt4.cloudfront.net/users/1442953-169dce3985dec8.jpg | B32: Hannan Khokhar | C32: TV Season & Episode Metadata Adding | D32: 11m | E32: 11
A33: https://d36887svjhykt4.cloudfront.net/users/1442953-169dce3985dec8.jpg | B33: Hannan Khokhar | C33: TV Season & Episode Metadata Adding | D33: 14m | E33: 14
A34: https://d36887svjhykt4.cloudfront.net/users/1396594-167f762166a18a.jpg | B34: Parvej Khan | C34: TV Season & Episode Metadata Weekly Review | D34: 1m | E34: 1
A35: https://d36887svjhykt4.cloudfront.net/users/1442953-169dce3985dec8.jpg | B35: Hannan Khokhar | C35: TV Season & Episode Metadata Weekly Review | D35: 4m | E35: 4
