Workbook

Sheet BrandDef
A1: brand_id | B1: title | C1: title_category | D1: title_sub_category | E1: genre | F1: primary_genre | G1: rovi_id | H1: ticker_symbol | I1: companies | J1: brand_set | K1: active | L1: released_on | M1: box_office | N1: street_date | O1: gross_screen | P1: opening_weekend_box_office | Q1: network | R1: brand_listing_hidden | S1: facebook_page | T1: twitter_handle | U1: instagram_user | V1: youtube_channel_username | W1: tiktok_user | X1: tumblr_page | Y1: pinterest_user_username | Z1: pinterest_board | AA1: wikipedia_page | AB1: facebook_search_terms | AC1: twitter_search_terms | AD1: instagram_search_terms | AE1: tumblr_search_terms | AF1: twitter_search_term_keywords | AG1: youtube_search_terms | AH1: url_managers
B2: ='Ingest Template'!B2&IF('Ingest Template'!A2 = "Standard", " - DAR","") | C2: Beverages | D2: =CONCATENATE('Ingest Template'!C2,'Ingest Template'!D2) | I2: =iF('Ingest Template'!A2="Standard","Pristine Brand","Unknown") -> Unknown | J2: =iF('Ingest Template'!A2="Standard","LF // Beverages","Competitive View") -> Competitive View | K2: t | R2: f | S2: ='Ingest Template'!J2 | T2: ='Ingest Template'!I2 | U2: =LOWER(SUBSTITUTE(SUBSTITUTE(SUBSTITUTE(SUBSTITUTE(SUBSTITUTE('Ingest Template'!K2,"https:",""),"www.",""),"/",""),"?hl=en",""),"instagram.com","")) | V2: ='Ingest Template'!L2 | W2: ='Ingest Template'!M2 | X2: =SUBSTITUTE(SUBSTITUTE(SUBSTITUTE('Ingest Template'!N2,"http:",""),"https:",""),"/","") | Y2: {=IF('Ingest Template'!A2="Standard",(IF(ISBLANK('Ingest Template'!O2),"", 'Ingest Template'!O2&"|DAR")),(IF(ISBLANK('Ingest Template'!O2),"", 'Ingest Template'!O2&"|Film Ops")))} | AA2: ='Ingest Template'!E2 | AC2: {=IF('Ingest Template'!A2="Standard",(CONCATENATE(IF(ISBLANK('Ingest Template'!F2),"", 'Ingest Template'!F2&"|DAR"),CHAR(10), IF(ISBLANK('Ingest Template'!G2),"", 'Ingest Template'!G2&"|DAR"),CHAR(10), IF(ISBLANK('Ingest Template'!H2),"", 'Ingest Template'!H2&"|DAR"))),(CONCATENATE(IF(ISBLANK('Ingest Template'!F2),"", 'Ingest Template'!F2&"|Film Ops"),CHAR(10), IF(ISBLANK('Ingest Template'!G2),"", 'Ingest Template'!G2&"|Film Ops"),CHAR(10), IF(ISBLANK('Ingest Template'!H2),"", 'Ingest Template'!H2&"|Film Ops"))))}
B3: ='Ingest Template'!B3&IF('Ingest Template'!A3 = "Standard", " - DAR","") | C3: Beverages | D3: =CONCATENATE('Ingest Template'!C3,'Ingest Template'!D3) | I3: =iF('Ingest Template'!A3="Standard","Pristine Brand","Unknown") -> Unknown | J3: =iF('Ingest Template'!A3="Standard","LF // Beverages","Competitive View") -> Competitive View | K3: t | R3: f | S3: ='Ingest Template'!J3 | T3: ='Ingest Template'!I3 | U3: =LOWER(SUBSTITUTE(SUBSTITUTE(SUBSTITUTE(SUBSTITUTE(SUBSTITUTE('Ingest Template'!K3,"https:",""),"www.",""),"/",""),"?hl=en",""),"instagram.com","")) | V3: ='Ingest Template'!L3 | W3: ='Ingest Template'!M3 | X3: =SUBSTITUTE(SUBSTITUTE(SUBSTITUTE('Ingest Template'!N3,"http:",""),"https:",""),"/","") | Y3: {=IF('Ingest Template'!A3="Standard",(IF(ISBLANK('Ingest Template'!O3),"", 'Ingest Template'!O3&"|DAR")),(IF(ISBLANK('Ingest Template'!O3),"", 'Ingest Template'!O3&"|Film Ops")))} | AA3: ='Ingest Template'!E3 | AC3: {=IF('Ingest Template'!A3="Standard",(CONCATENATE(IF(ISBLANK('Ingest Template'!F3),"", 'Ingest Template'!F3&"|DAR"),CHAR(10), IF(ISBLANK('Ingest Template'!G3),"", 'Ingest Template'!G3&"|DAR"),CHAR(10), IF(ISBLANK('Ingest Template'!H3),"", 'Ingest Template'!H3&"|DAR"))),(CONCATENATE(IF(ISBLANK('Ingest Template'!F3),"", 'Ingest Template'!F3&"|Film Ops"),CHAR(10), IF(ISBLANK('Ingest Template'!G3),"", 'Ingest Template'!G3&"|Film Ops"),CHAR(10), IF(ISBLANK('Ingest Template'!H3),"", 'Ingest Template'!H3&"|Film Ops"))))}
B4: ='Ingest Template'!B4&IF('Ingest Template'!A4 = "Standard", " - DAR","") | C4: Beverages | D4: =CONCATENATE('Ingest Template'!C4,'Ingest Template'!D4) | I4: =iF('Ingest Template'!A4="Standard","Pristine Brand","Unknown") -> Unknown | J4: =iF('Ingest Template'!A4="Standard","LF // Beverages","Competitive View") -> Competitive View | K4: t | R4: f | S4: ='Ingest Template'!J4 | T4: ='Ingest Template'!I4 | U4: =LOWER(SUBSTITUTE(SUBSTITUTE(SUBSTITUTE(SUBSTITUTE(SUBSTITUTE('Ingest Template'!K4,"https:",""),"www.",""),"/",""),"?hl=en",""),"instagram.com","")) | V4: ='Ingest Template'!L4 | W4: ='Ingest Template'!M4 | X4: =SUBSTITUTE(SUBSTITUTE(SUBSTITUTE('Ingest Template'!N4,"http:",""),"https:",""),"/","") | Y4: {=IF('Ingest Template'!A4="Standard",(IF(ISBLANK('Ingest Template'!O4),"", 'Ingest Template'!O4&"|DAR")),(IF(ISBLANK('Ingest Template'!O4),"", 'Ingest Template'!O4&"|Film Ops")))} | AA4: ='Ingest Template'!E4 | AC4: {=IF('Ingest Template'!A4="Standard",(CONCATENATE(IF(ISBLANK('Ingest Template'!F4),"", 'Ingest Template'!F4&"|DAR"),CHAR(10), IF(ISBLANK('Ingest Template'!G4),"", 'Ingest Template'!G4&"|DAR"),CHAR(10), IF(ISBLANK('Ingest Template'!H4),"", 'Ingest Template'!H4&"|DAR"))),(CONCATENATE(IF(ISBLANK('Ingest Template'!F4),"", 'Ingest Template'!F4&"|Film Ops"),CHAR(10), IF(ISBLANK('Ingest Template'!G4),"", 'Ingest Template'!G4&"|Film Ops"),CHAR(10), IF(ISBLANK('Ingest Template'!H4),"", 'Ingest Template'!H4&"|Film Ops"))))}
B5: ='Ingest Template'!B5&IF('Ingest Template'!A5 = "Standard", " - DAR","") | C5: Beverages | D5: =CONCATENATE('Ingest Template'!C5,'Ingest Template'!D5) | I5: =iF('Ingest Template'!A5="Standard","Pristine Brand","Unknown") -> Unknown | J5: =iF('Ingest Template'!A5="Standard","LF // Beverages","Competitive View") -> Competitive View | K5: t | R5: f | S5: ='Ingest Template'!J5 | T5: ='Ingest Template'!I5 | U5: =LOWER(SUBSTITUTE(SUBSTITUTE(SUBSTITUTE(SUBSTITUTE(SUBSTITUTE('Ingest Template'!K5,"https:",""),"www.",""),"/",""),"?hl=en",""),"instagram.com","")) | V5: ='Ingest Template'!L5 | W5: ='Ingest Template'!M5 | X5: =SUBSTITUTE(SUBSTITUTE(SUBSTITUTE('Ingest Template'!N5,"http:",""),"https:",""),"/","") | Y5: {=IF('Ingest Template'!A5="Standard",(IF(ISBLANK('Ingest Template'!O5),"", 'Ingest Template'!O5&"|DAR")),(IF(ISBLANK('Ingest Template'!O5),"", 'Ingest Template'!O5&"|Film Ops")))} | AA5: ='Ingest Template'!E5 | AC5: {=IF('Ingest Template'!A5="Standard",(CONCATENATE(IF(ISBLANK('Ingest Template'!F5),"", 'Ingest Template'!F5&"|DAR"),CHAR(10), IF(ISBLANK('Ingest Template'!G5),"", 'Ingest Template'!G5&"|DAR"),CHAR(10), IF(ISBLANK('Ingest Template'!H5),"", 'Ingest Template'!H5&"|DAR"))),(CONCATENATE(IF(ISBLANK('Ingest Template'!F5),"", 'Ingest Template'!F5&"|Film Ops"),CHAR(10), IF(ISBLANK('Ingest Template'!G5),"", 'Ingest Template'!G5&"|Film Ops"),CHAR(10), IF(ISBLANK('Ingest Template'!H5),"", 'Ingest Template'!H5&"|Film Ops"))))}
B6: ='Ingest Template'!B6&IF('Ingest Template'!A6 = "Standard", " - DAR","") | C6: Beverages | D6: =CONCATENATE('Ingest Template'!C6,'Ingest Template'!D6) | I6: =iF('Ingest Template'!A6="Standard","Pristine Brand","Unknown") -> Unknown | J6: =iF('Ingest Template'!A6="Standard","LF // Beverages","Competitive View") -> Competitive View | K6: t | R6: f | S6: ='Ingest Template'!J6 | T6: ='Ingest Template'!I6 | U6: =LOWER(SUBSTITUTE(SUBSTITUTE(SUBSTITUTE(SUBSTITUTE(SUBSTITUTE('Ingest Template'!K6,"https:",""),"www.",""),"/",""),"?hl=en",""),"instagram.com","")) | V6: ='Ingest Template'!L6 | W6: ='Ingest Template'!M6 | X6: =SUBSTITUTE(SUBSTITUTE(SUBSTITUTE('Ingest Template'!N6,"http:",""),"https:",""),"/","") | Y6: {=IF('Ingest Template'!A6="Standard",(IF(ISBLANK('Ingest Template'!O6),"", 'Ingest Template'!O6&"|DAR")),(IF(ISBLANK('Ingest Template'!O6),"", 'Ingest Template'!O6&"|Film Ops")))} | AA6: ='Ingest Template'!E6 | AC6: {=IF('Ingest Template'!A6="Standard",(CONCATENATE(IF(ISBLANK('Ingest Template'!F6),"", 'Ingest Template'!F6&"|DAR"),CHAR(10), IF(ISBLANK('Ingest Template'!G6),"", 'Ingest Template'!G6&"|DAR"),CHAR(10), IF(ISBLANK('Ingest Template'!H6),"", 'Ingest Template'!H6&"|DAR"))),(CONCATENATE(IF(ISBLANK('Ingest Template'!F6),"", 'Ingest Template'!F6&"|Film Ops"),CHAR(10), IF(ISBLANK('Ingest Template'!G6),"", 'Ingest Template'!G6&"|Film Ops"),CHAR(10), IF(ISBLANK('Ingest Template'!H6),"", 'Ingest Template'!H6&"|Film Ops"))))}
B7: ='Ingest Template'!B7&IF('Ingest Template'!A7 = "Standard", " - DAR","") | C7: Beverages | D7: =CONCATENATE('Ingest Template'!C7,'Ingest Template'!D7) | I7: =iF('Ingest Template'!A7="Standard","Pristine Brand","Unknown") -> Unknown | J7: =iF('Ingest Template'!A7="Standard","LF // Beverages","Competitive View") -> Competitive View | K7: t | R7: f | S7: ='Ingest Template'!J7 | T7: ='Ingest Template'!I7 | U7: =LOWER(SUBSTITUTE(SUBSTITUTE(SUBSTITUTE(SUBSTITUTE(SUBSTITUTE('Ingest Template'!K7,"https:",""),"www.",""),"/",""),"?hl=en",""),"instagram.com","")) | V7: ='Ingest Template'!L7 | W7: ='Ingest Template'!M7 | X7: =SUBSTITUTE(SUBSTITUTE(SUBSTITUTE('Ingest Template'!N7,"http:",""),"https:",""),"/","") | Y7: {=IF('Ingest Template'!A7="Standard",(IF(ISBLANK('Ingest Template'!O7),"", 'Ingest Template'!O7&"|DAR")),(IF(ISBLANK('Ingest Template'!O7),"", 'Ingest Template'!O7&"|Film Ops")))} | AA7: ='Ingest Template'!E7 | AC7: {=IF('Ingest Template'!A7="Standard",(CONCATENATE(IF(ISBLANK('Ingest Template'!F7),"", 'Ingest Template'!F7&"|DAR"),CHAR(10), IF(ISBLANK('Ingest Template'!G7),"", 'Ingest Template'!G7&"|DAR"),CHAR(10), IF(ISBLANK('Ingest Template'!H7),"", 'Ingest Template'!H7&"|DAR"))),(CONCATENATE(IF(ISBLANK('Ingest Template'!F7),"", 'Ingest Template'!F7&"|Film Ops"),CHAR(10), IF(ISBLANK('Ingest Template'!G7),"", 'Ingest Template'!G7&"|Film Ops"),CHAR(10), IF(ISBLANK('Ingest Template'!H7),"", 'Ingest Template'!H7&"|Film Ops"))))}
B8: ='Ingest Template'!B8&IF('Ingest Template'!A8 = "Standard", " - DAR","") | C8: Beverages | D8: =CONCATENATE('Ingest Template'!C8,'Ingest Template'!D8) | I8: =iF('Ingest Template'!A8="Standard","Pristine Brand","Unknown") -> Unknown | J8: =iF('Ingest Template'!A8="Standard","LF // Beverages","Competitive View") -> Competitive View | K8: t | R8: f | S8: ='Ingest Template'!J8 | T8: ='Ingest Template'!I8 | U8: =LOWER(SUBSTITUTE(SUBSTITUTE(SUBSTITUTE(SUBSTITUTE(SUBSTITUTE('Ingest Template'!K8,"https:",""),"www.",""),"/",""),"?hl=en",""),"instagram.com","")) | V8: ='Ingest Template'!L8 | W8: ='Ingest Template'!M8 | X8: =SUBSTITUTE(SUBSTITUTE(SUBSTITUTE('Ingest Template'!N8,"http:",""),"https:",""),"/","") | Y8: {=IF('Ingest Template'!A8="Standard",(IF(ISBLANK('Ingest Template'!O8),"", 'Ingest Template'!O8&"|DAR")),(IF(ISBLANK('Ingest Template'!O8),"", 'Ingest Template'!O8&"|Film Ops")))} | AA8: ='Ingest Template'!E8 | AC8: {=IF('Ingest Template'!A8="Standard",(CONCATENATE(IF(ISBLANK('Ingest Template'!F8),"", 'Ingest Template'!F8&"|DAR"),CHAR(10), IF(ISBLANK('Ingest Template'!G8),"", 'Ingest Template'!G8&"|DAR"),CHAR(10), IF(ISBLANK('Ingest Template'!H8),"", 'Ingest Template'!H8&"|DAR"))),(CONCATENATE(IF(ISBLANK('Ingest Template'!F8),"", 'Ingest Template'!F8&"|Film Ops"),CHAR(10), IF(ISBLANK('Ingest Template'!G8),"", 'Ingest Template'!G8&"|Film Ops"),CHAR(10), IF(ISBLANK('Ingest Template'!H8),"", 'Ingest Template'!H8&"|Film Ops"))))}
B9: ='Ingest Template'!B9&IF('Ingest Template'!A9 = "Standard", " - DAR","") | C9: Beverages | D9: =CONCATENATE('Ingest Template'!C9,'Ingest Template'!D9) | I9: =iF('Ingest Template'!A9="Standard","Pristine Brand","Unknown") -> Unknown | J9: =iF('Ingest Template'!A9="Standard","LF // Beverages","Competitive View") -> Competitive View | K9: t | R9: f | S9: ='Ingest Template'!J9 | T9: ='Ingest Template'!I9 | U9: =LOWER(SUBSTITUTE(SUBSTITUTE(SUBSTITUTE(SUBSTITUTE(SUBSTITUTE('Ingest Template'!K9,"https:",""),"www.",""),"/",""),"?hl=en",""),"instagram.com","")) | V9: ='Ingest Template'!L9 | W9: ='Ingest Template'!M9 | X9: =SUBSTITUTE(SUBSTITUTE(SUBSTITUTE('Ingest Template'!N9,"http:",""),"https:",""),"/","") | Y9: {=IF('Ingest Template'!A9="Standard",(IF(ISBLANK('Ingest Template'!O9),"", 'Ingest Template'!O9&"|DAR")),(IF(ISBLANK('Ingest Template'!O9),"", 'Ingest Template'!O9&"|Film Ops")))} | AA9: ='Ingest Template'!E9 | AC9: {=IF('Ingest Template'!A9="Standard",(CONCATENATE(IF(ISBLANK('Ingest Template'!F9),"", 'Ingest Template'!F9&"|DAR"),CHAR(10), IF(ISBLANK('Ingest Template'!G9),"", 'Ingest Template'!G9&"|DAR"),CHAR(10), IF(ISBLANK('Ingest Template'!H9),"", 'Ingest Template'!H9&"|DAR"))),(CONCATENATE(IF(ISBLANK('Ingest Template'!F9),"", 'Ingest Template'!F9&"|Film Ops"),CHAR(10), IF(ISBLANK('Ingest Template'!G9),"", 'Ingest Template'!G9&"|Film Ops"),CHAR(10), IF(ISBLANK('Ingest Template'!H9),"", 'Ingest Template'!H9&"|Film Ops"))))}
B10: ='Ingest Template'!B10&IF('Ingest Template'!A10 = "Standard", " - DAR","") | C10: Beverages | D10: =CONCATENATE('Ingest Template'!C10,'Ingest Template'!D10) | I10: =iF('Ingest Template'!A10="Standard","Pristine Brand","Unknown") -> Unknown | J10: =iF('Ingest Template'!A10="Standard","LF // Beverages","Competitive View") -> Competitive View | K10: t | R10: f | S10: ='Ingest Template'!J10 | T10: ='Ingest Template'!I10 | U10: =LOWER(SUBSTITUTE(SUBSTITUTE(SUBSTITUTE(SUBSTITUTE(SUBSTITUTE('Ingest Template'!K10,"https:",""),"www.",""),"/",""),"?hl=en",""),"instagram.com","")) | V10: ='Ingest Template'!L10 | W10: ='Ingest Template'!M10 | X10: =SUBSTITUTE(SUBSTITUTE(SUBSTITUTE('Ingest Template'!N10,"http:",""),"https:",""),"/","") | Y10: {=IF('Ingest Template'!A10="Standard",(IF(ISBLANK('Ingest Template'!O10),"", 'Ingest Template'!O10&"|DAR")),(IF(ISBLANK('Ingest Template'!O10),"", 'Ingest Template'!O10&"|Film Ops")))} | AA10: ='Ingest Template'!E10 | AC10: {=IF('Ingest Template'!A10="Standard",(CONCATENATE(IF(ISBLANK('Ingest Template'!F10),"", 'Ingest Template'!F10&"|DAR"),CHAR(10), IF(ISBLANK('Ingest Template'!G10),"", 'Ingest Template'!G10&"|DAR"),CHAR(10), IF(ISBLANK('Ingest Template'!H10),"", 'Ingest Template'!H10&"|DAR"))),(CONCATENATE(IF(ISBLANK('Ingest Template'!F10),"", 'Ingest Template'!F10&"|Film Ops"),CHAR(10), IF(ISBLANK('Ingest Template'!G10),"", 'Ingest Template'!G10&"|Film Ops"),CHAR(10), IF(ISBLANK('Ingest Template'!H10),"", 'Ingest Template'!H10&"|Film Ops"))))}
B11: ='Ingest Template'!B11&IF('Ingest Template'!A11 = "Standard", " - DAR","") | C11: Beverages | D11: =CONCATENATE('Ingest Template'!C11,'Ingest Template'!D11) | I11: =iF('Ingest Template'!A11="Standard","Pristine Brand","Unknown") -> Unknown | J11: =iF('Ingest Template'!A11="Standard","LF // Beverages","Competitive View") -> Competitive View | K11: t | R11: f | S11: ='Ingest Template'!J11 | T11: ='Ingest Template'!I11 | U11: =LOWER(SUBSTITUTE(SUBSTITUTE(SUBSTITUTE(SUBSTITUTE(SUBSTITUTE('Ingest Template'!K11,"https:",""),"www.",""),"/",""),"?hl=en",""),"instagram.com","")) | V11: ='Ingest Template'!L11 | W11: ='Ingest Template'!M11 | X11: =SUBSTITUTE(SUBSTITUTE(SUBSTITUTE('Ingest Template'!N11,"http:",""),"https:",""),"/","") | Y11: {=IF('Ingest Template'!A11="Standard",(IF(ISBLANK('Ingest Template'!O11),"", 'Ingest Template'!O11&"|DAR")),(IF(ISBLANK('Ingest Template'!O11),"", 'Ingest Template'!O11&"|Film Ops")))} | AA11: ='Ingest Template'!E11 | AC11: {=IF('Ingest Template'!A11="Standard",(CONCATENATE(IF(ISBLANK('Ingest Template'!F11),"", 'Ingest Template'!F11&"|DAR"),CHAR(10), IF(ISBLANK('Ingest Template'!G11),"", 'Ingest Template'!G11&"|DAR"),CHAR(10), IF(ISBLANK('Ingest Template'!H11),"", 'Ingest Template'!H11&"|DAR"))),(CONCATENATE(IF(ISBLANK('Ingest Template'!F11),"", 'Ingest Template'!F11&"|Film Ops"),CHAR(10), IF(ISBLANK('Ingest Template'!G11),"", 'Ingest Template'!G11&"|Film Ops"),CHAR(10), IF(ISBLANK('Ingest Template'!H11),"", 'Ingest Template'!H11&"|Film Ops"))))}
B12: ='Ingest Template'!B12&IF('Ingest Template'!A12 = "Standard", " - DAR","") | C12: Beverages | D12: =CONCATENATE('Ingest Template'!C12,'Ingest Template'!D12) | I12: =iF('Ingest Template'!A12="Standard","Pristine Brand","Unknown") -> Unknown | J12: =iF('Ingest Template'!A12="Standard","LF // Beverages","Competitive View") -> Competitive View | K12: t | R12: f | S12: ='Ingest Template'!J12 | T12: ='Ingest Template'!I12 | U12: =LOWER(SUBSTITUTE(SUBSTITUTE(SUBSTITUTE(SUBSTITUTE(SUBSTITUTE('Ingest Template'!K12,"https:",""),"www.",""),"/",""),"?hl=en",""),"instagram.com","")) | V12: ='Ingest Template'!L12 | W12: ='Ingest Template'!M12 | X12: =SUBSTITUTE(SUBSTITUTE(SUBSTITUTE('Ingest Template'!N12,"http:",""),"https:",""),"/","") | Y12: {=IF('Ingest Template'!A12="Standard",(IF(ISBLANK('Ingest Template'!O12),"", 'Ingest Template'!O12&"|DAR")),(IF(ISBLANK('Ingest Template'!O12),"", 'Ingest Template'!O12&"|Film Ops")))} | AA12: ='Ingest Template'!E12 | AC12: {=IF('Ingest Template'!A12="Standard",(CONCATENATE(IF(ISBLANK('Ingest Template'!F12),"", 'Ingest Template'!F12&"|DAR"),CHAR(10), IF(ISBLANK('Ingest Template'!G12),"", 'Ingest Template'!G12&"|DAR"),CHAR(10), IF(ISBLANK('Ingest Template'!H12),"", 'Ingest Template'!H12&"|DAR"))),(CONCATENATE(IF(ISBLANK('Ingest Template'!F12),"", 'Ingest Template'!F12&"|Film Ops"),CHAR(10), IF(ISBLANK('Ingest Template'!G12),"", 'Ingest Template'!G12&"|Film Ops"),CHAR(10), IF(ISBLANK('Ingest Template'!H12),"", 'Ingest Template'!H12&"|Film Ops"))))}
B13: ='Ingest Template'!B13&IF('Ingest Template'!A13 = "Standard", " - DAR","") | C13: Beverages | D13: =CONCATENATE('Ingest Template'!C13,'Ingest Template'!D13) | I13: =iF('Ingest Template'!A13="Standard","Pristine Brand","Unknown") -> Unknown | J13: =iF('Ingest Template'!A13="Standard","LF // Beverages","Competitive View") -> Competitive View | K13: t | R13: f | S13: ='Ingest Template'!J13 | T13: ='Ingest Template'!I13 | U13: =LOWER(SUBSTITUTE(SUBSTITUTE(SUBSTITUTE(SUBSTITUTE(SUBSTITUTE('Ingest Template'!K13,"https:",""),"www.",""),"/",""),"?hl=en",""),"instagram.com","")) | V13: ='Ingest Template'!L13 | W13: ='Ingest Template'!M13 | X13: =SUBSTITUTE(SUBSTITUTE(SUBSTITUTE('Ingest Template'!N13,"http:",""),"https:",""),"/","") | Y13: {=IF('Ingest Template'!A13="Standard",(IF(ISBLANK('Ingest Template'!O13),"", 'Ingest Template'!O13&"|DAR")),(IF(ISBLANK('Ingest Template'!O13),"", 'Ingest Template'!O13&"|Film Ops")))} | AA13: ='Ingest Template'!E13 | AC13: {=IF('Ingest Template'!A13="Standard",(CONCATENATE(IF(ISBLANK('Ingest Template'!F13),"", 'Ingest Template'!F13&"|DAR"),CHAR(10), IF(ISBLANK('Ingest Template'!G13),"", 'Ingest Template'!G13&"|DAR"),CHAR(10), IF(ISBLANK('Ingest Template'!H13),"", 'Ingest Template'!H13&"|DAR"))),(CONCATENATE(IF(ISBLANK('Ingest Template'!F13),"", 'Ingest Template'!F13&"|Film Ops"),CHAR(10), IF(ISBLANK('Ingest Template'!G13),"", 'Ingest Template'!G13&"|Film Ops"),CHAR(10), IF(ISBLANK('Ingest Template'!H13),"", 'Ingest Template'!H13&"|Film Ops"))))}
... B401: ='Ingest Template'!B401&IF('Ingest Template'!A401 = "Standard", " - DAR","") | C401: Beverages | D401: =CONCATENATE('Ingest Template'!C401,'Ingest Template'!D401) | I401: =iF('Ingest Template'!A401="Standard","Pristine Brand","Unknown") -> Unknown | J401: =iF('Ingest Template'!A401="Standard","LF // Beverages","Competitive View") -> Competitive View | K401: t | R401: f | S401: ='Ingest Template'!J401 | T401: ='Ingest Template'!I401 | U401: =LOWER(SUBSTITUTE(SUBSTITUTE(SUBSTITUTE(SUBSTITUTE(SUBSTITUTE('Ingest Template'!K401,"https:",""),"www.",""),"/",""),"?hl=en",""),"instagram.com","")) | V401: ='Ingest Template'!L401 | W401: ='Ingest Template'!M401 | X401: =SUBSTITUTE(SUBSTITUTE(SUBSTITUTE('Ingest Template'!N401,"http:",""),"https:",""),"/","") | Y401: {=IF('Ingest Template'!A401="Standard",(IF(ISBLANK('Ingest Template'!O401),"", 'Ingest Template'!O401&"|DAR")),(IF(ISBLANK('Ingest Template'!O401),"", 'Ingest Template'!O401&"|Film Ops")))} | AA401: ='Ingest Template'!E401 | AC401: {=IF('Ingest Template'!A401="Standard",(CONCATENATE(IF(ISBLANK('Ingest Template'!F401),"", 'Ingest Template'!F401&"|DAR"),CHAR(10), IF(ISBLANK('Ingest Template'!G401),"", 'Ingest Template'!G401&"|DAR"),CHAR(10), IF(ISBLANK('Ingest Template'!H401),"", 'Ingest Template'!H401&"|DAR"))),(CONCATENATE(IF(ISBLANK('Ingest Template'!F401),"", 'Ingest Template'!F401&"|Film Ops"),CHAR(10), IF(ISBLANK('Ingest Template'!G401),"", 'Ingest Template'!G401&"|Film Ops"),CHAR(10), IF(ISBLANK('Ingest Template'!H401),"", 'Ingest Template'!H401&"|Film Ops"))))}

Sheet Ingest Template
A1: Perspective | B1: Title | C1: Beverage Type | D1: Beverage Company | E1: Wikipedia | F1: Twitter Hashtag 1 | G1: # 2 | H1: # 3 | I1: Twitter Page (URL) | J1: Facebook Page (URL) | K1: Instagram Account (URL) | L1: YouTube (Brand) | M1: TikTok | N1: Tumblr | O1: Pinterest Username

Sheet DropDown
A1: Title Category | B1: Subscriber | C1: Perspective | D1: Brand Sets | E1: Beverage Type | F1: Beverage Company | G1: Company
A2: Beverages | B2: DAR | C2: Extended | D2: Competitive View | E2: Beverage Type - Energy Drinks | F2: Beverage Company - AB InBev | G2: Pristine Brand
B3: Operations - Core Title | C3: Standard | D3: LF // Beverages | E3: Beverage Type - Juices & Shakes | F3: Beverage Company - All Market Inc.
E4: Beverage Type - Water | F4: Beverage Company - Arizona Beverage Company
E5: Beverage Type - Tea | F5: Beverage Company - BA Sports Nutrition
E6: Beverage Type - Coffee | F6: Beverage Company - Bacardi
E7: Beverage Type - Hard Seltzer/RTD Cocktails | F7: Beverage Company - Banfi Vintners
E8: Beverage Type - Cider | F8: Beverage Company - Bell's Brewery
E9: Beverage Type - Spirits | F9: Beverage Company - Britvic
E10: Beverage Type - Wine/Champagne | F10: Beverage Company - Bronco Wine Company
E11: Beverage Type - Sports Drinks | F11: Beverage Company - Brooklyn Bottling Group
E12: Beverage Type - Beer | F12: Beverage Company - Brooklyn Brewery
E13: Beverage Type - Soft Drinks | F13: Beverage Company - Brown-Forman
E14: Beverage Type - Dairy/Alternative | F14: Beverage Company - C&C Group
F15: Beverage Company - Campbell Soup Company
F16: Beverage Company - CANarchy
F17: Beverage Company - Castle Brands
F18: Beverage Company - Celsius Holdings
F19: Beverage Company - Constellation Brands
F20: Beverage Company - D.G. Yuengling & Son
F21: Beverage Company - Danone Group
F22: Beverage Company - Davide Campari
F23: Beverage Company - Deschutes Brewery
F24: Beverage Company - Diageo
F25: Beverage Company - Don Sebastiani & Sons
F26: Beverage Company - Duvel Moortgat
... F96: Beverage Company - Total Beverage Solution
