Workbook

Sheet BDR
A1: brand_id | B1: title | C1: title_category | D1: title_sub_category | E1: genre | F1: primary_genre | G1: rovi_id | H1: ticker_symbol | I1: title_content_windows | J1: companies | K1: brand_set | L1: active | M1: released_on | N1: box_office | O1: street_date | P1: gross_screen | Q1: opening_weekend_box_office | R1: network | S1: brand_listing_hidden | T1: facebook_page | U1: twitter_handle | V1: instagram_user | W1: youtube_channel_username | X1: tiktok_user | Y1: tumblr_page | Z1: pinterest_user_username | AA1: pinterest_board | AB1: wikipedia_page | AC1: rottentomatoes | AD1: imdb_id | AE1: metacritic | AF1: facebook_search_terms | AG1: twitter_search_terms | AH1: instagram_search_terms | AI1: tumblr_search_terms | AJ1: twitter_search_term_keywords | AK1: reddit_search_terms | AL1: youtube_search_terms | AM1: url_managers
B2: ='Ingest Template'!B2&IF('Ingest Template'!A2 = "Standard", " - DAR","") | C2: Movies | D2: {=CONCATENATE(INDEX(DropDown!$H$2:$H$10,MATCH(1,COUNTIF('Ingest Template'!F2,"*"&DropDown!$H$2:$H$10&"*"),0)),CHAR(10),'Ingest Template'!G2)} -> #N/A | E2: =CONCATENATE('Ingest Template'!H2,CHAR(10),'Ingest Template'!I2,CHAR(10),'Ingest Template'!J2) | F2: ='Ingest Template'!H2 | J2: {=iF('Ingest Template'!A2="Standard","Pristine Brand",INDEX(DropDown!$M$2:$M$392,MATCH('Ingest Template'!E2,DropDown!$J$2:$J$392,0)))} -> #N/A | K2: =iF('Ingest Template'!A2="Standard",'Ingest Template'!K2&CHAR(10)&'Ingest Template'!L2,"Competitive View") -> Competitive View | L2: t | M2: ='Ingest Template'!D2 | R2: ='Ingest Template'!E2 | S2: f | T2: ='Ingest Template'!T2 | U2: ='Ingest Template'!S2 | V2: =LOWER(SUBSTITUTE(SUBSTITUTE(SUBSTITUTE(SUBSTITUTE(SUBSTITUTE('Ingest Template'!U2,"https:",""),"www.",""),"/",""),"?hl=en",""),"instagram.com","")) | W2: {=IF('Ingest Template'!V2="",(INDEX(DropDown!$L$2:$L$392,MATCH('Ingest Template'!E2,DropDown!$J$2:$J$392,0))&"|"&'Ingest Template'!B2),(INDEX(DropDown!$L$2:$L$392,MATCH('Ingest Template'!E2,DropDown!$J$2:$J$392,0))&"|"&'Ingest Template'!B2)&CHAR(10)&'Ingest Template'!V2)} -> #N/A | X2: ='Ingest Template'!W2 | Y2: =SUBSTITUTE(SUBSTITUTE(SUBSTITUTE('Ingest Template'!X2,"http:",""),"https:",""),"/","") | Z2: {=IF('Ingest Template'!A2="Standard",(IF(ISBLANK('Ingest Template'!AA2),"", 'Ingest Template'!AA2&"|DAR")),(IF(ISBLANK('Ingest Template'!AA2),"", 'Ingest Template'!AA2&"|Film Ops")))} | AB2: ='Ingest Template'!M2 | AC2: ='Ingest Template'!Y2 | AD2: ='Ingest Template'!C2 | AE2: ='Ingest Template'!Z2 | AG2: {=IF('Ingest Template'!A2="Standard",(CONCATENATE(IF(ISBLANK('Ingest Template'!O2),"", 'Ingest Template'!O2&"|DAR"),CHAR(10), IF(ISBLANK('Ingest Template'!P2),"", 'Ingest Template'!P2&"|DAR"),CHAR(10), IF(ISBLANK('Ingest Template'!Q2),"", 'Ingest Template'!Q2&"|DAR"))),(CONCATENATE(IF(ISBLANK('Ingest Template'!O2),"", 'Ingest Template'!O2&"|Operations - Core Title"),CHAR(10), IF(ISBLANK('Ingest Template'!P2),"", 'Ingest Template'!P2&"|Operations - Core Title"),CHAR(10), IF(ISBLANK('Ingest Template'!Q2),"", 'Ingest Template'!Q2&"|Operations - Core Title"))))} -> #|Operations - Core Title #|Operations - Core Title | AJ2: =if('Ingest Template'!A2="Standard",'Ingest Template'!N2& "|DAR|DAR|2021-01-01",'Ingest Template'!N2& "|Operations - Core Title|Operations - Core Title") -> #N/A | AK2: =if('Ingest Template'!A2="Standard",'Ingest Template'!R2& "|2021-01-01",'Ingest Template'!R2) -> #N/A
B3: ='Ingest Template'!B3&IF('Ingest Template'!A3 = "Standard", " - DAR","") | C3: Movies | D3: {=CONCATENATE(INDEX(DropDown!$H$2:$H$10,MATCH(1,COUNTIF('Ingest Template'!F3,"*"&DropDown!$H$2:$H$10&"*"),0)),CHAR(10),'Ingest Template'!G3)} -> #N/A | E3: =CONCATENATE('Ingest Template'!H3,CHAR(10),'Ingest Template'!I3,CHAR(10),'Ingest Template'!J3) | F3: ='Ingest Template'!H3 | J3: {=iF('Ingest Template'!A3="Standard","Pristine Brand",INDEX(DropDown!$M$2:$M$392,MATCH('Ingest Template'!E3,DropDown!$J$2:$J$392,0)))} -> #N/A | K3: =iF('Ingest Template'!A3="Standard",'Ingest Template'!K3&CHAR(10)&'Ingest Template'!L3,"Competitive View") -> Competitive View | L3: t | M3: ='Ingest Template'!D3 | R3: ='Ingest Template'!E3 | S3: f | T3: ='Ingest Template'!T3 | U3: ='Ingest Template'!S3 | V3: =LOWER(SUBSTITUTE(SUBSTITUTE(SUBSTITUTE(SUBSTITUTE(SUBSTITUTE('Ingest Template'!U3,"https:",""),"www.",""),"/",""),"?hl=en",""),"instagram.com","")) | W3: {=IF('Ingest Template'!V3="",(INDEX(DropDown!$L$2:$L$392,MATCH('Ingest Template'!E3,DropDown!$J$2:$J$392,0))&"|"&'Ingest Template'!B3),(INDEX(DropDown!$L$2:$L$392,MATCH('Ingest Template'!E3,DropDown!$J$2:$J$392,0))&"|"&'Ingest Template'!B3)&CHAR(10)&'Ingest Template'!V3)} -> #N/A | X3: ='Ingest Template'!W3 | Y3: =SUBSTITUTE(SUBSTITUTE(SUBSTITUTE('Ingest Template'!X3,"http:",""),"https:",""),"/","") | Z3: {=IF('Ingest Template'!A3="Standard",(IF(ISBLANK('Ingest Template'!AA3),"", 'Ingest Template'!AA3&"|DAR")),(IF(ISBLANK('Ingest Template'!AA3),"", 'Ingest Template'!AA3&"|Film Ops")))} | AB3: ='Ingest Template'!M3 | AC3: ='Ingest Template'!Y3 | AD3: ='Ingest Template'!C3 | AE3: ='Ingest Template'!Z3 | AG3: {=IF('Ingest Template'!A3="Standard",(CONCATENATE(IF(ISBLANK('Ingest Template'!O3),"", 'Ingest Template'!O3&"|DAR"),CHAR(10), IF(ISBLANK('Ingest Template'!P3),"", 'Ingest Template'!P3&"|DAR"),CHAR(10), IF(ISBLANK('Ingest Template'!Q3),"", 'Ingest Template'!Q3&"|DAR"))),(CONCATENATE(IF(ISBLANK('Ingest Template'!O3),"", 'Ingest Template'!O3&"|Operations - Core Title"),CHAR(10), IF(ISBLANK('Ingest Template'!P3),"", 'Ingest Template'!P3&"|Operations - Core Title"),CHAR(10), IF(ISBLANK('Ingest Template'!Q3),"", 'Ingest Template'!Q3&"|Operations - Core Title"))))} -> #|Operations - Core Title #|Operations - Core Title | AJ3: =if('Ingest Template'!A3="Standard",'Ingest Template'!N3& "|DAR|DAR|2021-01-01",'Ingest Template'!N3& "|Operations - Core Title|Operations - Core Title") -> #N/A | AK3: =if('Ingest Template'!A3="Standard",'Ingest Template'!R3& "|2021-01-01",'Ingest Template'!R3) -> #N/A
B4: ='Ingest Template'!B4&IF('Ingest Template'!A4 = "Standard", " - DAR","") | C4: Movies | D4: {=CONCATENATE(INDEX(DropDown!$H$2:$H$10,MATCH(1,COUNTIF('Ingest Template'!F4,"*"&DropDown!$H$2:$H$10&"*"),0)),CHAR(10),'Ingest Template'!G4)} -> #N/A | E4: =CONCATENATE('Ingest Template'!H4,CHAR(10),'Ingest Template'!I4,CHAR(10),'Ingest Template'!J4) | F4: ='Ingest Template'!H4 | J4: {=iF('Ingest Template'!A4="Standard","Pristine Brand",INDEX(DropDown!$M$2:$M$392,MATCH('Ingest Template'!E4,DropDown!$J$2:$J$392,0)))} -> #N/A | K4: =iF('Ingest Template'!A4="Standard",'Ingest Template'!K4&CHAR(10)&'Ingest Template'!L4,"Competitive View") -> Competitive View | L4: t | M4: ='Ingest Template'!D4 | R4: ='Ingest Template'!E4 | S4: f | T4: ='Ingest Template'!T4 | U4: ='Ingest Template'!S4 | V4: =LOWER(SUBSTITUTE(SUBSTITUTE(SUBSTITUTE(SUBSTITUTE(SUBSTITUTE('Ingest Template'!U4,"https:",""),"www.",""),"/",""),"?hl=en",""),"instagram.com","")) | W4: {=IF('Ingest Template'!V4="",(INDEX(DropDown!$L$2:$L$392,MATCH('Ingest Template'!E4,DropDown!$J$2:$J$392,0))&"|"&'Ingest Template'!B4),(INDEX(DropDown!$L$2:$L$392,MATCH('Ingest Template'!E4,DropDown!$J$2:$J$392,0))&"|"&'Ingest Template'!B4)&CHAR(10)&'Ingest Template'!V4)} -> #N/A | X4: ='Ingest Template'!W4 | Y4: =SUBSTITUTE(SUBSTITUTE(SUBSTITUTE('Ingest Template'!X4,"http:",""),"https:",""),"/","") | Z4: {=IF('Ingest Template'!A4="Standard",(IF(ISBLANK('Ingest Template'!AA4),"", 'Ingest Template'!AA4&"|DAR")),(IF(ISBLANK('Ingest Template'!AA4),"", 'Ingest Template'!AA4&"|Film Ops")))} | AB4: ='Ingest Template'!M4 | AC4: ='Ingest Template'!Y4 | AD4: ='Ingest Template'!C4 | AE4: ='Ingest Template'!Z4 | AG4: {=IF('Ingest Template'!A4="Standard",(CONCATENATE(IF(ISBLANK('Ingest Template'!O4),"", 'Ingest Template'!O4&"|DAR"),CHAR(10), IF(ISBLANK('Ingest Template'!P4),"", 'Ingest Template'!P4&"|DAR"),CHAR(10), IF(ISBLANK('Ingest Template'!Q4),"", 'Ingest Template'!Q4&"|DAR"))),(CONCATENATE(IF(ISBLANK('Ingest Template'!O4),"", 'Ingest Template'!O4&"|Operations - Core Title"),CHAR(10), IF(ISBLANK('Ingest Template'!P4),"", 'Ingest Template'!P4&"|Operations - Core Title"),CHAR(10), IF(ISBLANK('Ingest Template'!Q4),"", 'Ingest Template'!Q4&"|Operations - Core Title"))))} -> #|Operations - Core Title #|Operations - Core Title | AJ4: =if('Ingest Template'!A4="Standard",'Ingest Template'!N4& "|DAR|DAR|2021-01-01",'Ingest Template'!N4& "|Operations - Core Title|Operations - Core Title") -> #N/A | AK4: =if('Ingest Template'!A4="Standard",'Ingest Template'!R4& "|2021-01-01",'Ingest Template'!R4) -> #N/A
B5: ='Ingest Template'!B5&IF('Ingest Template'!A5 = "Standard", " - DAR","") | C5: Movies | D5: {=CONCATENATE(INDEX(DropDown!$H$2:$H$10,MATCH(1,COUNTIF('Ingest Template'!F5,"*"&DropDown!$H$2:$H$10&"*"),0)),CHAR(10),'Ingest Template'!G5)} -> #N/A | E5: =CONCATENATE('Ingest Template'!H5,CHAR(10),'Ingest Template'!I5,CHAR(10),'Ingest Template'!J5) | F5: ='Ingest Template'!H5 | J5: {=iF('Ingest Template'!A5="Standard","Pristine Brand",INDEX(DropDown!$M$2:$M$392,MATCH('Ingest Template'!E5,DropDown!$J$2:$J$392,0)))} -> #N/A | K5: =iF('Ingest Template'!A5="Standard",'Ingest Template'!K5&CHAR(10)&'Ingest Template'!L5,"Competitive View") -> Competitive View | L5: t | M5: ='Ingest Template'!D5 | R5: ='Ingest Template'!E5 | S5: f | T5: ='Ingest Template'!T5 | U5: ='Ingest Template'!S5 | V5: =LOWER(SUBSTITUTE(SUBSTITUTE(SUBSTITUTE(SUBSTITUTE(SUBSTITUTE('Ingest Template'!U5,"https:",""),"www.",""),"/",""),"?hl=en",""),"instagram.com","")) | W5: {=IF('Ingest Template'!V5="",(INDEX(DropDown!$L$2:$L$392,MATCH('Ingest Template'!E5,DropDown!$J$2:$J$392,0))&"|"&'Ingest Template'!B5),(INDEX(DropDown!$L$2:$L$392,MATCH('Ingest Template'!E5,DropDown!$J$2:$J$392,0))&"|"&'Ingest Template'!B5)&CHAR(10)&'Ingest Template'!V5)} -> #N/A | X5: ='Ingest Template'!W5 | Y5: =SUBSTITUTE(SUBSTITUTE(SUBSTITUTE('Ingest Template'!X5,"http:",""),"https:",""),"/","") | Z5: {=IF('Ingest Template'!A5="Standard",(IF(ISBLANK('Ingest Template'!AA5),"", 'Ingest Template'!AA5&"|DAR")),(IF(ISBLANK('Ingest Template'!AA5),"", 'Ingest Template'!AA5&"|Film Ops")))} | AB5: ='Ingest Template'!M5 | AC5: ='Ingest Template'!Y5 | AD5: ='Ingest Template'!C5 | AE5: ='Ingest Template'!Z5 | AG5: {=IF('Ingest Template'!A5="Standard",(CONCATENATE(IF(ISBLANK('Ingest Template'!O5),"", 'Ingest Template'!O5&"|DAR"),CHAR(10), IF(ISBLANK('Ingest Template'!P5),"", 'Ingest Template'!P5&"|DAR"),CHAR(10), IF(ISBLANK('Ingest Template'!Q5),"", 'Ingest Template'!Q5&"|DAR"))),(CONCATENATE(IF(ISBLANK('Ingest Template'!O5),"", 'Ingest Template'!O5&"|Operations - Core Title"),CHAR(10), IF(ISBLANK('Ingest Template'!P5),"", 'Ingest Template'!P5&"|Operations - Core Title"),CHAR(10), IF(ISBLANK('Ingest Template'!Q5),"", 'Ingest Template'!Q5&"|Operations - Core Title"))))} -> #|Operations - Core Title #|Operations - Core Title | AJ5: =if('Ingest Template'!A5="Standard",'Ingest Template'!N5& "|DAR|DAR|2021-01-01",'Ingest Template'!N5& "|Operations - Core Title|Operations - Core Title") -> #N/A | AK5: =if('Ingest Template'!A5="Standard",'Ingest Template'!R5& "|2021-01-01",'Ingest Template'!R5) -> #N/A
B6: ='Ingest Template'!B6&IF('Ingest Template'!A6 = "Standard", " - DAR","") | C6: Movies | D6: {=CONCATENATE(INDEX(DropDown!$H$2:$H$10,MATCH(1,COUNTIF('Ingest Template'!F6,"*"&DropDown!$H$2:$H$10&"*"),0)),CHAR(10),'Ingest Template'!G6)} -> #N/A | E6: =CONCATENATE('Ingest Template'!H6,CHAR(10),'Ingest Template'!I6,CHAR(10),'Ingest Template'!J6) | F6: ='Ingest Template'!H6 | J6: {=iF('Ingest Template'!A6="Standard","Pristine Brand",INDEX(DropDown!$M$2:$M$392,MATCH('Ingest Template'!E6,DropDown!$J$2:$J$392,0)))} -> #N/A | K6: =iF('Ingest Template'!A6="Standard",'Ingest Template'!K6&CHAR(10)&'Ingest Template'!L6,"Competitive View") -> Competitive View | L6: t | M6: ='Ingest Template'!D6 | R6: ='Ingest Template'!E6 | S6: f | T6: ='Ingest Template'!T6 | U6: ='Ingest Template'!S6 | V6: =LOWER(SUBSTITUTE(SUBSTITUTE(SUBSTITUTE(SUBSTITUTE(SUBSTITUTE('Ingest Template'!U6,"https:",""),"www.",""),"/",""),"?hl=en",""),"instagram.com","")) | W6: {=IF('Ingest Template'!V6="",(INDEX(DropDown!$L$2:$L$392,MATCH('Ingest Template'!E6,DropDown!$J$2:$J$392,0))&"|"&'Ingest Template'!B6),(INDEX(DropDown!$L$2:$L$392,MATCH('Ingest Template'!E6,DropDown!$J$2:$J$392,0))&"|"&'Ingest Template'!B6)&CHAR(10)&'Ingest Template'!V6)} -> #N/A | X6: ='Ingest Template'!W6 | Y6: =SUBSTITUTE(SUBSTITUTE(SUBSTITUTE('Ingest Template'!X6,"http:",""),"https:",""),"/","") | Z6: {=IF('Ingest Template'!A6="Standard",(IF(ISBLANK('Ingest Template'!AA6),"", 'Ingest Template'!AA6&"|DAR")),(IF(ISBLANK('Ingest Template'!AA6),"", 'Ingest Template'!AA6&"|Film Ops")))} | AB6: ='Ingest Template'!M6 | AC6: ='Ingest Template'!Y6 | AD6: ='Ingest Template'!C6 | AE6: ='Ingest Template'!Z6 | AG6: {=IF('Ingest Template'!A6="Standard",(CONCATENATE(IF(ISBLANK('Ingest Template'!O6),"", 'Ingest Template'!O6&"|DAR"),CHAR(10), IF(ISBLANK('Ingest Template'!P6),"", 'Ingest Template'!P6&"|DAR"),CHAR(10), IF(ISBLANK('Ingest Template'!Q6),"", 'Ingest Template'!Q6&"|DAR"))),(CONCATENATE(IF(ISBLANK('Ingest Template'!O6),"", 'Ingest Template'!O6&"|Operations - Core Title"),CHAR(10), IF(ISBLANK('Ingest Template'!P6),"", 'Ingest Template'!P6&"|Operations - Core Title"),CHAR(10), IF(ISBLANK('Ingest Template'!Q6),"", 'Ingest Template'!Q6&"|Operations - Core Title"))))} -> #|Operations - Core Title #|Operations - Core Title | AJ6: =if('Ingest Template'!A6="Standard",'Ingest Template'!N6& "|DAR|DAR|2021-01-01",'Ingest Template'!N6& "|Operations - Core Title|Operations - Core Title") -> #N/A | AK6: =if('Ingest Template'!A6="Standard",'Ingest Template'!R6& "|2021-01-01",'Ingest Template'!R6) -> #N/A
B7: ='Ingest Template'!B7&IF('Ingest Template'!A7 = "Standard", " - DAR","") | C7: Movies | D7: {=CONCATENATE(INDEX(DropDown!$H$2:$H$10,MATCH(1,COUNTIF('Ingest Template'!F7,"*"&DropDown!$H$2:$H$10&"*"),0)),CHAR(10),'Ingest Template'!G7)} -> #N/A | E7: =CONCATENATE('Ingest Template'!H7,CHAR(10),'Ingest Template'!I7,CHAR(10),'Ingest Template'!J7) | F7: ='Ingest Template'!H7 | J7: {=iF('Ingest Template'!A7="Standard","Pristine Brand",INDEX(DropDown!$M$2:$M$392,MATCH('Ingest Template'!E7,DropDown!$J$2:$J$392,0)))} -> #N/A | K7: =iF('Ingest Template'!A7="Standard",'Ingest Template'!K7&CHAR(10)&'Ingest Template'!L7,"Competitive View") -> Competitive View | L7: t | M7: ='Ingest Template'!D7 | R7: ='Ingest Template'!E7 | S7: f | T7: ='Ingest Template'!T7 | U7: ='Ingest Template'!S7 | V7: =LOWER(SUBSTITUTE(SUBSTITUTE(SUBSTITUTE(SUBSTITUTE(SUBSTITUTE('Ingest Template'!U7,"https:",""),"www.",""),"/",""),"?hl=en",""),"instagram.com","")) | W7: {=IF('Ingest Template'!V7="",(INDEX(DropDown!$L$2:$L$392,MATCH('Ingest Template'!E7,DropDown!$J$2:$J$392,0))&"|"&'Ingest Template'!B7),(INDEX(DropDown!$L$2:$L$392,MATCH('Ingest Template'!E7,DropDown!$J$2:$J$392,0))&"|"&'Ingest Template'!B7)&CHAR(10)&'Ingest Template'!V7)} -> #N/A | X7: ='Ingest Template'!W7 | Y7: =SUBSTITUTE(SUBSTITUTE(SUBSTITUTE('Ingest Template'!X7,"http:",""),"https:",""),"/","") | Z7: {=IF('Ingest Template'!A7="Standard",(IF(ISBLANK('Ingest Template'!AA7),"", 'Ingest Template'!AA7&"|DAR")),(IF(ISBLANK('Ingest Template'!AA7),"", 'Ingest Template'!AA7&"|Film Ops")))} | AB7: ='Ingest Template'!M7 | AC7: ='Ingest Template'!Y7 | AD7: ='Ingest Template'!C7 | AE7: ='Ingest Template'!Z7 | AG7: {=IF('Ingest Template'!A7="Standard",(CONCATENATE(IF(ISBLANK('Ingest Template'!O7),"", 'Ingest Template'!O7&"|DAR"),CHAR(10), IF(ISBLANK('Ingest Template'!P7),"", 'Ingest Template'!P7&"|DAR"),CHAR(10), IF(ISBLANK('Ingest Template'!Q7),"", 'Ingest Template'!Q7&"|DAR"))),(CONCATENATE(IF(ISBLANK('Ingest Template'!O7),"", 'Ingest Template'!O7&"|Operations - Core Title"),CHAR(10), IF(ISBLANK('Ingest Template'!P7),"", 'Ingest Template'!P7&"|Operations - Core Title"),CHAR(10), IF(ISBLANK('Ingest Template'!Q7),"", 'Ingest Template'!Q7&"|Operations - Core Title"))))} -> #|Operations - Core Title #|Operations - Core Title | AJ7: =if('Ingest Template'!A7="Standard",'Ingest Template'!N7& "|DAR|DAR|2021-01-01",'Ingest Template'!N7& "|Operations - Core Title|Operations - Core Title") -> #N/A | AK7: =if('Ingest Template'!A7="Standard",'Ingest Template'!R7& "|2021-01-01",'Ingest Template'!R7) -> #N/A
B8: ='Ingest Template'!B8&IF('Ingest Template'!A8 = "Standard", " - DAR","") | C8: Movies | D8: {=CONCATENATE(INDEX(DropDown!$H$2:$H$10,MATCH(1,COUNTIF('Ingest Template'!F8,"*"&DropDown!$H$2:$H$10&"*"),0)),CHAR(10),'Ingest Template'!G8)} -> #N/A | E8: =CONCATENATE('Ingest Template'!H8,CHAR(10),'Ingest Template'!I8,CHAR(10),'Ingest Template'!J8) | F8: ='Ingest Template'!H8 | J8: {=iF('Ingest Template'!A8="Standard","Pristine Brand",INDEX(DropDown!$M$2:$M$392,MATCH('Ingest Template'!E8,DropDown!$J$2:$J$392,0)))} -> #N/A | K8: =iF('Ingest Template'!A8="Standard",'Ingest Template'!K8&CHAR(10)&'Ingest Template'!L8,"Competitive View") -> Competitive View | L8: t | M8: ='Ingest Template'!D8 | R8: ='Ingest Template'!E8 | S8: f | T8: ='Ingest Template'!T8 | U8: ='Ingest Template'!S8 | V8: =LOWER(SUBSTITUTE(SUBSTITUTE(SUBSTITUTE(SUBSTITUTE(SUBSTITUTE('Ingest Template'!U8,"https:",""),"www.",""),"/",""),"?hl=en",""),"instagram.com","")) | W8: {=IF('Ingest Template'!V8="",(INDEX(DropDown!$L$2:$L$392,MATCH('Ingest Template'!E8,DropDown!$J$2:$J$392,0))&"|"&'Ingest Template'!B8),(INDEX(DropDown!$L$2:$L$392,MATCH('Ingest Template'!E8,DropDown!$J$2:$J$392,0))&"|"&'Ingest Template'!B8)&CHAR(10)&'Ingest Template'!V8)} -> #N/A | X8: ='Ingest Template'!W8 | Y8: =SUBSTITUTE(SUBSTITUTE(SUBSTITUTE('Ingest Template'!X8,"http:",""),"https:",""),"/","") | Z8: {=IF('Ingest Template'!A8="Standard",(IF(ISBLANK('Ingest Template'!AA8),"", 'Ingest Template'!AA8&"|DAR")),(IF(ISBLANK('Ingest Template'!AA8),"", 'Ingest Template'!AA8&"|Film Ops")))} | AB8: ='Ingest Template'!M8 | AC8: ='Ingest Template'!Y8 | AD8: ='Ingest Template'!C8 | AE8: ='Ingest Template'!Z8 | AG8: {=IF('Ingest Template'!A8="Standard",(CONCATENATE(IF(ISBLANK('Ingest Template'!O8),"", 'Ingest Template'!O8&"|DAR"),CHAR(10), IF(ISBLANK('Ingest Template'!P8),"", 'Ingest Template'!P8&"|DAR"),CHAR(10), IF(ISBLANK('Ingest Template'!Q8),"", 'Ingest Template'!Q8&"|DAR"))),(CONCATENATE(IF(ISBLANK('Ingest Template'!O8),"", 'Ingest Template'!O8&"|Operations - Core Title"),CHAR(10), IF(ISBLANK('Ingest Template'!P8),"", 'Ingest Template'!P8&"|Operations - Core Title"),CHAR(10), IF(ISBLANK('Ingest Template'!Q8),"", 'Ingest Template'!Q8&"|Operations - Core Title"))))} -> #|Operations - Core Title #|Operations - Core Title | AJ8: =if('Ingest Template'!A8="Standard",'Ingest Template'!N8& "|DAR|DAR|2021-01-01",'Ingest Template'!N8& "|Operations - Core Title|Operations - Core Title") -> #N/A | AK8: =if('Ingest Template'!A8="Standard",'Ingest Template'!R8& "|2021-01-01",'Ingest Template'!R8) -> #N/A
B9: ='Ingest Template'!B9&IF('Ingest Template'!A9 = "Standard", " - DAR","") | C9: Movies | D9: {=CONCATENATE(INDEX(DropDown!$H$2:$H$10,MATCH(1,COUNTIF('Ingest Template'!F9,"*"&DropDown!$H$2:$H$10&"*"),0)),CHAR(10),'Ingest Template'!G9)} -> #N/A | E9: =CONCATENATE('Ingest Template'!H9,CHAR(10),'Ingest Template'!I9,CHAR(10),'Ingest Template'!J9) | F9: ='Ingest Template'!H9 | J9: {=iF('Ingest Template'!A9="Standard","Pristine Brand",INDEX(DropDown!$M$2:$M$392,MATCH('Ingest Template'!E9,DropDown!$J$2:$J$392,0)))} -> #N/A | K9: =iF('Ingest Template'!A9="Standard",'Ingest Template'!K9&CHAR(10)&'Ingest Template'!L9,"Competitive View") -> Competitive View | L9: t | M9: ='Ingest Template'!D9 | R9: ='Ingest Template'!E9 | S9: f | T9: ='Ingest Template'!T9 | U9: ='Ingest Template'!S9 | V9: =LOWER(SUBSTITUTE(SUBSTITUTE(SUBSTITUTE(SUBSTITUTE(SUBSTITUTE('Ingest Template'!U9,"https:",""),"www.",""),"/",""),"?hl=en",""),"instagram.com","")) | W9: {=IF('Ingest Template'!V9="",(INDEX(DropDown!$L$2:$L$392,MATCH('Ingest Template'!E9,DropDown!$J$2:$J$392,0))&"|"&'Ingest Template'!B9),(INDEX(DropDown!$L$2:$L$392,MATCH('Ingest Template'!E9,DropDown!$J$2:$J$392,0))&"|"&'Ingest Template'!B9)&CHAR(10)&'Ingest Template'!V9)} -> #N/A | X9: ='Ingest Template'!W9 | Y9: =SUBSTITUTE(SUBSTITUTE(SUBSTITUTE('Ingest Template'!X9,"http:",""),"https:",""),"/","") | Z9: {=IF('Ingest Template'!A9="Standard",(IF(ISBLANK('Ingest Template'!AA9),"", 'Ingest Template'!AA9&"|DAR")),(IF(ISBLANK('Ingest Template'!AA9),"", 'Ingest Template'!AA9&"|Film Ops")))} | AB9: ='Ingest Template'!M9 | AC9: ='Ingest Template'!Y9 | AD9: ='Ingest Template'!C9 | AE9: ='Ingest Template'!Z9 | AG9: {=IF('Ingest Template'!A9="Standard",(CONCATENATE(IF(ISBLANK('Ingest Template'!O9),"", 'Ingest Template'!O9&"|DAR"),CHAR(10), IF(ISBLANK('Ingest Template'!P9),"", 'Ingest Template'!P9&"|DAR"),CHAR(10), IF(ISBLANK('Ingest Template'!Q9),"", 'Ingest Template'!Q9&"|DAR"))),(CONCATENATE(IF(ISBLANK('Ingest Template'!O9),"", 'Ingest Template'!O9&"|Operations - Core Title"),CHAR(10), IF(ISBLANK('Ingest Template'!P9),"", 'Ingest Template'!P9&"|Operations - Core Title"),CHAR(10), IF(ISBLANK('Ingest Template'!Q9),"", 'Ingest Template'!Q9&"|Operations - Core Title"))))} -> #|Operations - Core Title #|Operations - Core Title | AJ9: =if('Ingest Template'!A9="Standard",'Ingest Template'!N9& "|DAR|DAR|2021-01-01",'Ingest Template'!N9& "|Operations - Core Title|Operations - Core Title") -> #N/A | AK9: =if('Ingest Template'!A9="Standard",'Ingest Template'!R9& "|2021-01-01",'Ingest Template'!R9) -> #N/A
B10: ='Ingest Template'!B10&IF('Ingest Template'!A10 = "Standard", " - DAR","") | C10: Movies | D10: {=CONCATENATE(INDEX(DropDown!$H$2:$H$10,MATCH(1,COUNTIF('Ingest Template'!F10,"*"&DropDown!$H$2:$H$10&"*"),0)),CHAR(10),'Ingest Template'!G10)} -> #N/A | E10: =CONCATENATE('Ingest Template'!H10,CHAR(10),'Ingest Template'!I10,CHAR(10),'Ingest Template'!J10) | F10: ='Ingest Template'!H10 | J10: {=iF('Ingest Template'!A10="Standard","Pristine Brand",INDEX(DropDown!$M$2:$M$392,MATCH('Ingest Template'!E10,DropDown!$J$2:$J$392,0)))} -> #N/A | K10: =iF('Ingest Template'!A10="Standard",'Ingest Template'!K10&CHAR(10)&'Ingest Template'!L10,"Competitive View") -> Competitive View | L10: t | M10: ='Ingest Template'!D10 | R10: ='Ingest Template'!E10 | S10: f | T10: ='Ingest Template'!T10 | U10: ='Ingest Template'!S10 | V10: =LOWER(SUBSTITUTE(SUBSTITUTE(SUBSTITUTE(SUBSTITUTE(SUBSTITUTE('Ingest Template'!U10,"https:",""),"www.",""),"/",""),"?hl=en",""),"instagram.com","")) | W10: {=IF('Ingest Template'!V10="",(INDEX(DropDown!$L$2:$L$392,MATCH('Ingest Template'!E10,DropDown!$J$2:$J$392,0))&"|"&'Ingest Template'!B10),(INDEX(DropDown!$L$2:$L$392,MATCH('Ingest Template'!E10,DropDown!$J$2:$J$392,0))&"|"&'Ingest Template'!B10)&CHAR(10)&'Ingest Template'!V10)} -> #N/A | X10: ='Ingest Template'!W10 | Y10: =SUBSTITUTE(SUBSTITUTE(SUBSTITUTE('Ingest Template'!X10,"http:",""),"https:",""),"/","") | Z10: {=IF('Ingest Template'!A10="Standard",(IF(ISBLANK('Ingest Template'!AA10),"", 'Ingest Template'!AA10&"|DAR")),(IF(ISBLANK('Ingest Template'!AA10),"", 'Ingest Template'!AA10&"|Film Ops")))} | AB10: ='Ingest Template'!M10 | AC10: ='Ingest Template'!Y10 | AD10: ='Ingest Template'!C10 | AE10: ='Ingest Template'!Z10 | AG10: {=IF('Ingest Template'!A10="Standard",(CONCATENATE(IF(ISBLANK('Ingest Template'!O10),"", 'Ingest Template'!O10&"|DAR"),CHAR(10), IF(ISBLANK('Ingest Template'!P10),"", 'Ingest Template'!P10&"|DAR"),CHAR(10), IF(ISBLANK('Ingest Template'!Q10),"", 'Ingest Template'!Q10&"|DAR"))),(CONCATENATE(IF(ISBLANK('Ingest Template'!O10),"", 'Ingest Template'!O10&"|Operations - Core Title"),CHAR(10), IF(ISBLANK('Ingest Template'!P10),"", 'Ingest Template'!P10&"|Operations - Core Title"),CHAR(10), IF(ISBLANK('Ingest Template'!Q10),"", 'Ingest Template'!Q10&"|Operations - Core Title"))))} -> #|Operations - Core Title #|Operations - Core Title | AJ10: =if('Ingest Template'!A10="Standard",'Ingest Template'!N10& "|DAR|DAR|2021-01-01",'Ingest Template'!N10& "|Operations - Core Title|Operations - Core Title") -> #N/A | AK10: =if('Ingest Template'!A10="Standard",'Ingest Template'!R10& "|2021-01-01",'Ingest Template'!R10) -> #N/A
B11: ='Ingest Template'!B11&IF('Ingest Template'!A11 = "Standard", " - DAR","") | C11: Movies | D11: {=CONCATENATE(INDEX(DropDown!$H$2:$H$10,MATCH(1,COUNTIF('Ingest Template'!F11,"*"&DropDown!$H$2:$H$10&"*"),0)),CHAR(10),'Ingest Template'!G11)} -> #N/A | E11: =CONCATENATE('Ingest Template'!H11,CHAR(10),'Ingest Template'!I11,CHAR(10),'Ingest Template'!J11) | F11: ='Ingest Template'!H11 | J11: {=iF('Ingest Template'!A11="Standard","Pristine Brand",INDEX(DropDown!$M$2:$M$392,MATCH('Ingest Template'!E11,DropDown!$J$2:$J$392,0)))} -> #N/A | K11: =iF('Ingest Template'!A11="Standard",'Ingest Template'!K11&CHAR(10)&'Ingest Template'!L11,"Competitive View") -> Competitive View | L11: t | M11: ='Ingest Template'!D11 | R11: ='Ingest Template'!E11 | S11: f | T11: ='Ingest Template'!T11 | U11: ='Ingest Template'!S11 | V11: =LOWER(SUBSTITUTE(SUBSTITUTE(SUBSTITUTE(SUBSTITUTE(SUBSTITUTE('Ingest Template'!U11,"https:",""),"www.",""),"/",""),"?hl=en",""),"instagram.com","")) | W11: {=IF('Ingest Template'!V11="",(INDEX(DropDown!$L$2:$L$392,MATCH('Ingest Template'!E11,DropDown!$J$2:$J$392,0))&"|"&'Ingest Template'!B11),(INDEX(DropDown!$L$2:$L$392,MATCH('Ingest Template'!E11,DropDown!$J$2:$J$392,0))&"|"&'Ingest Template'!B11)&CHAR(10)&'Ingest Template'!V11)} -> #N/A | X11: ='Ingest Template'!W11 | Y11: =SUBSTITUTE(SUBSTITUTE(SUBSTITUTE('Ingest Template'!X11,"http:",""),"https:",""),"/","") | Z11: {=IF('Ingest Template'!A11="Standard",(IF(ISBLANK('Ingest Template'!AA11),"", 'Ingest Template'!AA11&"|DAR")),(IF(ISBLANK('Ingest Template'!AA11),"", 'Ingest Template'!AA11&"|Film Ops")))} | AB11: ='Ingest Template'!M11 | AC11: ='Ingest Template'!Y11 | AD11: ='Ingest Template'!C11 | AE11: ='Ingest Template'!Z11 | AG11: {=IF('Ingest Template'!A11="Standard",(CONCATENATE(IF(ISBLANK('Ingest Template'!O11),"", 'Ingest Template'!O11&"|DAR"),CHAR(10), IF(ISBLANK('Ingest Template'!P11),"", 'Ingest Template'!P11&"|DAR"),CHAR(10), IF(ISBLANK('Ingest Template'!Q11),"", 'Ingest Template'!Q11&"|DAR"))),(CONCATENATE(IF(ISBLANK('Ingest Template'!O11),"", 'Ingest Template'!O11&"|Operations - Core Title"),CHAR(10), IF(ISBLANK('Ingest Template'!P11),"", 'Ingest Template'!P11&"|Operations - Core Title"),CHAR(10), IF(ISBLANK('Ingest Template'!Q11),"", 'Ingest Template'!Q11&"|Operations - Core Title"))))} -> #|Operations - Core Title #|Operations - Core Title | AJ11: =if('Ingest Template'!A11="Standard",'Ingest Template'!N11& "|DAR|DAR|2021-01-01",'Ingest Template'!N11& "|Operations - Core Title|Operations - Core Title") -> #N/A | AK11: =if('Ingest Template'!A11="Standard",'Ingest Template'!R11& "|2021-01-01",'Ingest Template'!R11) -> #N/A
B12: ='Ingest Template'!B12&IF('Ingest Template'!A12 = "Standard", " - DAR","") | C12: Movies | D12: {=CONCATENATE(INDEX(DropDown!$H$2:$H$10,MATCH(1,COUNTIF('Ingest Template'!F12,"*"&DropDown!$H$2:$H$10&"*"),0)),CHAR(10),'Ingest Template'!G12)} -> #N/A | E12: =CONCATENATE('Ingest Template'!H12,CHAR(10),'Ingest Template'!I12,CHAR(10),'Ingest Template'!J12) | F12: ='Ingest Template'!H12 | J12: {=iF('Ingest Template'!A12="Standard","Pristine Brand",INDEX(DropDown!$M$2:$M$392,MATCH('Ingest Template'!E12,DropDown!$J$2:$J$392,0)))} -> #N/A | K12: =iF('Ingest Template'!A12="Standard",'Ingest Template'!K12&CHAR(10)&'Ingest Template'!L12,"Competitive View") -> Competitive View | L12: t | M12: ='Ingest Template'!D12 | R12: ='Ingest Template'!E12 | S12: f | T12: ='Ingest Template'!T12 | U12: ='Ingest Template'!S12 | V12: =LOWER(SUBSTITUTE(SUBSTITUTE(SUBSTITUTE(SUBSTITUTE(SUBSTITUTE('Ingest Template'!U12,"https:",""),"www.",""),"/",""),"?hl=en",""),"instagram.com","")) | W12: {=IF('Ingest Template'!V12="",(INDEX(DropDown!$L$2:$L$392,MATCH('Ingest Template'!E12,DropDown!$J$2:$J$392,0))&"|"&'Ingest Template'!B12),(INDEX(DropDown!$L$2:$L$392,MATCH('Ingest Template'!E12,DropDown!$J$2:$J$392,0))&"|"&'Ingest Template'!B12)&CHAR(10)&'Ingest Template'!V12)} -> #N/A | X12: ='Ingest Template'!W12 | Y12: =SUBSTITUTE(SUBSTITUTE(SUBSTITUTE('Ingest Template'!X12,"http:",""),"https:",""),"/","") | Z12: {=IF('Ingest Template'!A12="Standard",(IF(ISBLANK('Ingest Template'!AA12),"", 'Ingest Template'!AA12&"|DAR")),(IF(ISBLANK('Ingest Template'!AA12),"", 'Ingest Template'!AA12&"|Film Ops")))} | AB12: ='Ingest Template'!M12 | AC12: ='Ingest Template'!Y12 | AD12: ='Ingest Template'!C12 | AE12: ='Ingest Template'!Z12 | AG12: {=IF('Ingest Template'!A12="Standard",(CONCATENATE(IF(ISBLANK('Ingest Template'!O12),"", 'Ingest Template'!O12&"|DAR"),CHAR(10), IF(ISBLANK('Ingest Template'!P12),"", 'Ingest Template'!P12&"|DAR"),CHAR(10), IF(ISBLANK('Ingest Template'!Q12),"", 'Ingest Template'!Q12&"|DAR"))),(CONCATENATE(IF(ISBLANK('Ingest Template'!O12),"", 'Ingest Template'!O12&"|Operations - Core Title"),CHAR(10), IF(ISBLANK('Ingest Template'!P12),"", 'Ingest Template'!P12&"|Operations - Core Title"),CHAR(10), IF(ISBLANK('Ingest Template'!Q12),"", 'Ingest Template'!Q12&"|Operations - Core Title"))))} -> #|Operations - Core Title #|Operations - Core Title | AJ12: =if('Ingest Template'!A12="Standard",'Ingest Template'!N12& "|DAR|DAR|2021-01-01",'Ingest Template'!N12& "|Operations - Core Title|Operations - Core Title") -> #N/A | AK12: =if('Ingest Template'!A12="Standard",'Ingest Template'!R12& "|2021-01-01",'Ingest Template'!R12) -> #N/A
B13: ='Ingest Template'!B13&IF('Ingest Template'!A13 = "Standard", " - DAR","") | C13: Movies | D13: {=CONCATENATE(INDEX(DropDown!$H$2:$H$10,MATCH(1,COUNTIF('Ingest Template'!F13,"*"&DropDown!$H$2:$H$10&"*"),0)),CHAR(10),'Ingest Template'!G13)} -> #N/A | E13: =CONCATENATE('Ingest Template'!H13,CHAR(10),'Ingest Template'!I13,CHAR(10),'Ingest Template'!J13) | F13: ='Ingest Template'!H13 | J13: {=iF('Ingest Template'!A13="Standard","Pristine Brand",INDEX(DropDown!$M$2:$M$392,MATCH('Ingest Template'!E13,DropDown!$J$2:$J$392,0)))} -> #N/A | K13: =iF('Ingest Template'!A13="Standard",'Ingest Template'!K13&CHAR(10)&'Ingest Template'!L13,"Competitive View") -> Competitive View | L13: t | M13: ='Ingest Template'!D13 | R13: ='Ingest Template'!E13 | S13: f | T13: ='Ingest Template'!T13 | U13: ='Ingest Template'!S13 | V13: =LOWER(SUBSTITUTE(SUBSTITUTE(SUBSTITUTE(SUBSTITUTE(SUBSTITUTE('Ingest Template'!U13,"https:",""),"www.",""),"/",""),"?hl=en",""),"instagram.com","")) | W13: {=IF('Ingest Template'!V13="",(INDEX(DropDown!$L$2:$L$392,MATCH('Ingest Template'!E13,DropDown!$J$2:$J$392,0))&"|"&'Ingest Template'!B13),(INDEX(DropDown!$L$2:$L$392,MATCH('Ingest Template'!E13,DropDown!$J$2:$J$392,0))&"|"&'Ingest Template'!B13)&CHAR(10)&'Ingest Template'!V13)} -> #N/A | X13: ='Ingest Template'!W13 | Y13: =SUBSTITUTE(SUBSTITUTE(SUBSTITUTE('Ingest Template'!X13,"http:",""),"https:",""),"/","") | Z13: {=IF('Ingest Template'!A13="Standard",(IF(ISBLANK('Ingest Template'!AA13),"", 'Ingest Template'!AA13&"|DAR")),(IF(ISBLANK('Ingest Template'!AA13),"", 'Ingest Template'!AA13&"|Film Ops")))} | AB13: ='Ingest Template'!M13 | AC13: ='Ingest Template'!Y13 | AD13: ='Ingest Template'!C13 | AE13: ='Ingest Template'!Z13 | AG13: {=IF('Ingest Template'!A13="Standard",(CONCATENATE(IF(ISBLANK('Ingest Template'!O13),"", 'Ingest Template'!O13&"|DAR"),CHAR(10), IF(ISBLANK('Ingest Template'!P13),"", 'Ingest Template'!P13&"|DAR"),CHAR(10), IF(ISBLANK('Ingest Template'!Q13),"", 'Ingest Template'!Q13&"|DAR"))),(CONCATENATE(IF(ISBLANK('Ingest Template'!O13),"", 'Ingest Template'!O13&"|Operations - Core Title"),CHAR(10), IF(ISBLANK('Ingest Template'!P13),"", 'Ingest Template'!P13&"|Operations - Core Title"),CHAR(10), IF(ISBLANK('Ingest Template'!Q13),"", 'Ingest Template'!Q13&"|Operations - Core Title"))))} -> #|Operations - Core Title #|Operations - Core Title | AJ13: =if('Ingest Template'!A13="Standard",'Ingest Template'!N13& "|DAR|DAR|2021-01-01",'Ingest Template'!N13& "|Operations - Core Title|Operations - Core Title") -> #N/A | AK13: =if('Ingest Template'!A13="Standard",'Ingest Template'!R13& "|2021-01-01",'Ingest Template'!R13) -> #N/A
... B1000: ='Ingest Template'!B1000&IF('Ingest Template'!A1000 = "Standard", " - DAR","") | C1000: Movies | D1000: {=CONCATENATE(INDEX(DropDown!$H$2:$H$10,MATCH(1,COUNTIF('Ingest Template'!F1000,"*"&DropDown!$H$2:$H$10&"*"),0)),CHAR(10),'Ingest Template'!G1000)} -> #N/A | E1000: =CONCATENATE('Ingest Template'!H1000,CHAR(10),'Ingest Template'!I1000,CHAR(10),'Ingest Template'!J1000) | F1000: ='Ingest Template'!H1000 | J1000: {=iF('Ingest Template'!A1000="Standard","Pristine Brand",INDEX(DropDown!$M$2:$M$392,MATCH('Ingest Template'!E1000,DropDown!$J$2:$J$392,0)))} -> #N/A | K1000: =iF('Ingest Template'!A1000="Standard",'Ingest Template'!K1000&CHAR(10)&'Ingest Template'!L1000,"Competitive View") -> Competitive View | L1000: t | M1000: ='Ingest Template'!D1000 | R1000: ='Ingest Template'!E1000 | S1000: f | T1000: ='Ingest Template'!T1000 | U1000: ='Ingest Template'!S1000 | V1000: =LOWER(SUBSTITUTE(SUBSTITUTE(SUBSTITUTE(SUBSTITUTE(SUBSTITUTE('Ingest Template'!U1000,"https:",""),"www.",""),"/",""),"?hl=en",""),"instagram.com","")) | W1000: {=IF('Ingest Template'!V1000="",(INDEX(DropDown!$L$2:$L$392,MATCH('Ingest Template'!E1000,DropDown!$J$2:$J$392,0))&"|"&'Ingest Template'!B1000),(INDEX(DropDown!$L$2:$L$392,MATCH('Ingest Template'!E1000,DropDown!$J$2:$J$392,0))&"|"&'Ingest Template'!B1000)&CHAR(10)&'Ingest Template'!V1000)} -> #N/A | X1000: ='Ingest Template'!W1000 | Y1000: =SUBSTITUTE(SUBSTITUTE(SUBSTITUTE('Ingest Template'!X1000,"http:",""),"https:",""),"/","") | Z1000: {=IF('Ingest Template'!A1000="Standard",(IF(ISBLANK('Ingest Template'!AA1000),"", 'Ingest Template'!AA1000&"|DAR")),(IF(ISBLANK('Ingest Template'!AA1000),"", 'Ingest Template'!AA1000&"|Film Ops")))} | AB1000: ='Ingest Template'!M1000 | AC1000: ='Ingest Template'!Y1000 | AD1000: ='Ingest Template'!C1000 | AE1000: ='Ingest Template'!Z1000 | AG1000: {=IF('Ingest Template'!A1000="Standard",(CONCATENATE(IF(ISBLANK('Ingest Template'!O1000),"", 'Ingest Template'!O1000&"|DAR"),CHAR(10), IF(ISBLANK('Ingest Template'!P1000),"", 'Ingest Template'!P1000&"|DAR"),CHAR(10), IF(ISBLANK('Ingest Template'!Q1000),"", 'Ingest Template'!Q1000&"|DAR"))),(CONCATENATE(IF(ISBLANK('Ingest Template'!O1000),"", 'Ingest Template'!O1000&"|Operations - Core Title"),CHAR(10), IF(ISBLANK('Ingest Template'!P1000),"", 'Ingest Template'!P1000&"|Operations - Core Title"),CHAR(10), IF(ISBLANK('Ingest Template'!Q1000),"", 'Ingest Template'!Q1000&"|Operations - Core Title"))))} -> #|Operations - Core Title #|Operations - Core Title | AJ1000: =if('Ingest Template'!A1000="Standard",'Ingest Template'!N1000& "|DAR|DAR|2021-01-01",'Ingest Template'!N1000& "|Operations - Core Title|Operations - Core Title") -> #N/A | AK1000: =if('Ingest Template'!A1000="Standard",'Ingest Template'!R1000& "|2021-01-01",'Ingest Template'!R1000) -> #N/A

Sheet Ingest Template
A1: Perspective | B1: Title Name | C1: IMDB URL | D1: Release Date | E1: Studio | F1: Release Type | G1: Studio Type | H1: Genre 1 | I1: Genre 2 | J1: Genre 3 | K1: Film Brand Sets | L1: Media Conglomerate Brand Sets | M1: Wikipedia | N1: Twitter Keyword (Search String) | O1: Twitter Hashtag 1 | P1: # 2 | Q1: # 3 | R1: Reddit Keyword (Search String) | S1: Twitter Page (URL) | T1: Facebook Page (URL) | U1: Instagram Account (URL) | V1: YouTube (Brand) | W1: TikTok | X1: Tumblr | Y1: Rotten Tomatoes | Z1: Metacritic | AA1: Pinterest Username
G2: =VLOOKUP(E2,DropDown!J:K,2,FALSE) -> #N/A | K2: LF // Film - Majors + Independents | N2: ="("""&B2&""") ("&Vlookup(E2,DropDown!J:N,5,FALSE)&" OR """ &YEAR(D2) & """ OR ""All New"" OR Episode OR Watch OR tv OR Show OR Series OR season OR binge OR Stream OR Film OR Movie OR Premiere OR Screening OR Feature OR Trailer OR Teaser OR theater OR release)" -> #N/A | O2: =Substitute(Substitute(Substitute(Substitute(Substitute(Substitute(Substitute(Substitute(Substitute(Substitute(Substitute(Substitute("#" & B2, " ", ""), ":", ""), "," ,""), "-", ""), "!", ""), "'", ""), ".", ""), "&", "and"), "+", "plus"), "\", ""), "(", ""), ")", "") -> # | P2: =Substitute(Substitute(Substitute(Substitute(Substitute(Substitute(Substitute(Substitute(Substitute(Substitute(Substitute(Substitute(Substitute("#" & B2 &E2, " ", ""), ":", ""), ",", ""), "/" ,""), "-", ""), "!", ""), "'", ""), ".", ""), "&", "and"), "+", "plus"), "\", ""), "(", ""), ")", "") -> # | R2: ="("""&B2&""") ("&Vlookup(E2,DropDown!R:V,5,FALSE)&IF(ISBLANK(D2)," | "," "&"OR """&YEAR(D2)&""" | ") & """All New"" | Episode | Watch | tv | Show | Series | season | binge | Stream | Film | Movie | Premiere | Screening | Feature | Trailer | Teaser | theater | release)" -> #N/A
G3: =VLOOKUP(E3,DropDown!J:K,2,FALSE) -> #N/A | K3: LF // Film - Majors + Independents | N3: ="("""&B3&""") ("&Vlookup(E3,DropDown!J:N,5,FALSE)&" OR """ &YEAR(D3) & """ OR ""All New"" OR Episode OR Watch OR tv OR Show OR Series OR season OR binge OR Stream OR Film OR Movie OR Premiere OR Screening OR Feature OR Trailer OR Teaser OR theater OR release)" -> #N/A | O3: =Substitute(Substitute(Substitute(Substitute(Substitute(Substitute(Substitute(Substitute(Substitute(Substitute(Substitute(Substitute("#" & B3, " ", ""), ":", ""), "," ,""), "-", ""), "!", ""), "'", ""), ".", ""), "&", "and"), "+", "plus"), "\", ""), "(", ""), ")", "") -> # | P3: =Substitute(Substitute(Substitute(Substitute(Substitute(Substitute(Substitute(Substitute(Substitute(Substitute(Substitute(Substitute(Substitute("#" & B3 &E3, " ", ""), ":", ""), ",", ""), "/" ,""), "-", ""), "!", ""), "'", ""), ".", ""), "&", "and"), "+", "plus"), "\", ""), "(", ""), ")", "") -> # | R3: ="("""&B3&""") ("&Vlookup(E3,DropDown!R:V,5,FALSE)&IF(ISBLANK(D3)," | "," "&"OR """&YEAR(D3)&""" | ") & """All New"" | Episode | Watch | tv | Show | Series | season | binge | Stream | Film | Movie | Premiere | Screening | Feature | Trailer | Teaser | theater | release)" -> #N/A
G4: =VLOOKUP(E4,DropDown!J:K,2,FALSE) -> #N/A | K4: LF // Film - Majors + Independents | N4: ="("""&B4&""") ("&Vlookup(E4,DropDown!J:N,5,FALSE)&" OR """ &YEAR(D4) & """ OR ""All New"" OR Episode OR Watch OR tv OR Show OR Series OR season OR binge OR Stream OR Film OR Movie OR Premiere OR Screening OR Feature OR Trailer OR Teaser OR theater OR release)" -> #N/A | O4: =Substitute(Substitute(Substitute(Substitute(Substitute(Substitute(Substitute(Substitute(Substitute(Substitute(Substitute(Substitute("#" & B4, " ", ""), ":", ""), "," ,""), "-", ""), "!", ""), "'", ""), ".", ""), "&", "and"), "+", "plus"), "\", ""), "(", ""), ")", "") -> # | P4: =Substitute(Substitute(Substitute(Substitute(Substitute(Substitute(Substitute(Substitute(Substitute(Substitute(Substitute(Substitute(Substitute("#" & B4 &E4, " ", ""), ":", ""), ",", ""), "/" ,""), "-", ""), "!", ""), "'", ""), ".", ""), "&", "and"), "+", "plus"), "\", ""), "(", ""), ")", "") -> # | R4: ="("""&B4&""") ("&Vlookup(E4,DropDown!R:V,5,FALSE)&IF(ISBLANK(D4)," | "," "&"OR """&YEAR(D4)&""" | ") & """All New"" | Episode | Watch | tv | Show | Series | season | binge | Stream | Film | Movie | Premiere | Screening | Feature | Trailer | Teaser | theater | release)" -> #N/A
G5: =VLOOKUP(E5,DropDown!J:K,2,FALSE) -> #N/A | K5: LF // Film - Majors + Independents | N5: ="("""&B5&""") ("&Vlookup(E5,DropDown!J:N,5,FALSE)&" OR """ &YEAR(D5) & """ OR ""All New"" OR Episode OR Watch OR tv OR Show OR Series OR season OR binge OR Stream OR Film OR Movie OR Premiere OR Screening OR Feature OR Trailer OR Teaser OR theater OR release)" -> #N/A | O5: =Substitute(Substitute(Substitute(Substitute(Substitute(Substitute(Substitute(Substitute(Substitute(Substitute(Substitute(Substitute("#" & B5, " ", ""), ":", ""), "," ,""), "-", ""), "!", ""), "'", ""), ".", ""), "&", "and"), "+", "plus"), "\", ""), "(", ""), ")", "") -> # | P5: =Substitute(Substitute(Substitute(Substitute(Substitute(Substitute(Substitute(Substitute(Substitute(Substitute(Substitute(Substitute(Substitute("#" & B5 &E5, " ", ""), ":", ""), ",", ""), "/" ,""), "-", ""), "!", ""), "'", ""), ".", ""), "&", "and"), "+", "plus"), "\", ""), "(", ""), ")", "") -> # | R5: ="("""&B5&""") ("&Vlookup(E5,DropDown!R:V,5,FALSE)&IF(ISBLANK(D5)," | "," "&"OR """&YEAR(D5)&""" | ") & """All New"" | Episode | Watch | tv | Show | Series | season | binge | Stream | Film | Movie | Premiere | Screening | Feature | Trailer | Teaser | theater | release)" -> #N/A
G6: =VLOOKUP(E6,DropDown!J:K,2,FALSE) -> #N/A | K6: LF // Film - Majors + Independents | N6: ="("""&B6&""") ("&Vlookup(E6,DropDown!J:N,5,FALSE)&" OR """ &YEAR(D6) & """ OR ""All New"" OR Episode OR Watch OR tv OR Show OR Series OR season OR binge OR Stream OR Film OR Movie OR Premiere OR Screening OR Feature OR Trailer OR Teaser OR theater OR release)" -> #N/A | O6: =Substitute(Substitute(Substitute(Substitute(Substitute(Substitute(Substitute(Substitute(Substitute(Substitute(Substitute(Substitute("#" & B6, " ", ""), ":", ""), "," ,""), "-", ""), "!", ""), "'", ""), ".", ""), "&", "and"), "+", "plus"), "\", ""), "(", ""), ")", "") -> # | P6: =Substitute(Substitute(Substitute(Substitute(Substitute(Substitute(Substitute(Substitute(Substitute(Substitute(Substitute(Substitute(Substitute("#" & B6 &E6, " ", ""), ":", ""), ",", ""), "/" ,""), "-", ""), "!", ""), "'", ""), ".", ""), "&", "and"), "+", "plus"), "\", ""), "(", ""), ")", "") -> # | R6: ="("""&B6&""") ("&Vlookup(E6,DropDown!R:V,5,FALSE)&IF(ISBLANK(D6)," | "," "&"OR """&YEAR(D6)&""" | ") & """All New"" | Episode | Watch | tv | Show | Series | season | binge | Stream | Film | Movie | Premiere | Screening | Feature | Trailer | Teaser | theater | release)" -> #N/A
G7: =VLOOKUP(E7,DropDown!J:K,2,FALSE) -> #N/A | K7: LF // Film - Majors + Independents | N7: ="("""&B7&""") ("&Vlookup(E7,DropDown!J:N,5,FALSE)&" OR """ &YEAR(D7) & """ OR ""All New"" OR Episode OR Watch OR tv OR Show OR Series OR season OR binge OR Stream OR Film OR Movie OR Premiere OR Screening OR Feature OR Trailer OR Teaser OR theater OR release)" -> #N/A | O7: =Substitute(Substitute(Substitute(Substitute(Substitute(Substitute(Substitute(Substitute(Substitute(Substitute(Substitute(Substitute("#" & B7, " ", ""), ":", ""), "," ,""), "-", ""), "!", ""), "'", ""), ".", ""), "&", "and"), "+", "plus"), "\", ""), "(", ""), ")", "") -> # | P7: =Substitute(Substitute(Substitute(Substitute(Substitute(Substitute(Substitute(Substitute(Substitute(Substitute(Substitute(Substitute(Substitute("#" & B7 &E7, " ", ""), ":", ""), ",", ""), "/" ,""), "-", ""), "!", ""), "'", ""), ".", ""), "&", "and"), "+", "plus"), "\", ""), "(", ""), ")", "") -> # | R7: ="("""&B7&""") ("&Vlookup(E7,DropDown!R:V,5,FALSE)&IF(ISBLANK(D7)," | "," "&"OR """&YEAR(D7)&""" | ") & """All New"" | Episode | Watch | tv | Show | Series | season | binge | Stream | Film | Movie | Premiere | Screening | Feature | Trailer | Teaser | theater | release)" -> #N/A
G8: =VLOOKUP(E8,DropDown!J:K,2,FALSE) -> #N/A | K8: LF // Film - Majors + Independents | N8: ="("""&B8&""") ("&Vlookup(E8,DropDown!J:N,5,FALSE)&" OR """ &YEAR(D8) & """ OR ""All New"" OR Episode OR Watch OR tv OR Show OR Series OR season OR binge OR Stream OR Film OR Movie OR Premiere OR Screening OR Feature OR Trailer OR Teaser OR theater OR release)" -> #N/A | O8: =Substitute(Substitute(Substitute(Substitute(Substitute(Substitute(Substitute(Substitute(Substitute(Substitute(Substitute(Substitute("#" & B8, " ", ""), ":", ""), "," ,""), "-", ""), "!", ""), "'", ""), ".", ""), "&", "and"), "+", "plus"), "\", ""), "(", ""), ")", "") -> # | P8: =Substitute(Substitute(Substitute(Substitute(Substitute(Substitute(Substitute(Substitute(Substitute(Substitute(Substitute(Substitute(Substitute("#" & B8 &E8, " ", ""), ":", ""), ",", ""), "/" ,""), "-", ""), "!", ""), "'", ""), ".", ""), "&", "and"), "+", "plus"), "\", ""), "(", ""), ")", "") -> # | R8: ="("""&B8&""") ("&Vlookup(E8,DropDown!R:V,5,FALSE)&IF(ISBLANK(D8)," | "," "&"OR """&YEAR(D8)&""" | ") & """All New"" | Episode | Watch | tv | Show | Series | season | binge | Stream | Film | Movie | Premiere | Screening | Feature | Trailer | Teaser | theater | release)" -> #N/A
G9: =VLOOKUP(E9,DropDown!J:K,2,FALSE) -> #N/A | K9: LF // Film - Majors + Independents | N9: ="("""&B9&""") ("&Vlookup(E9,DropDown!J:N,5,FALSE)&" OR """ &YEAR(D9) & """ OR ""All New"" OR Episode OR Watch OR tv OR Show OR Series OR season OR binge OR Stream OR Film OR Movie OR Premiere OR Screening OR Feature OR Trailer OR Teaser OR theater OR release)" -> #N/A | O9: =Substitute(Substitute(Substitute(Substitute(Substitute(Substitute(Substitute(Substitute(Substitute(Substitute(Substitute(Substitute("#" & B9, " ", ""), ":", ""), "," ,""), "-", ""), "!", ""), "'", ""), ".", ""), "&", "and"), "+", "plus"), "\", ""), "(", ""), ")", "") -> # | P9: =Substitute(Substitute(Substitute(Substitute(Substitute(Substitute(Substitute(Substitute(Substitute(Substitute(Substitute(Substitute(Substitute("#" & B9 &E9, " ", ""), ":", ""), ",", ""), "/" ,""), "-", ""), "!", ""), "'", ""), ".", ""), "&", "and"), "+", "plus"), "\", ""), "(", ""), ")", "") -> # | R9: ="("""&B9&""") ("&Vlookup(E9,DropDown!R:V,5,FALSE)&IF(ISBLANK(D9)," | "," "&"OR """&YEAR(D9)&""" | ") & """All New"" | Episode | Watch | tv | Show | Series | season | binge | Stream | Film | Movie | Premiere | Screening | Feature | Trailer | Teaser | theater | release)" -> #N/A
G10: =VLOOKUP(E10,DropDown!J:K,2,FALSE) -> #N/A | K10: LF // Film - Majors + Independents | N10: ="("""&B10&""") ("&Vlookup(E10,DropDown!J:N,5,FALSE)&" OR """ &YEAR(D10) & """ OR ""All New"" OR Episode OR Watch OR tv OR Show OR Series OR season OR binge OR Stream OR Film OR Movie OR Premiere OR Screening OR Feature OR Trailer OR Teaser OR theater OR release)" -> #N/A | O10: =Substitute(Substitute(Substitute(Substitute(Substitute(Substitute(Substitute(Substitute(Substitute(Substitute(Substitute(Substitute("#" & B10, " ", ""), ":", ""), "," ,""), "-", ""), "!", ""), "'", ""), ".", ""), "&", "and"), "+", "plus"), "\", ""), "(", ""), ")", "") -> # | P10: =Substitute(Substitute(Substitute(Substitute(Substitute(Substitute(Substitute(Substitute(Substitute(Substitute(Substitute(Substitute(Substitute("#" & B10 &E10, " ", ""), ":", ""), ",", ""), "/" ,""), "-", ""), "!", ""), "'", ""), ".", ""), "&", "and"), "+", "plus"), "\", ""), "(", ""), ")", "") -> # | R10: ="("""&B10&""") ("&Vlookup(E10,DropDown!R:V,5,FALSE)&IF(ISBLANK(D10)," | "," "&"OR """&YEAR(D10)&""" | ") & """All New"" | Episode | Watch | tv | Show | Series | season | binge | Stream | Film | Movie | Premiere | Screening | Feature | Trailer | Teaser | theater | release)" -> #N/A
G11: =VLOOKUP(E11,DropDown!J:K,2,FALSE) -> #N/A | K11: LF // Film - Majors + Independents | N11: ="("""&B11&""") ("&Vlookup(E11,DropDown!J:N,5,FALSE)&" OR """ &YEAR(D11) & """ OR ""All New"" OR Episode OR Watch OR tv OR Show OR Series OR season OR binge OR Stream OR Film OR Movie OR Premiere OR Screening OR Feature OR Trailer OR Teaser OR theater OR release)" -> #N/A | O11: =Substitute(Substitute(Substitute(Substitute(Substitute(Substitute(Substitute(Substitute(Substitute(Substitute(Substitute(Substitute("#" & B11, " ", ""), ":", ""), "," ,""), "-", ""), "!", ""), "'", ""), ".", ""), "&", "and"), "+", "plus"), "\", ""), "(", ""), ")", "") -> # | P11: =Substitute(Substitute(Substitute(Substitute(Substitute(Substitute(Substitute(Substitute(Substitute(Substitute(Substitute(Substitute(Substitute("#" & B11 &E11, " ", ""), ":", ""), ",", ""), "/" ,""), "-", ""), "!", ""), "'", ""), ".", ""), "&", "and"), "+", "plus"), "\", ""), "(", ""), ")", "") -> # | R11: ="("""&B11&""") ("&Vlookup(E11,DropDown!R:V,5,FALSE)&IF(ISBLANK(D11)," | "," "&"OR """&YEAR(D11)&""" | ") & """All New"" | Episode | Watch | tv | Show | Series | season | binge | Stream | Film | Movie | Premiere | Screening | Feature | Trailer | Teaser | theater | release)" -> #N/A
G12: =VLOOKUP(E12,DropDown!J:K,2,FALSE) -> #N/A | K12: LF // Film - Majors + Independents | N12: ="("""&B12&""") ("&Vlookup(E12,DropDown!J:N,5,FALSE)&IF(ISBLANK(D12)," OR "," "&"OR """&YEAR(D12)&""" OR ") & """All New"" OR Episode OR Watch OR tv OR Show OR Series OR season OR binge OR Stream OR Film OR Movie OR Premiere OR Screening OR Feature OR Trailer OR Teaser OR theater OR release)" -> #N/A | O12: =Substitute(Substitute(Substitute(Substitute(Substitute(Substitute(Substitute(Substitute(Substitute(Substitute(Substitute(Substitute("#" & B12, " ", ""), ":", ""), "," ,""), "-", ""), "!", ""), "'", ""), ".", ""), "&", "and"), "+", "plus"), "\", ""), "(", ""), ")", "") -> # | P12: =Substitute(Substitute(Substitute(Substitute(Substitute(Substitute(Substitute(Substitute(Substitute(Substitute(Substitute(Substitute(Substitute("#" & B12 &E12, " ", ""), ":", ""), ",", ""), "/" ,""), "-", ""), "!", ""), "'", ""), ".", ""), "&", "and"), "+", "plus"), "\", ""), "(", ""), ")", "") -> # | R12: ="("""&B12&""") ("&Vlookup(E12,DropDown!R:V,5,FALSE)&IF(ISBLANK(D12)," | "," "&"OR """&YEAR(D12)&""" | ") & """All New"" | Episode | Watch | tv | Show | Series | season | binge | Stream | Film | Movie | Premiere | Screening | Feature | Trailer | Teaser | theater | release)" -> #N/A
G13: =VLOOKUP(E13,DropDown!J:K,2,FALSE) -> #N/A | K13: LF // Film - Majors + Independents | N13: ="("""&B13&""") ("&Vlookup(E13,DropDown!J:N,5,FALSE)&" OR """ &YEAR(D13) & """ OR ""All New"" OR Episode OR Watch OR tv OR Show OR Series OR season OR binge OR Stream OR Film OR Movie OR Premiere OR Screening OR Feature OR Trailer OR Teaser OR theater OR release)" -> #N/A | O13: =Substitute(Substitute(Substitute(Substitute(Substitute(Substitute(Substitute(Substitute(Substitute(Substitute(Substitute(Substitute("#" & B13, " ", ""), ":", ""), "," ,""), "-", ""), "!", ""), "'", ""), ".", ""), "&", "and"), "+", "plus"), "\", ""), "(", ""), ")", "") -> # | P13: =Substitute(Substitute(Substitute(Substitute(Substitute(Substitute(Substitute(Substitute(Substitute(Substitute(Substitute(Substitute(Substitute("#" & B13 &E13, " ", ""), ":", ""), ",", ""), "/" ,""), "-", ""), "!", ""), "'", ""), ".", ""), "&", "and"), "+", "plus"), "\", ""), "(", ""), ")", "") -> # | R13: ="("""&B13&""") ("&Vlookup(E13,DropDown!R:V,5,FALSE)&IF(ISBLANK(D13)," | "," "&"OR """&YEAR(D13)&""" | ") & """All New"" | Episode | Watch | tv | Show | Series | season | binge | Stream | Film | Movie | Premiere | Screening | Feature | Trailer | Teaser | theater | release)" -> #N/A
G14: =VLOOKUP(E14,DropDown!J:K,2,FALSE) -> #N/A | K14: LF // Film - Majors + Independents | N14: ="("""&B14&""") ("&Vlookup(E14,DropDown!J:N,5,FALSE)&" OR """ &YEAR(D14) & """ OR ""All New"" OR Episode OR Watch OR tv OR Show OR Series OR season OR binge OR Stream OR Film OR Movie OR Premiere OR Screening OR Feature OR Trailer OR Teaser OR theater OR release)" -> #N/A | O14: =Substitute(Substitute(Substitute(Substitute(Substitute(Substitute(Substitute(Substitute(Substitute(Substitute(Substitute(Substitute("#" & B14, " ", ""), ":", ""), "," ,""), "-", ""), "!", ""), "'", ""), ".", ""), "&", "and"), "+", "plus"), "\", ""), "(", ""), ")", "") -> # | P14: =Substitute(Substitute(Substitute(Substitute(Substitute(Substitute(Substitute(Substitute(Substitute(Substitute(Substitute(Substitute(Substitute("#" & B14 &E14, " ", ""), ":", ""), ",", ""), "/" ,""), "-", ""), "!", ""), "'", ""), ".", ""), "&", "and"), "+", "plus"), "\", ""), "(", ""), ")", "") -> # | R14: ="("""&B14&""") ("&Vlookup(E14,DropDown!R:V,5,FALSE)&IF(ISBLANK(D14)," | "," "&"OR """&YEAR(D14)&""" | ") & """All New"" | Episode | Watch | tv | Show | Series | season | binge | Stream | Film | Movie | Premiere | Screening | Feature | Trailer | Teaser | theater | release)" -> #N/A
G15: =VLOOKUP(E15,DropDown!J:K,2,FALSE) -> #N/A | K15: LF // Film - Majors + Independents | N15: ="("""&B15&""") ("&Vlookup(E15,DropDown!J:N,5,FALSE)&" OR """ &YEAR(D15) & """ OR ""All New"" OR Episode OR Watch OR tv OR Show OR Series OR season OR binge OR Stream OR Film OR Movie OR Premiere OR Screening OR Feature OR Trailer OR Teaser OR theater OR release)" -> #N/A | O15: =Substitute(Substitute(Substitute(Substitute(Substitute(Substitute(Substitute(Substitute(Substitute(Substitute(Substitute(Substitute("#" & B15, " ", ""), ":", ""), "," ,""), "-", ""), "!", ""), "'", ""), ".", ""), "&", "and"), "+", "plus"), "\", ""), "(", ""), ")", "") -> # | P15: =Substitute(Substitute(Substitute(Substitute(Substitute(Substitute(Substitute(Substitute(Substitute(Substitute(Substitute(Substitute(Substitute("#" & B15 &E15, " ", ""), ":", ""), ",", ""), "/" ,""), "-", ""), "!", ""), "'", ""), ".", ""), "&", "and"), "+", "plus"), "\", ""), "(", ""), ")", "") -> # | R15: ="("""&B15&""") ("&Vlookup(E15,DropDown!R:V,5,FALSE)&IF(ISBLANK(D15)," | "," "&"OR """&YEAR(D15)&""" | ") & """All New"" | Episode | Watch | tv | Show | Series | season | binge | Stream | Film | Movie | Premiere | Screening | Feature | Trailer | Teaser | theater | release)" -> #N/A
G16: =VLOOKUP(E16,DropDown!J:K,2,FALSE) -> #N/A | K16: LF // Film - Majors + Independents | N16: ="("""&B16&""") ("&Vlookup(E16,DropDown!J:N,5,FALSE)&" OR """ &YEAR(D16) & """ OR ""All New"" OR Episode OR Watch OR tv OR Show OR Series OR season OR binge OR Stream OR Film OR Movie OR Premiere OR Screening OR Feature OR Trailer OR Teaser OR theater OR release)" -> #N/A | O16: =Substitute(Substitute(Substitute(Substitute(Substitute(Substitute(Substitute(Substitute(Substitute(Substitute(Substitute(Substitute("#" & B16, " ", ""), ":", ""), "," ,""), "-", ""), "!", ""), "'", ""), ".", ""), "&", "and"), "+", "plus"), "\", ""), "(", ""), ")", "") -> # | P16: =Substitute(Substitute(Substitute(Substitute(Substitute(Substitute(Substitute(Substitute(Substitute(Substitute(Substitute(Substitute(Substitute("#" & B16 &E16, " ", ""), ":", ""), ",", ""), "/" ,""), "-", ""), "!", ""), "'", ""), ".", ""), "&", "and"), "+", "plus"), "\", ""), "(", ""), ")", "") -> # | R16: ="("""&B16&""") ("&Vlookup(E16,DropDown!R:V,5,FALSE)&IF(ISBLANK(D16)," | "," "&"OR """&YEAR(D16)&""" | ") & """All New"" | Episode | Watch | tv | Show | Series | season | binge | Stream | Film | Movie | Premiere | Screening | Feature | Trailer | Teaser | theater | release)" -> #N/A
G17: =VLOOKUP(E17,DropDown!J:K,2,FALSE) -> #N/A | K17: LF // Film - Majors + Independents | N17: ="("""&B17&""") ("&Vlookup(E17,DropDown!J:N,5,FALSE)&" OR """ &YEAR(D17) & """ OR ""All New"" OR Episode OR Watch OR tv OR Show OR Series OR season OR binge OR Stream OR Film OR Movie OR Premiere OR Screening OR Feature OR Trailer OR Teaser OR theater OR release)" -> #N/A | O17: =Substitute(Substitute(Substitute(Substitute(Substitute(Substitute(Substitute(Substitute(Substitute(Substitute(Substitute(Substitute("#" & B17, " ", ""), ":", ""), "," ,""), "-", ""), "!", ""), "'", ""), ".", ""), "&", "and"), "+", "plus"), "\", ""), "(", ""), ")", "") -> # | P17: =Substitute(Substitute(Substitute(Substitute(Substitute(Substitute(Substitute(Substitute(Substitute(Substitute(Substitute(Substitute(Substitute("#" & B17 &E17, " ", ""), ":", ""), ",", ""), "/" ,""), "-", ""), "!", ""), "'", ""), ".", ""), "&", "and"), "+", "plus"), "\", ""), "(", ""), ")", "") -> # | R17: ="("""&B17&""") ("&Vlookup(E17,DropDown!R:V,5,FALSE)&IF(ISBLANK(D17)," | "," "&"OR """&YEAR(D17)&""" | ") & """All New"" | Episode | Watch | tv | Show | Series | season | binge | Stream | Film | Movie | Premiere | Screening | Feature | Trailer | Teaser | theater | release)" -> #N/A
G18: =VLOOKUP(E18,DropDown!J:K,2,FALSE) -> #N/A | K18: LF // Film - Majors + Independents | N18: ="("""&B18&""") ("&Vlookup(E18,DropDown!J:N,5,FALSE)&" OR """ &YEAR(D18) & """ OR ""All New"" OR Episode OR Watch OR tv OR Show OR Series OR season OR binge OR Stream OR Film OR Movie OR Premiere OR Screening OR Feature OR Trailer OR Teaser OR theater OR release)" -> #N/A | O18: =Substitute(Substitute(Substitute(Substitute(Substitute(Substitute(Substitute(Substitute(Substitute(Substitute(Substitute(Substitute("#" & B18, " ", ""), ":", ""), "," ,""), "-", ""), "!", ""), "'", ""), ".", ""), "&", "and"), "+", "plus"), "\", ""), "(", ""), ")", "") -> # | P18: =Substitute(Substitute(Substitute(Substitute(Substitute(Substitute(Substitute(Substitute(Substitute(Substitute(Substitute(Substitute(Substitute("#" & B18 &E18, " ", ""), ":", ""), ",", ""), "/" ,""), "-", ""), "!", ""), "'", ""), ".", ""), "&", "and"), "+", "plus"), "\", ""), "(", ""), ")", "") -> # | R18: ="("""&B18&""") ("&Vlookup(E18,DropDown!R:V,5,FALSE)&IF(ISBLANK(D18)," | "," "&"OR """&YEAR(D18)&""" | ") & """All New"" | Episode | Watch | tv | Show | Series | season | binge | Stream | Film | Movie | Premiere | Screening | Feature | Trailer | Teaser | theater | release)" -> #N/A
G19: =VLOOKUP(E19,DropDown!J:K,2,FALSE) -> #N/A | K19: LF // Film - Majors + Independents | N19: ="("""&B19&""") ("&Vlookup(E19,DropDown!J:N,5,FALSE)&" OR """ &YEAR(D19) & """ OR ""All New"" OR Episode OR Watch OR tv OR Show OR Series OR season OR binge OR Stream OR Film OR Movie OR Premiere OR Screening OR Feature OR Trailer OR Teaser OR theater OR release)" -> #N/A | O19: =Substitute(Substitute(Substitute(Substitute(Substitute(Substitute(Substitute(Substitute(Substitute(Substitute(Substitute(Substitute("#" & B19, " ", ""), ":", ""), "," ,""), "-", ""), "!", ""), "'", ""), ".", ""), "&", "and"), "+", "plus"), "\", ""), "(", ""), ")", "") -> # | P19: =Substitute(Substitute(Substitute(Substitute(Substitute(Substitute(Substitute(Substitute(Substitute(Substitute(Substitute(Substitute(Substitute("#" & B19 &E19, " ", ""), ":", ""), ",", ""), "/" ,""), "-", ""), "!", ""), "'", ""), ".", ""), "&", "and"), "+", "plus"), "\", ""), "(", ""), ")", "") -> # | R19: ="("""&B19&""") ("&Vlookup(E19,DropDown!R:V,5,FALSE)&IF(ISBLANK(D19)," | "," "&"OR """&YEAR(D19)&""" | ") & """All New"" | Episode | Watch | tv | Show | Series | season | binge | Stream | Film | Movie | Premiere | Screening | Feature | Trailer | Teaser | theater | release)" -> #N/A
G20: =VLOOKUP(E20,DropDown!J:K,2,FALSE) -> #N/A | K20: LF // Film - Majors + Independents | N20: ="("""&B20&""") ("&Vlookup(E20,DropDown!J:N,5,FALSE)&IF(ISBLANK(D20)," OR "," "&"OR """&YEAR(D20)&""" OR ") & """All New"" OR Episode OR Watch OR tv OR Show OR Series OR season OR binge OR Stream OR Film OR Movie OR Premiere OR Screening OR Feature OR Trailer OR Teaser OR theater OR release)" -> #N/A | O20: =Substitute(Substitute(Substitute(Substitute(Substitute(Substitute(Substitute(Substitute(Substitute(Substitute(Substitute(Substitute("#" & B20, " ", ""), ":", ""), "," ,""), "-", ""), "!", ""), "'", ""), ".", ""), "&", "and"), "+", "plus"), "\", ""), "(", ""), ")", "") -> # | P20: =Substitute(Substitute(Substitute(Substitute(Substitute(Substitute(Substitute(Substitute(Substitute(Substitute(Substitute(Substitute(Substitute("#" & B20 &E20, " ", ""), ":", ""), ",", ""), "/" ,""), "-", ""), "!", ""), "'", ""), ".", ""), "&", "and"), "+", "plus"), "\", ""), "(", ""), ")", "") -> # | R20: ="("""&B20&""") ("&Vlookup(E20,DropDown!R:V,5,FALSE)&IF(ISBLANK(D20)," | "," "&"OR """&YEAR(D20)&""" | ") & """All New"" | Episode | Watch | tv | Show | Series | season | binge | Stream | Film | Movie | Premiere | Screening | Feature | Trailer | Teaser | theater | release)" -> #N/A
G21: =VLOOKUP(E21,DropDown!J:K,2,FALSE) -> #N/A | K21: LF // Film - Majors + Independents | N21: ="("""&B21&""") ("&Vlookup(E21,DropDown!J:N,5,FALSE)&" OR """ &YEAR(D21) & """ OR ""All New"" OR Episode OR Watch OR tv OR Show OR Series OR season OR binge OR Stream OR Film OR Movie OR Premiere OR Screening OR Feature OR Trailer OR Teaser OR theater OR release)" -> #N/A | O21: =Substitute(Substitute(Substitute(Substitute(Substitute(Substitute(Substitute(Substitute(Substitute(Substitute(Substitute(Substitute("#" & B21, " ", ""), ":", ""), "," ,""), "-", ""), "!", ""), "'", ""), ".", ""), "&", "and"), "+", "plus"), "\", ""), "(", ""), ")", "") -> # | P21: =Substitute(Substitute(Substitute(Substitute(Substitute(Substitute(Substitute(Substitute(Substitute(Substitute(Substitute(Substitute(Substitute("#" & B21 &E21, " ", ""), ":", ""), ",", ""), "/" ,""), "-", ""), "!", ""), "'", ""), ".", ""), "&", "and"), "+", "plus"), "\", ""), "(", ""), ")", "") -> # | R21: ="("""&B21&""") ("&Vlookup(E21,DropDown!R:V,5,FALSE)&IF(ISBLANK(D21)," | "," "&"OR """&YEAR(D21)&""" | ") & """All New"" | Episode | Watch | tv | Show | Series | season | binge | Stream | Film | Movie | Premiere | Screening | Feature | Trailer | Teaser | theater | release)" -> #N/A
G22: =VLOOKUP(E22,DropDown!J:K,2,FALSE) -> #N/A | K22: LF // Film - Majors + Independents | N22: ="("""&B22&""") ("&Vlookup(E22,DropDown!J:N,5,FALSE)&" OR """ &YEAR(D22) & """ OR ""All New"" OR Episode OR Watch OR tv OR Show OR Series OR season OR binge OR Stream OR Film OR Movie OR Premiere OR Screening OR Feature OR Trailer OR Teaser OR theater OR release)" -> #N/A | O22: =Substitute(Substitute(Substitute(Substitute(Substitute(Substitute(Substitute(Substitute(Substitute(Substitute(Substitute(Substitute("#" & B22, " ", ""), ":", ""), "," ,""), "-", ""), "!", ""), "'", ""), ".", ""), "&", "and"), "+", "plus"), "\", ""), "(", ""), ")", "") -> # | P22: =Substitute(Substitute(Substitute(Substitute(Substitute(Substitute(Substitute(Substitute(Substitute(Substitute(Substitute(Substitute(Substitute("#" & B22 &E22, " ", ""), ":", ""), ",", ""), "/" ,""), "-", ""), "!", ""), "'", ""), ".", ""), "&", "and"), "+", "plus"), "\", ""), "(", ""), ")", "") -> # | R22: ="("""&B22&""") ("&Vlookup(E22,DropDown!R:V,5,FALSE)&IF(ISBLANK(D22)," | "," "&"OR """&YEAR(D22)&""" | ") & """All New"" | Episode | Watch | tv | Show | Series | season | binge | Stream | Film | Movie | Premiere | Screening | Feature | Trailer | Teaser | theater | release)" -> #N/A
G23: =VLOOKUP(E23,DropDown!J:K,2,FALSE) -> #N/A | K23: LF // Film - Majors + Independents | N23: ="("""&B23&""") ("&Vlookup(E23,DropDown!J:N,5,FALSE)&" OR """ &YEAR(D23) & """ OR ""All New"" OR Episode OR Watch OR tv OR Show OR Series OR season OR binge OR Stream OR Film OR Movie OR Premiere OR Screening OR Feature OR Trailer OR Teaser OR theater OR release)" -> #N/A | O23: =Substitute(Substitute(Substitute(Substitute(Substitute(Substitute(Substitute(Substitute(Substitute(Substitute(Substitute(Substitute("#" & B23, " ", ""), ":", ""), "," ,""), "-", ""), "!", ""), "'", ""), ".", ""), "&", "and"), "+", "plus"), "\", ""), "(", ""), ")", "") -> # | P23: =Substitute(Substitute(Substitute(Substitute(Substitute(Substitute(Substitute(Substitute(Substitute(Substitute(Substitute(Substitute(Substitute("#" & B23 &E23, " ", ""), ":", ""), ",", ""), "/" ,""), "-", ""), "!", ""), "'", ""), ".", ""), "&", "and"), "+", "plus"), "\", ""), "(", ""), ")", "") -> # | R23: ="("""&B23&""") ("&Vlookup(E23,DropDown!R:V,5,FALSE)&IF(ISBLANK(D23)," | "," "&"OR """&YEAR(D23)&""" | ") & """All New"" | Episode | Watch | tv | Show | Series | season | binge | Stream | Film | Movie | Premiere | Screening | Feature | Trailer | Teaser | theater | release)" -> #N/A
G24: =VLOOKUP(E24,DropDown!J:K,2,FALSE) -> #N/A | K24: LF // Film - Majors + Independents | N24: ="("""&B24&""") ("&Vlookup(E24,DropDown!J:N,5,FALSE)&" OR """ &YEAR(D24) & """ OR ""All New"" OR Episode OR Watch OR tv OR Show OR Series OR season OR binge OR Stream OR Film OR Movie OR Premiere OR Screening OR Feature OR Trailer OR Teaser OR theater OR release)" -> #N/A | O24: =Substitute(Substitute(Substitute(Substitute(Substitute(Substitute(Substitute(Substitute(Substitute(Substitute(Substitute(Substitute("#" & B24, " ", ""), ":", ""), "," ,""), "-", ""), "!", ""), "'", ""), ".", ""), "&", "and"), "+", "plus"), "\", ""), "(", ""), ")", "") -> # | P24: =Substitute(Substitute(Substitute(Substitute(Substitute(Substitute(Substitute(Substitute(Substitute(Substitute(Substitute(Substitute(Substitute("#" & B24 &E24, " ", ""), ":", ""), ",", ""), "/" ,""), "-", ""), "!", ""), "'", ""), ".", ""), "&", "and"), "+", "plus"), "\", ""), "(", ""), ")", "") -> # | R24: ="("""&B24&""") ("&Vlookup(E24,DropDown!R:V,5,FALSE)&IF(ISBLANK(D24)," | "," "&"OR """&YEAR(D24)&""" | ") & """All New"" | Episode | Watch | tv | Show | Series | season | binge | Stream | Film | Movie | Premiere | Screening | Feature | Trailer | Teaser | theater | release)" -> #N/A
G25: =VLOOKUP(E25,DropDown!J:K,2,FALSE) -> #N/A | K25: LF // Film - Majors + Independents | N25: ="("""&B25&""") ("&Vlookup(E25,DropDown!J:N,5,FALSE)&" OR """ &YEAR(D25) & """ OR ""All New"" OR Episode OR Watch OR tv OR Show OR Series OR season OR binge OR Stream OR Film OR Movie OR Premiere OR Screening OR Feature OR Trailer OR Teaser OR theater OR release)" -> #N/A | O25: =Substitute(Substitute(Substitute(Substitute(Substitute(Substitute(Substitute(Substitute(Substitute(Substitute(Substitute(Substitute("#" & B25, " ", ""), ":", ""), "," ,""), "-", ""), "!", ""), "'", ""), ".", ""), "&", "and"), "+", "plus"), "\", ""), "(", ""), ")", "") -> # | P25: =Substitute(Substitute(Substitute(Substitute(Substitute(Substitute(Substitute(Substitute(Substitute(Substitute(Substitute(Substitute(Substitute("#" & B25 &E25, " ", ""), ":", ""), ",", ""), "/" ,""), "-", ""), "!", ""), "'", ""), ".", ""), "&", "and"), "+", "plus"), "\", ""), "(", ""), ")", "") -> # | R25: ="("""&B25&""") ("&Vlookup(E25,DropDown!R:V,5,FALSE)&IF(ISBLANK(D25)," | "," "&"OR """&YEAR(D25)&""" | ") & """All New"" | Episode | Watch | tv | Show | Series | season | binge | Stream | Film | Movie | Premiere | Screening | Feature | Trailer | Teaser | theater | release)" -> #N/A
G26: =VLOOKUP(E26,DropDown!J:K,2,FALSE) -> #N/A | K26: LF // Film - Majors + Independents | N26: ="("""&B26&""") ("&Vlookup(E26,DropDown!J:N,5,FALSE)&" OR """ &YEAR(D26) & """ OR ""All New"" OR Episode OR Watch OR tv OR Show OR Series OR season OR binge OR Stream OR Film OR Movie OR Premiere OR Screening OR Feature OR Trailer OR Teaser OR theater OR release)" -> #N/A | O26: =Substitute(Substitute(Substitute(Substitute(Substitute(Substitute(Substitute(Substitute(Substitute(Substitute(Substitute(Substitute("#" & B26, " ", ""), ":", ""), "," ,""), "-", ""), "!", ""), "'", ""), ".", ""), "&", "and"), "+", "plus"), "\", ""), "(", ""), ")", "") -> # | P26: =Substitute(Substitute(Substitute(Substitute(Substitute(Substitute(Substitute(Substitute(Substitute(Substitute(Substitute(Substitute(Substitute("#" & B26 &E26, " ", ""), ":", ""), ",", ""), "/" ,""), "-", ""), "!", ""), "'", ""), ".", ""), "&", "and"), "+", "plus"), "\", ""), "(", ""), ")", "") -> # | R26: ="("""&B26&""") ("&Vlookup(E26,DropDown!R:V,5,FALSE)&IF(ISBLANK(D26)," | "," "&"OR """&YEAR(D26)&""" | ") & """All New"" | Episode | Watch | tv | Show | Series | season | binge | Stream | Film | Movie | Premiere | Screening | Feature | Trailer | Teaser | theater | release)" -> #N/A
G27: =VLOOKUP(E27,DropDown!J:K,2,FALSE) -> #N/A | K27: LF // Film - Majors + Independents | N27: ="("""&B27&""") ("&Vlookup(E27,DropDown!J:N,5,FALSE)&" OR """ &YEAR(D27) & """ OR ""All New"" OR Episode OR Watch OR tv OR Show OR Series OR season OR binge OR Stream OR Film OR Movie OR Premiere OR Screening OR Feature OR Trailer OR Teaser OR theater OR release)" -> #N/A | O27: =Substitute(Substitute(Substitute(Substitute(Substitute(Substitute(Substitute(Substitute(Substitute(Substitute(Substitute(Substitute("#" & B27, " ", ""), ":", ""), "," ,""), "-", ""), "!", ""), "'", ""), ".", ""), "&", "and"), "+", "plus"), "\", ""), "(", ""), ")", "") -> # | P27: =Substitute(Substitute(Substitute(Substitute(Substitute(Substitute(Substitute(Substitute(Substitute(Substitute(Substitute(Substitute(Substitute("#" & B27 &E27, " ", ""), ":", ""), ",", ""), "/" ,""), "-", ""), "!", ""), "'", ""), ".", ""), "&", "and"), "+", "plus"), "\", ""), "(", ""), ")", "") -> # | R27: ="("""&B27&""") ("&Vlookup(E27,DropDown!R:V,5,FALSE)&IF(ISBLANK(D27)," | "," "&"OR """&YEAR(D27)&""" | ") & """All New"" | Episode | Watch | tv | Show | Series | season | binge | Stream | Film | Movie | Premiere | Screening | Feature | Trailer | Teaser | theater | release)" -> #N/A
G28: =VLOOKUP(E28,DropDown!J:K,2,FALSE) -> #N/A | K28: LF // Film - Majors + Independents | N28: ="("""&B28&""") ("&Vlookup(E28,DropDown!J:N,5,FALSE)&" OR """ &YEAR(D28) & """ OR ""All New"" OR Episode OR Watch OR tv OR Show OR Series OR season OR binge OR Stream OR Film OR Movie OR Premiere OR Screening OR Feature OR Trailer OR Teaser OR theater OR release)" -> #N/A | O28: =Substitute(Substitute(Substitute(Substitute(Substitute(Substitute(Substitute(Substitute(Substitute(Substitute(Substitute(Substitute("#" & B28, " ", ""), ":", ""), "," ,""), "-", ""), "!", ""), "'", ""), ".", ""), "&", "and"), "+", "plus"), "\", ""), "(", ""), ")", "") -> # | P28: =Substitute(Substitute(Substitute(Substitute(Substitute(Substitute(Substitute(Substitute(Substitute(Substitute(Substitute(Substitute(Substitute("#" & B28 &E28, " ", ""), ":", ""), ",", ""), "/" ,""), "-", ""), "!", ""), "'", ""), ".", ""), "&", "and"), "+", "plus"), "\", ""), "(", ""), ")", "") -> # | R28: ="("""&B28&""") ("&Vlookup(E28,DropDown!R:V,5,FALSE)&IF(ISBLANK(D28)," | "," "&"OR """&YEAR(D28)&""" | ") & """All New"" | Episode | Watch | tv | Show | Series | season | binge | Stream | Film | Movie | Premiere | Screening | Feature | Trailer | Teaser | theater | release)" -> #N/A
G29: =VLOOKUP(E29,DropDown!J:K,2,FALSE) -> #N/A | K29: LF // Film - Majors + Independents | N29: ="("""&B29&""") ("&Vlookup(E29,DropDown!J:N,5,FALSE)&" OR """ &YEAR(D29) & """ OR ""All New"" OR Episode OR Watch OR tv OR Show OR Series OR season OR binge OR Stream OR Film OR Movie OR Premiere OR Screening OR Feature OR Trailer OR Teaser OR theater OR release)" -> #N/A | O29: =Substitute(Substitute(Substitute(Substitute(Substitute(Substitute(Substitute(Substitute(Substitute(Substitute(Substitute(Substitute("#" & B29, " ", ""), ":", ""), "," ,""), "-", ""), "!", ""), "'", ""), ".", ""), "&", "and"), "+", "plus"), "\", ""), "(", ""), ")", "") -> # | P29: =Substitute(Substitute(Substitute(Substitute(Substitute(Substitute(Substitute(Substitute(Substitute(Substitute(Substitute(Substitute(Substitute("#" & B29 &E29, " ", ""), ":", ""), ",", ""), "/" ,""), "-", ""), "!", ""), "'", ""), ".", ""), "&", "and"), "+", "plus"), "\", ""), "(", ""), ")", "") -> # | R29: ="("""&B29&""") ("&Vlookup(E29,DropDown!R:V,5,FALSE)&IF(ISBLANK(D29)," | "," "&"OR """&YEAR(D29)&""" | ") & """All New"" | Episode | Watch | tv | Show | Series | season | binge | Stream | Film | Movie | Premiere | Screening | Feature | Trailer | Teaser | theater | release)" -> #N/A
G30: =VLOOKUP(E30,DropDown!J:K,2,FALSE) -> #N/A | K30: LF // Film - Majors + Independents | N30: ="("""&B30&""") ("&Vlookup(E30,DropDown!J:N,5,FALSE)&" OR """ &YEAR(D30) & """ OR ""All New"" OR Episode OR Watch OR tv OR Show OR Series OR season OR binge OR Stream OR Film OR Movie OR Premiere OR Screening OR Feature OR Trailer OR Teaser OR theater OR release)" -> #N/A | O30: =Substitute(Substitute(Substitute(Substitute(Substitute(Substitute(Substitute(Substitute(Substitute(Substitute(Substitute(Substitute("#" & B30, " ", ""), ":", ""), "," ,""), "-", ""), "!", ""), "'", ""), ".", ""), "&", "and"), "+", "plus"), "\", ""), "(", ""), ")", "") -> # | P30: =Substitute(Substitute(Substitute(Substitute(Substitute(Substitute(Substitute(Substitute(Substitute(Substitute(Substitute(Substitute(Substitute("#" & B30 &E30, " ", ""), ":", ""), ",", ""), "/" ,""), "-", ""), "!", ""), "'", ""), ".", ""), "&", "and"), "+", "plus"), "\", ""), "(", ""), ")", "") -> # | R30: ="("""&B30&""") ("&Vlookup(E30,DropDown!R:V,5,FALSE)&IF(ISBLANK(D30)," | "," "&"OR """&YEAR(D30)&""" | ") & """All New"" | Episode | Watch | tv | Show | Series | season | binge | Stream | Film | Movie | Premiere | Screening | Feature | Trailer | Teaser | theater | release)" -> #N/A
G31: =VLOOKUP(E31,DropDown!J:K,2,FALSE) -> #N/A | K31: LF // Film - Majors + Independents | N31: ="("""&B31&""") ("&Vlookup(E31,DropDown!J:N,5,FALSE)&" OR """ &YEAR(D31) & """ OR ""All New"" OR Episode OR Watch OR tv OR Show OR Series OR season OR binge OR Stream OR Film OR Movie OR Premiere OR Screening OR Feature OR Trailer OR Teaser OR theater OR release)" -> #N/A | O31: =Substitute(Substitute(Substitute(Substitute(Substitute(Substitute(Substitute(Substitute(Substitute(Substitute(Substitute(Substitute("#" & B31, " ", ""), ":", ""), "," ,""), "-", ""), "!", ""), "'", ""), ".", ""), "&", "and"), "+", "plus"), "\", ""), "(", ""), ")", "") -> # | P31: =Substitute(Substitute(Substitute(Substitute(Substitute(Substitute(Substitute(Substitute(Substitute(Substitute(Substitute(Substitute(Substitute("#" & B31 &E31, " ", ""), ":", ""), ",", ""), "/" ,""), "-", ""), "!", ""), "'", ""), ".", ""), "&", "and"), "+", "plus"), "\", ""), "(", ""), ")", "") -> # | R31: ="("""&B31&""") ("&Vlookup(E31,DropDown!R:V,5,FALSE)&IF(ISBLANK(D31)," | "," "&"OR """&YEAR(D31)&""" | ") & """All New"" | Episode | Watch | tv | Show | Series | season | binge | Stream | Film | Movie | Premiere | Screening | Feature | Trailer | Teaser | theater | release)" -> #N/A
G32: =VLOOKUP(E32,DropDown!J:K,2,FALSE) -> #N/A | K32: LF // Film - Majors + Independents | N32: ="("""&B32&""") ("&Vlookup(E32,DropDown!J:N,5,FALSE)&" OR """ &YEAR(D32) & """ OR ""All New"" OR Episode OR Watch OR tv OR Show OR Series OR season OR binge OR Stream OR Film OR Movie OR Premiere OR Screening OR Feature OR Trailer OR Teaser OR theater OR release)" -> #N/A | O32: =Substitute(Substitute(Substitute(Substitute(Substitute(Substitute(Substitute(Substitute(Substitute(Substitute(Substitute(Substitute("#" & B32, " ", ""), ":", ""), "," ,""), "-", ""), "!", ""), "'", ""), ".", ""), "&", "and"), "+", "plus"), "\", ""), "(", ""), ")", "") -> # | P32: =Substitute(Substitute(Substitute(Substitute(Substitute(Substitute(Substitute(Substitute(Substitute(Substitute(Substitute(Substitute(Substitute("#" & B32 &E32, " ", ""), ":", ""), ",", ""), "/" ,""), "-", ""), "!", ""), "'", ""), ".", ""), "&", "and"), "+", "plus"), "\", ""), "(", ""), ")", "") -> # | R32: ="("""&B32&""") ("&Vlookup(E32,DropDown!R:V,5,FALSE)&IF(ISBLANK(D32)," | "," "&"OR """&YEAR(D32)&""" | ") & """All New"" | Episode | Watch | tv | Show | Series | season | binge | Stream | Film | Movie | Premiere | Screening | Feature | Trailer | Teaser | theater | release)" -> #N/A
... G1000: =VLOOKUP(E1000,DropDown!J:K,2,FALSE) -> #N/A | K1000: LF // Film - Majors + Independents | N1000: ="("""&B1000&""") ("&Vlookup(E1000,DropDown!J:N,5,FALSE)&" OR """ &YEAR(D1000) & """ OR ""All New"" OR Episode OR Watch OR tv OR Show OR Series OR season OR binge OR Stream OR Film OR Movie OR Premiere OR Screening OR Feature OR Trailer OR Teaser OR theater OR release)" -> #N/A | O1000: =Substitute(Substitute(Substitute(Substitute(Substitute(Substitute(Substitute(Substitute(Substitute(Substitute(Substitute(Substitute("#" & B1000, " ", ""), ":", ""), "," ,""), "-", ""), "!", ""), "'", ""), ".", ""), "&", "and"), "+", "plus"), "\", ""), "(", ""), ")", "") -> # | P1000: =Substitute(Substitute(Substitute(Substitute(Substitute(Substitute(Substitute(Substitute(Substitute(Substitute(Substitute(Substitute(Substitute("#" & B1000 &E1000, " ", ""), ":", ""), ",", ""), "/" ,""), "-", ""), "!", ""), "'", ""), ".", ""), "&", "and"), "+", "plus"), "\", ""), "(", ""), ")", "") -> # | R1000: ="("""&B1000&""") ("&Vlookup(E1000,DropDown!R:V,5,FALSE)&IF(ISBLANK(D1000)," | "," "&"OR """&YEAR(D1000)&""" | ") & """All New"" | Episode | Watch | tv | Show | Series | season | binge | Stream | Film | Movie | Premiere | Screening | Feature | Trailer | Teaser | theater | release)" -> #N/A

Sheet Media Conglomerate Brand Sets
B1: Film
A2: Studio | B2: CBS Films | C2: Paramount | D2: 20th Century Studios | E2: Searchlight Pictures | F2: Walt Disney Pictures | G2: Warner Bros. Pictures | H2: Universal Pictures | I2: Focus Features | J2: Focus World | K2: Netflix | L2: HBO Max | M2: Disney+ | N2: Amazon Prime Video | O2: Paramount+ | P2: Hulu
A3: Roll-Up 1 | B3: Paramount > Overall Roll-up | C3: Paramount > Overall Roll-up | D3: The Walt Disney Company > Overall Roll-up | E3: The Walt Disney Company > Overall Roll-up | F3: The Walt Disney Company > Overall Roll-up | G3: WarnerMedia > Overall Roll-up | H3: NBCUniversal > Overall Roll-up | I3: NBCUniversal > Overall Roll-up | J3: NBCUniversal > Overall Roll-up | K3: Netflix - Emerging Titles | L3: HBO Max - Emerging Titles | M3: Disney+ - Emerging Titles | N3: Amazon Prime Video - Emerging Titles | O3: Paramount+ - Emerging Titles | P3: Hulu - Emerging Titles
A4: Roll-Up 2 | B4: Paramount > Film Roll-up | C4: Paramount > Film Roll-up | D4: The Walt Disney Company > Film Roll-up | E4: The Walt Disney Company > Film Roll-up | F4: The Walt Disney Company > Film Roll-up | G4: WarnerMedia > Film Roll-up | H4: NBCUniversal > Film Roll-up | I4: NBCUniversal > Film Roll-up | J4: NBCUniversal > Film Roll-up | K4: PV Monthly - Emerging Titles | L4: PV Monthly - Emerging Titles | M4: PV Monthly - Emerging Titles | N4: PV Monthly - Emerging Titles | O4: PV Monthly - Emerging Titles | P4: PV Monthly - Emerging Titles
A5: Roll-Up 3 | D5: The Walt Disney Company > Film + TV + Publishing Roll-up | E5: The Walt Disney Company > Film + TV + Publishing Roll-up | F5: The Walt Disney Company > Film + TV + Publishing Roll-up | G5: WarnerMedia > Film + TV + Publishing Roll-up | H5: NBCUniversal > Film + TV + Publishing Roll-up | I5: NBCUniversal > Film + TV + Publishing Roll-up | J5: NBCUniversal > Film + TV + Publishing Roll-up

Sheet Twitter Keyword Methodology
A2: 1. Default: | B2: (“title name”)(“Network/Studio Name” OR Network/Studio Handle OR Network/Studio Hashtag OR “Year of release" OR "All New" OR Episode OR Watch OR tv OR Show OR Series OR season OR binge OR Stream OR Film OR Movie OR Premiere OR Screening OR Feature OR Trailer OR Teaser OR theater OR release)
A3: 2. Modified | B3: (“title name”)(“Network/Studio Name” OR Network/Studio Handle OR Network/Studio Hashtag)
A4: 3. Human Judgement

Sheet DropDown
A1: Action | B1: Title Category | C1: Cross Channel? | D1: Company | E1: Subscriber | F1: Perspective | G1: Brand Sets | H1: Release Type | I1: Studio Type | J1: Studio | K1: Studio Type | L1: YouTube (Company) | M1: Company | N1: Twitter Keyword String | O1: Genres | Q1: Distribution Type | R1: Studio | S1: Studio Type | T1: YouTube (Company) | U1: Company | V1: Reddit Keyword String
A2: ADD | B2: Movies | C2: YES | D2: Pristine Brand | E2: DAR | F2: Extended | G2: Competitive View | H2: Release - Limited | I2: Studio - Independent | J2: 20th Century Studios | K2: Studio - Major | L2: https://www.youtube.com/user/FoxMovies | M2: Walt Disney Pictures | N2: "20th Century Studios" OR @20thcentury OR #20thCentury | O2: Action | R2: 20th Century Studios | S2: Studio - Major | T2: https://www.youtube.com/user/FoxMovies | U2: Walt Disney Pictures | V2: "20th Century Studios" | @20thcentury | #20thCentury
A3: UPDATE | C3: NO | E3: Operations - Core Title | F3: Standard | G3: LF // Film - Majors + Independents | H3: Release - Wide | I3: Studio - Major | J3: A24 | K3: Studio - Independent | L3: https://www.youtube.com/user/A24Films | M3: A24 | N3: "A24" OR @A24 OR #A24 | O3: Adult | R3: A24 | S3: Studio - Independent | T3: https://www.youtube.com/user/A24Films | U3: A24 | V3: "A24" | @A24 | #A24
J4: Abramorama | K4: Studio - Independent | L4: https://www.youtube.com/channel/UCAzJQS9Ikw-zp8XvXuiobig | M4: Unknown | N4: "Abramorama" OR @abramorama OR #Abramorama | O4: Adventure | R4: Abramorama | S4: Studio - Independent | T4: https://www.youtube.com/channel/UCAzJQS9Ikw-zp8XvXuiobig | U4: Abramorama | V4: "Abramorama" | @abramorama | #Abramorama
J5: Adopt Films | K5: Studio - Independent | L5: https://www.youtube.com/user/adoptfilms | M5: Unknown | N5: "Adopt Films" OR @AdoptFilms OR #AdoptFilms | O5: Animation | R5: Adopt Films | S5: Studio - Independent | T5: https://www.youtube.com/user/adoptfilms | U5: Adopt Films | V5: "Adopt Films" | @AdoptFilms | #AdoptFilms
J6: Amazon Studios | K6: Studio - Independent | L6: https://www.youtube.com/user/amazonstudios | M6: Amazon Studios | N6: "Prime Video" OR "Amazon Studios" OR @PrimeVideo OR @AmazonStudios OR #PrimeVideo OR #AmazonStudios | O6: Biography | R6: Amazon Studios | S6: Studio - Independent | T6: https://www.youtube.com/user/amazonstudios | U6: Amazon Studios | V6: "Prime Video" | "Amazon Studios" | @PrimeVideo | @AmazonStudios | #PrimeVideo | #AmazonStudios
J7: American Experience Films | K7: Studio - Independent | L7: https://www.youtube.com/user/AmericanExperience | M7: Unknown | N7: "American Experience Films" OR #AmericanExperienceFilms | O7: Comedy | R7: American Experience Films | S7: Studio - Independent | T7: https://www.youtube.com/user/AmericanExperience | U7: Unknown | V7: "American Experience Films" | #AmericanExperienceFilms
J8: Amplify | K8: Studio - Independent | L8: https://www.youtube.com/user/amplifyreleasing | M8: Unknown | N8: "Amplify" OR @amplify OR #Amplify | O8: Crime | R8: Amplify | S8: Studio - Independent | T8: https://www.youtube.com/user/amplifyreleasing | U8: Unknown | V8: "Amplify" | @amplify | #Amplify
J9: Alchemy | K9: Studio - Independent | L9: https://www.youtube.com/channel/UC3YyZ4Pw0aWm_GaCtTCylcw | M9: Unknown | N9: "Alchemy" OR @sarita_alchemy OR #Alchemy | O9: Documentary | R9: Alchemy | S9: Studio - Independent | T9: https://www.youtube.com/channel/UC3YyZ4Pw0aWm_GaCtTCylcw | U9: Alchemy | V9: "Alchemy" | @sarita_alchemy | #Alchemy
J10: ARC Entertainment | K10: Studio - Independent | M10: Unknown | N10: "ARC Entertainment" OR #ARCEntertainment | O10: Drama | R10: ARC Entertainment | S10: Studio - Independent | V10: "ARC Entertainment" | #ARCEntertainment
J11: Archstone | K11: Studio - Independent | L11: https://www.youtube.com/user/ArchstoneDistb | M11: Unknown | N11: "Archstone" OR #Archstone | O11: Family | R11: Archstone | S11: Studio - Independent | T11: https://www.youtube.com/user/ArchstoneDistb | V11: "Archstone" | #Archstone
J12: ArtAffects Entertainment | K12: Studio - Independent | M12: Unknown | N12: "ArtAffects Entertainment" OR #ArtAffectsEntertainment | O12: Fantasy | R12: ArtAffects Entertainment | S12: Studio - Independent | V12: "ArtAffects Entertainment" | #ArtAffectsEntertainment
J13: Arts Alliance America | K13: Studio - Independent | M13: Unknown | N13: "Arts Alliance America" OR #ArtsAllianceAmerica | O13: Film Noir | R13: Arts Alliance America | S13: Studio - Independent | V13: "Arts Alliance America" | #ArtsAllianceAmerica
J14: Argot Pictures | K14: Studio - Independent | L14: https://www.youtube.com/user/ArgotPic | M14: Unknown | N14: "Argot Pictures" OR @argotpictures OR #ArgotPictures | O14: Game Show | R14: Argot Pictures | S14: Studio - Independent | T14: https://www.youtube.com/user/ArgotPic | U14: Argot Pictures | V14: "Argot Pictures" | @argotpictures | #ArgotPictures
J15: Atlas Distribution | K15: Studio - Independent | L15: https://www.youtube.com/channel/UCMLA_XtSbnfjXHL2An8zfGg | M15: Unknown | N15: "Atlas Distribution" OR @atlasmovies OR #AtlasDistribution | O15: History | R15: Atlas Distribution | S15: Studio - Independent | T15: https://www.youtube.com/channel/UCMLA_XtSbnfjXHL2An8zfGg | U15: Atlas Distribution Company | V15: "Atlas Distribution" | @atlasmovies | #AtlasDistribution
J16: Aspiration Media | K16: Studio - Independent | L16: https://www.youtube.com/channel/UCQryfk_8wo0jT8rSSppgS2Q | M16: Unknown | N16: "Aspiration Media" OR @weareaspiration OR #AspirationMedia | O16: Horror | R16: Aspiration Media | S16: Studio - Independent | T16: https://www.youtube.com/channel/UCQryfk_8wo0jT8rSSppgS2Q | U16: Aspiration Media | V16: "Aspiration Media" | @weareaspiration | #AspirationMedia
J17: BBC Worldwide Americas | K17: Studio - Independent | L17: https://www.youtube.com/user/BBCWorldwide | M17: Unknown | N17: "BBC Worldwide Americas" OR #BBCWorldwideAmericas | O17: Music | R17: BBC Worldwide Americas | S17: Studio - Independent | T17: https://www.youtube.com/user/BBCWorldwide | U17: BBC Worldwide Americas | V17: "BBC Worldwide Americas" | #BBCWorldwideAmericas
J18: BH Tilt | K18: Studio - Independent | L18: https://www.youtube.com/channel/UCYt7jyCUwuhpFvPT3qAlj8w | M18: Unknown | N18: "BH Tilt" OR @BHTilt OR #BHTilt | O18: Musical | R18: BH Tilt | S18: Studio - Independent | T18: https://www.youtube.com/channel/UCYt7jyCUwuhpFvPT3qAlj8w | V18: "BH Tilt" | @BHTilt | #BHTilt
J19: Big World Pictures | K19: Studio - Independent | L19: https://www.youtube.com/channel/UCx1mHWMsCO96ungWSwS5Udg | M19: Unknown | N19: "Big World Pictures" OR @JonathanDHowell OR #BigWorldPictures | O19: Mystery | R19: Big World Pictures | S19: Studio - Independent | T19: https://www.youtube.com/channel/UCx1mHWMsCO96ungWSwS5Udg | U19: Big World Pictures | V19: "Big World Pictures" | @JonathanDHowell | #BigWorldPictures
J20: Bleecker Street | K20: Studio - Independent | L20: https://www.youtube.com/user/BleeckerStFilms | M20: Unknown | N20: "Bleecker Street" OR @bleeckerstfilms OR #BleeckerStreet | O20: News | R20: Bleecker Street | S20: Studio - Independent | T20: https://www.youtube.com/user/BleeckerStFilms | U20: Bleecker Street Media | V20: "Bleecker Street" | @bleeckerstfilms | #BleeckerStreet
J21: Bond/360 | K21: Studio - Independent | M21: Unknown | N21: "Bond/360" OR @BONDFilm OR #Bond360 | O21: Reality Tv | R21: Bond/360 | S21: Studio - Independent | V21: "Bond/360" | @BONDFilm | #Bond360
J22: Brainstorm Media | K22: Studio - Independent | L22: https://www.youtube.com/@BrainstormMedia90212 | M22: Unknown | N22: "Brainstorm Media" OR #BrainstormMedia | O22: Romance | R22: Brainstorm Media | S22: Studio - Independent | T22: https://www.youtube.com/@BrainstormMedia90212 | U22: Brainstorm Media | V22: "Brainstorm Media" | #BrainstormMedia
J23: Breaking Glass Pictures | K23: Studio - Independent | L23: https://www.youtube.com/user/OfficialBGP | M23: Unknown | N23: "Breaking Glass Pictures" OR @BreakingGlassPx OR #BreakingGlassPictures | O23: Sci Fi | R23: Breaking Glass Pictures | S23: Studio - Independent | T23: https://www.youtube.com/user/OfficialBGP | V23: "Breaking Glass Pictures" | @BreakingGlassPx | #BreakingGlassPictures
J24: Broad Green Pictures | K24: Studio - Independent | L24: https://www.youtube.com/channel/UCgOaC_IwC5-Vi9m6u1y9VWA | M24: Unknown | N24: "Broad Green Pictures" OR @broadgreen OR #BroadGreenPictures | O24: Short | R24: Broad Green Pictures | S24: Studio - Independent | T24: https://www.youtube.com/channel/UCgOaC_IwC5-Vi9m6u1y9VWA | U24: Broad Green Pictures | V24: "Broad Green Pictures" | @broadgreen | #BroadGreenPictures
J25: CanZion Films | K25: Studio - Independent | L25: https://www.youtube.com/user/canzionfilms | M25: Unknown | N25: "CanZion Films" OR @canzionfilms OR #CanZionFilms | O25: Sport | R25: CanZion Films | S25: Studio - Independent | T25: https://www.youtube.com/user/canzionfilms | V25: "CanZion Films" | @canzionfilms | #CanZionFilms
J26: CBS Films | K26: Studio - Independent | L26: https://www.youtube.com/user/CBSFilms | M26: Unknown | N26: "CBS Films" OR @CBSFilms OR #CBSFilms | O26: Talk Show | R26: CBS Films | S26: Studio - Independent | T26: https://www.youtube.com/user/CBSFilms | U26: CBS Films | V26: "CBS Films" | @CBSFilms | #CBSFilms
J27: Cinema Libre | K27: Studio - Independent | L27: https://www.youtube.com/user/CinemaLibre | M27: Unknown | N27: "Cinema Libre" OR @cinemalibre OR #CinemaLibre | O27: Thriller | R27: Cinema Libre | S27: Studio - Independent | T27: https://www.youtube.com/user/CinemaLibre | U27: Cinema Libre Studio | V27: "Cinema Libre" | @cinemalibre | #CinemaLibre
J28: Cinestaan | K28: Studio - Independent | L28: https://www.youtube.com/channel/UCNMUBdKm5y66neKKmfZVyPQ | M28: Unknown | N28: "Cinestaan" OR @cinestaan OR #Cinestaan | O28: War | R28: Cinestaan | S28: Studio - Independent | T28: https://www.youtube.com/channel/UCNMUBdKm5y66neKKmfZVyPQ | V28: "Cinestaan" | @cinestaan | #Cinestaan
J29: China Lion | K29: Studio - Independent | L29: https://www.youtube.com/user/chinalionfilm | M29: Unknown | N29: "China Lion" OR @chinalionfilm OR #ChinaLion | O29: Western | R29: China Lion | S29: Studio - Independent | T29: https://www.youtube.com/user/chinalionfilm | U29: China Lion | V29: "China Lion" | @chinalionfilm | #ChinaLion
J30: Cinedigm Entertainment | K30: Studio - Independent | L30: https://www.youtube.com/user/NewVideoDigital | M30: Unknown | N30: "Cinedigm Entertainment" OR @Cinedigm OR #CinedigmEntertainment | R30: Cinedigm Entertainment | S30: Studio - Independent | T30: https://www.youtube.com/user/NewVideoDigital | U30: Cinedigm Entertainment | V30: "Cinedigm Entertainment" | @Cinedigm | #CinedigmEntertainment
J31: City Drive Films | K31: Studio - Independent | L31: https://www.youtube.com/user/TCDDC3 | M31: Unknown | N31: "City Drive Films" OR @CityDriveFilms OR #CityDriveFilms | R31: City Drive Films | S31: Studio - Independent | T31: https://www.youtube.com/user/TCDDC3 | V31: "City Drive Films" | @CityDriveFilms | #CityDriveFilms
J32: CJ Entertainment | K32: Studio - Independent | L32: https://www.youtube.com/user/CJEntertainmentUSA | M32: Unknown | N32: "CJ Entertainment" OR @CJENT_USA OR #CJEntertainment | R32: CJ Entertainment | S32: Studio - Independent | T32: https://www.youtube.com/user/CJEntertainmentUSA | V32: "CJ Entertainment" | @CJENT_USA | #CJEntertainment
J33: Clarius Entertainment | K33: Studio - Independent | M33: Unknown | N33: "Clarius Entertainment" OR #ClariusEntertainment | R33: Clarius Entertainment | S33: Studio - Independent | U33: Clarius Entertainment | V33: "Clarius Entertainment" | #ClariusEntertainment
J34: Cleopatra Films | K34: Studio - Independent | M34: Unknown | N34: "Cleopatra Films" OR #CleopatraFilms | R34: Cleopatra Films | S34: Studio - Independent | V34: "Cleopatra Films" | #CleopatraFilms
J35: Cohen Media Group | K35: Studio - Independent | L35: https://www.youtube.com/user/CohenMediaGroup | M35: Unknown | N35: "Cohen Media Group" OR @CohenMediaGroup OR #CohenMediaGroup | R35: Cohen Media Group | S35: Studio - Independent | T35: https://www.youtube.com/user/CohenMediaGroup | U35: Cohen Media Group | V35: "Cohen Media Group" | @CohenMediaGroup | #CohenMediaGroup
J36: Dada Films | K36: Studio - Independent | M36: Unknown | N36: "Dada Films" OR #DadaFilms | R36: Dada Films | S36: Studio - Independent | U36: Dada Films | V36: "Dada Films" | #DadaFilms
J37: Diginext Films | K37: Studio - Independent | L37: https://www.youtube.com/channel/UCpMyE_fbK21NaH94O__Xz0Q | M37: Unknown | N37: "Diginext Films" OR #DiginextFilms | R37: Diginext Films | S37: Studio - Independent | T37: https://www.youtube.com/channel/UCpMyE_fbK21NaH94O__Xz0Q | V37: "Diginext Films" | #DiginextFilms
J38: Dimension Films | K38: Studio - Independent | L38: https://www.youtube.com/user/DimensionHorror | M38: Unknown | N38: "Dimension Films" OR @DimensionFilms OR #DimensionFilms | R38: Dimension Films | S38: Studio - Independent | T38: https://www.youtube.com/user/DimensionHorror | U38: Dimension Films | V38: "Dimension Films" | @DimensionFilms | #DimensionFilms
J39: Disney | K39: Studio - Major | L39: https://www.youtube.com/@Disney | M39: Walt Disney Pictures | N39: "Disney" OR "Pixar" OR @Pixar OR @Disney OR @DisneyStudios OR @DisneyAnimation OR #Disney OR #pixar | R39: Disney | S39: Studio - Major | T39: https://www.youtube.com/user/Disney | U39: Walt Disney Pictures | V39: "Disney" | "Pixar" | @Pixar | @Disney | @DisneyStudios | @DisneyAnimation | #Disney | #pixar
J40: DisruptiveLA | K40: Studio - Independent | M40: Unknown | N40: "DisruptiveLA" OR #DisruptiveLA | R40: DisruptiveLA | S40: Studio - Independent | V40: "DisruptiveLA" | #DisruptiveLA
J41: Distrib Films | K41: Studio - Independent | L41: https://www.youtube.com/channel/UCA27eNlbatrLHhWZyHMUDew | M41: Unknown | N41: "Distrib Films" OR @distribfilmsus OR #DistribFilms | R41: Distrib Films | S41: Studio - Independent | T41: https://www.youtube.com/channel/UCA27eNlbatrLHhWZyHMUDew | U41: Distrib Films | V41: "Distrib Films" | @distribfilmsus | #DistribFilms
J42: Drafthouse | K42: Studio - Independent | L42: https://www.youtube.com/user/drafthousefilms | M42: Unknown | N42: "Drafthouse" OR #Drafthouse | R42: Drafthouse | S42: Studio - Independent | T42: https://www.youtube.com/user/drafthousefilms | U42: Drafthouse Films | V42: "Drafthouse" | #Drafthouse
J43: DreamWorks / 20th Century Fox | K43: Studio - Major | L43: http://www.youtube.com/user/DreamworksAnimation | M43: Walt Disney Pictures | N43: "DreamWorks / 20th Century Fox" OR @Dreamworks OR @20thcentury OR #DreamWorks OR #20thCenturyFox | R43: DreamWorks / 20th Century Fox | S43: Studio - Major | T43: http://www.youtube.com/user/DreamworksAnimation | U43: DreamWorks Home Entertainment | V43: "DreamWorks / 20th Century Fox" | @Dreamworks | @20thcentury | #DreamWorks | #20thCenturyFox
J44: Electric Entertainment | K44: Studio - Independent | L44: https://www.youtube.com/user/officialElectricE | M44: Unknown | N44: "Electric Entertainment" OR @ElectricEnt1 OR #ElectricEntertainment | R44: Electric Entertainment | S44: Studio - Independent | T44: https://www.youtube.com/user/officialElectricE | V44: "Electric Entertainment" | @ElectricEnt1 | #ElectricEntertainment
J45: Eleven Arts | K45: Studio - Independent | L45: https://www.youtube.com/user/ELEVENARTSinc | M45: Unknown | N45: "Eleven Arts" OR @ELEVEN_ARTS OR #ElevenArts | R45: Eleven Arts | S45: Studio - Independent | T45: https://www.youtube.com/user/ELEVENARTSinc | U45: Eleven Arts | V45: "Eleven Arts" | @ELEVEN_ARTS | #ElevenArts
J46: Entertainment One | K46: Studio - Independent | L46: https://www.youtube.com/user/entertainmentone | M46: Unknown | N46: "Entertainment One" OR @entonegroup OR #EntertainmentOne | R46: Entertainment One | S46: Studio - Independent | T46: https://www.youtube.com/user/entertainmentone | U46: Entertainment One | V46: "Entertainment One" | @entonegroup | #EntertainmentOne
J47: Epic Pictures Releasing | K47: Studio - Independent | L47: https://www.youtube.com/user/epicpicturesgroup | M47: Unknown | N47: "Epic Pictures Releasing" OR @epic_pictures OR #EpicPicturesReleasing | R47: Epic Pictures Releasing | S47: Studio - Independent | T47: https://www.youtube.com/user/epicpicturesgroup | V47: "Epic Pictures Releasing" | @epic_pictures | #EpicPicturesReleasing
J48: ESX Entertainment | K48: Studio - Independent | L48: https://www.youtube.com/channel/UCW6ZAYDUG7-lfzuN2TuZtzg | M48: Unknown | N48: "ESX Entertainment" OR @ESXentertain OR #ESXEntertainment | R48: ESX Entertainment | S48: Studio - Independent | T48: https://www.youtube.com/channel/UCW6ZAYDUG7-lfzuN2TuZtzg | V48: "ESX Entertainment" | @ESXentertain | #ESXEntertainment
J49: EuropaCorp | K49: Studio - Independent | L49: https://www.youtube.com/channel/UCfNROWwwASS1Zwy7s0Xyu6A | M49: Unknown | N49: "EuropaCorp" OR @EuropaCorp OR #EuropaCorp | R49: EuropaCorp | S49: Studio - Independent | T49: https://www.youtube.com/channel/UCfNROWwwASS1Zwy7s0Xyu6A | V49: "EuropaCorp" | @EuropaCorp | #EuropaCorp
J50: FilmBuff | K50: Studio - Independent | L50: https://www.youtube.com/filmbuff | M50: Unknown | N50: "FilmBuff" OR @FilmBuff OR #FilmBuff | R50: FilmBuff | S50: Studio - Independent | T50: https://www.youtube.com/filmbuff | U50: FilmBuff | V50: "FilmBuff" | @FilmBuff | #FilmBuff
J51: Film Movement | K51: Studio - Independent | L51: https://www.youtube.com/user/FilmMovement | M51: Unknown | N51: "Film Movement" OR @film_movement OR #FilmMovement | R51: Film Movement | S51: Studio - Independent | T51: https://www.youtube.com/user/FilmMovement | U51: Film Movement | V51: "Film Movement" | @film_movement | #FilmMovement
J52: FilmRise | K52: Studio - Independent | L52: https://www.youtube.com/channel/UCigBBfWRC05eW9_5DjJLq_Q | M52: Unknown | N52: "FilmRise" OR @filmrisetv OR #FilmRise | R52: FilmRise | S52: Studio - Independent | T52: https://www.youtube.com/channel/UCigBBfWRC05eW9_5DjJLq_Q | U52: FilmRise | V52: "FilmRise" | @filmrisetv | #FilmRise
J53: First Run | K53: Studio - Independent | L53: https://www.youtube.com/user/firstrunfeaturesnyc | M53: Unknown | N53: "First Run" OR @firstrun OR #FirstRun | R53: First Run | S53: Studio - Independent | T53: https://www.youtube.com/user/firstrunfeaturesnyc | U53: First Run Features | V53: "First Run" | @firstrun | #FirstRun
J54: Five & Two Pictures | K54: Studio - Independent | M54: Unknown | N54: "Five & Two Pictures" OR #FiveTwoPictures | R54: Five & Two Pictures | S54: Studio - Independent | V54: "Five & Two Pictures" | #FiveTwoPictures
J55: Focus Features | K55: Studio - Independent | L55: https://www.youtube.com/user/FocusFeatures | M55: Universal Pictures | N55: "Focus Features" OR @FocusFeatures OR #FocusFeatures | R55: Focus Features | S55: Studio - Independent | T55: https://www.youtube.com/user/FocusFeatures | U55: Universal Pictures | V55: "Focus Features" | @FocusFeatures | #FocusFeatures
J56: Focus World | K56: Studio - Independent | L56: https://www.youtube.com/channel/UCd2lKedSVlGI8FVL9m5a9PQ | M56: Unknown | N56: "Focus World" OR @FocusWorld OR #FocusWorld | R56: Focus World | S56: Studio - Independent | T56: https://www.youtube.com/channel/UCd2lKedSVlGI8FVL9m5a9PQ | U56: Focus World | V56: "Focus World" | @FocusWorld | #FocusWorld
J57: Fork Films | K57: Studio - Independent | L57: https://www.youtube.com/channel/UC8rtLjz6aLi6HAZ1yrNfGzw | M57: Unknown | N57: "Fork Films" OR @ForkFilms OR #ForkFilms | R57: Fork Films | S57: Studio - Independent | T57: https://www.youtube.com/channel/UC8rtLjz6aLi6HAZ1yrNfGzw | V57: "Fork Films" | @ForkFilms | #ForkFilms
J58: Searchlight Pictures | K58: Studio - Independent | L58: https://www.youtube.com/user/FoxSearchlight | M58: Searchlight Pictures | N58: "Searchlight Pictures" OR @searchlightpics OR #SearchlightPictures | R58: Searchlight Pictures | S58: Studio - Independent | T58: https://www.youtube.com/user/FoxSearchlight | U58: Fox Searchlight Pictures | V58: "Searchlight Pictures" | @searchlightpics | #SearchlightPictures
J59: Fox STAR Studios | K59: Studio - Independent | L59: https://www.youtube.com/user/FoxStarHindi | M59: Unknown | N59: "Fox STAR Studios" OR @foxstarhindi OR #FoxSTARStudios | R59: Fox STAR Studios | S59: Studio - Independent | T59: https://www.youtube.com/user/FoxStarHindi | V59: "Fox STAR Studios" | @foxstarhindi | #FoxSTARStudios
J60: Freestyle Releasing | K60: Studio - Independent | L60: https://www.youtube.com/channel/UC-ZrPpPr79psf_4Y6AbIxSA | M60: Unknown | N60: "Freestyle Releasing" OR @freestylerel OR #FreestyleReleasing | R60: Freestyle Releasing | S60: Studio - Independent | T60: https://www.youtube.com/channel/UC-ZrPpPr79psf_4Y6AbIxSA | U60: Freestyle Releasing | V60: "Freestyle Releasing" | @freestylerel | #FreestyleReleasing
J61: Fullscreen Films | K61: Studio - Independent | L61: https://www.youtube.com/user/Fullscreen | M61: Unknown | N61: "Fullscreen Films" OR #FullscreenFilms | R61: Fullscreen Films | S61: Studio - Independent | T61: https://www.youtube.com/user/Fullscreen | V61: "Fullscreen Films" | #FullscreenFilms
J62: FUNimation Entertainment | K62: Studio - Independent | L62: https://www.youtube.com/user/FUNimation | M62: Unknown | N62: "FUNimation Entertainment" OR @FUNimation OR #FUNimationEntertainment | R62: FUNimation Entertainment | S62: Studio - Independent | T62: https://www.youtube.com/user/FUNimation | U62: FUNimation Entertainment | V62: "FUNimation Entertainment" | @FUNimation | #FUNimationEntertainment
J63: Gathr Films | K63: Studio - Independent | M63: Unknown | N63: "Gathr Films" OR @GathrFilms OR #GathrFilms | R63: Gathr Films | S63: Studio - Independent | V63: "Gathr Films" | @GathrFilms | #GathrFilms
J64: GKIDS | K64: Studio - Independent | L64: https://www.youtube.com/user/GKIDStv | M64: Unknown | N64: "GKIDS" OR @gkidsfilms OR #GKIDS | R64: GKIDS | S64: Studio - Independent | T64: https://www.youtube.com/user/GKIDStv | V64: "GKIDS" | @gkidsfilms | #GKIDS
J65: Gravitas Ventures | K65: Studio - Independent | L65: https://www.youtube.com/user/GravitasVOD | M65: Unknown | N65: "Gravitas Ventures" OR @GravitasVOD OR #GravitasVentures | R65: Gravitas Ventures | S65: Studio - Independent | T65: https://www.youtube.com/user/GravitasVOD | U65: Gravitas Ventures | V65: "Gravitas Ventures" | @GravitasVOD | #GravitasVentures
J66: GVN Releasing | K66: Studio - Independent | L66: https://www.youtube.com/channel/UCo1oPj6t6uVt_hncvoE41cw | M66: Unknown | N66: "GVN Releasing" OR @gvnreleasing OR #GVNReleasing | R66: GVN Releasing | S66: Studio - Independent | T66: https://www.youtube.com/channel/UCo1oPj6t6uVt_hncvoE41cw | U66: GVN Releasing | V66: "GVN Releasing" | @gvnreleasing | #GVNReleasing
J67: Hammond Entertainment | K67: Studio - Independent | M67: Unknown | N67: "Hammond Entertainment" OR #HammondEntertainment | R67: Hammond Entertainment | S67: Studio - Independent | V67: "Hammond Entertainment" | #HammondEntertainment
J68: Hannover House | K68: Studio - Independent | L68: https://www.youtube.com/user/HannoverMovies | M68: Unknown | N68: "Hannover House" OR #HannoverHouse | R68: Hannover House | S68: Studio - Independent | T68: https://www.youtube.com/user/HannoverMovies | U68: Hannover House | V68: "Hannover House" | #HannoverHouse
J69: Honora Productions | K69: Studio - Independent | L69: https://www.youtube.com/channel/UCBVDbMnHRML8pF2tpDLxAIg | M69: Unknown | N69: "Honora Productions" OR @honorafilms OR #HonoraProductions | R69: Honora Productions | S69: Studio - Independent | T69: https://www.youtube.com/channel/UCBVDbMnHRML8pF2tpDLxAIg | U69: Honora Productions | V69: "Honora Productions" | @honorafilms | #HonoraProductions
J70: Icarus Films | K70: Studio - Independent | L70: https://www.youtube.com/user/IcarusFilmsNY | M70: Unknown | N70: "Icarus Films" OR @IcarusFilms OR #IcarusFilms | R70: Icarus Films | S70: Studio - Independent | T70: https://www.youtube.com/user/IcarusFilmsNY | V70: "Icarus Films" | @IcarusFilms | #IcarusFilms
J71: IFC Films | K71: Studio - Independent | L71: https://www.youtube.com/user/IFCFilmsTube | M71: Unknown | N71: "IFC Films" OR "IFC Midnight" OR @IFCMidnight OR @IFCFilms OR #IFCFilms OR #IFCMidnight | R71: IFC Films | S71: Studio - Independent | T71: https://www.youtube.com/user/IFCFilmsTube | U71: IFC Films | V71: "IFC Films" | "IFC Midnight" | @IFCMidnight | @IFCFilms | #IFCFilms | #IFCMidnight
J72: IMAX | K72: Studio - Independent | L72: https://www.youtube.com/user/imaxmovies | M72: Unknown | N72: "IMAX" OR @IMAX OR #IMAX | R72: IMAX | S72: Studio - Independent | T72: https://www.youtube.com/user/imaxmovies | U72: IMAX | V72: "IMAX" | @IMAX | #IMAX
J73: Indican Pictures | K73: Studio - Independent | L73: https://www.youtube.com/user/IndicanPictures | M73: Unknown | N73: "Indican Pictures" OR @IndicanPictures OR #IndicanPictures | R73: Indican Pictures | S73: Studio - Independent | T73: https://www.youtube.com/user/IndicanPictures | U73: Indican Pictures | V73: "Indican Pictures" | @IndicanPictures | #IndicanPictures
J74: International Film Circuit | K74: Studio - Independent | L74: https://www.youtube.com/user/INTLFilmCircuit | M74: Unknown | N74: "International Film Circuit" OR #InternationalFilmCircuit | R74: International Film Circuit | S74: Studio - Independent | T74: https://www.youtube.com/user/INTLFilmCircuit | U74: International Film Circuit | V74: "International Film Circuit" | #InternationalFilmCircuit
J75: Janus Films | K75: Studio - Independent | L75: https://www.youtube.com/user/janusfilmsnyc | M75: Unknown | N75: "Janus Films" OR @janusfilms OR #JanusFilms | R75: Janus Films | S75: Studio - Independent | T75: https://www.youtube.com/user/janusfilmsnyc | U75: Janus Films | V75: "Janus Films" | @janusfilms | #JanusFilms
J76: Jsenko Productions | K76: Studio - Independent | M76: Unknown | N76: "Jsenko Productions" OR #JsenkoProductions | R76: Jsenko Productions | S76: Studio - Independent | V76: "Jsenko Productions" | #JsenkoProductions
J77: Ketchup Entertainment | K77: Studio - Independent | L77: https://www.youtube.com/user/KetchupEnt | M77: Unknown | N77: "Ketchup Entertainment" OR #KetchupEntertainment | R77: Ketchup Entertainment | S77: Studio - Independent | T77: https://www.youtube.com/user/KetchupEnt | U77: Ketchup Entertainment | V77: "Ketchup Entertainment" | #KetchupEntertainment
J78: Kino Lorber | K78: Studio - Independent | L78: https://www.youtube.com/user/kinolorber | M78: Unknown | N78: "Kino Lorber" OR @KinoLorber OR #KinoLorber | R78: Kino Lorber | S78: Studio - Independent | T78: https://www.youtube.com/user/kinolorber | U78: Kino Lorber Films | V78: "Kino Lorber" | @KinoLorber | #KinoLorber
J79: Leisure Time Features | K79: Studio - Independent | M79: Unknown | N79: "Leisure Time Features" OR #LeisureTimeFeatures | R79: Leisure Time Features | S79: Studio - Independent | V79: "Leisure Time Features" | #LeisureTimeFeatures
J80: Level 33 Entertainment | K80: Studio - Independent | L80: https://www.youtube.com/channel/UCY0vSwi_U-ixmy6nrErmx7A | M80: Unknown | N80: "Level 33 Entertainment" OR @Level33_ent OR #Level33Entertainment | R80: Level 33 Entertainment | S80: Studio - Independent | T80: https://www.youtube.com/channel/UCY0vSwi_U-ixmy6nrErmx7A | U80: Level 33 Entertainment | V80: "Level 33 Entertainment" | @Level33_ent | #Level33Entertainment
J81: Lionsgate / Summit | K81: Studio - Independent | L81: https://www.youtube.com/user/LionsgateLIVE | M81: Lionsgate | N81: "Lionsgate" OR @Lionsgate OR #lionsgate | R81: Lionsgate / Summit | S81: Studio - Independent | T81: https://www.youtube.com/user/LionsgateLIVE | U81: Lionsgate | V81: "Lionsgate" | @Lionsgate | #lionsgate
J82: Lookhu | K82: Studio - Independent | M82: Unknown | N82: "Lookhu" OR @lookhuu OR #Lookhu | R82: Lookhu | S82: Studio - Independent | V82: "Lookhu" | @lookhuu | #Lookhu
J83: Magnolia | K83: Studio - Independent | L83: https://www.youtube.com/user/MagnoliaPictures | M83: Unknown | N83: "Magnolia" OR @MagnoliaPics OR #Magnolia | R83: Magnolia | S83: Studio - Independent | T83: https://www.youtube.com/user/MagnoliaPictures | U83: Magnolia Pictures | V83: "Magnolia" | @MagnoliaPics | #Magnolia
J84: Main Street Films | K84: Studio - Independent | L84: https://www.youtube.com/user/MainStMovies | M84: Unknown | N84: "Main Street Films" OR #MainStreetFilms | R84: Main Street Films | S84: Studio - Independent | T84: https://www.youtube.com/user/MainStMovies | V84: "Main Street Films" | #MainStreetFilms
J85: Marvista Entertainment | K85: Studio - Independent | L85: https://www.youtube.com/user/MarvistaEnt | M85: Unknown | N85: "Marvista Entertainment" OR @MarVistaEnt OR #MarvistaEntertainment | R85: Marvista Entertainment | S85: Studio - Independent | T85: https://www.youtube.com/user/MarvistaEnt | U85: Marvista Entertainment | V85: "Marvista Entertainment" | @MarVistaEnt | #MarvistaEntertainment
J86: Matson Films | K86: Studio - Independent | M86: Unknown | N86: "Matson Films" OR #MatsonFilms | R86: Matson Films | S86: Studio - Independent | U86: Matson Films | V86: "Matson Films" | #MatsonFilms
J87: Menemsha Films | K87: Studio - Independent | L87: https://www.youtube.com/user/MenemshaFilmsUS | M87: Unknown | N87: "Menemsha Films" OR @MenemshaFilms OR #MenemshaFilms | R87: Menemsha Films | S87: Studio - Independent | T87: https://www.youtube.com/user/MenemshaFilmsUS | V87: "Menemsha Films" | @MenemshaFilms | #MenemshaFilms
J88: Millennium Ent. | K88: Studio - Independent | M88: Unknown | N88: "Millennium Ent." OR @MillenniumFilms OR #MillenniumEnt | R88: Millennium Ent. | S88: Studio - Independent | V88: "Millennium Ent." | @MillenniumFilms | #MillenniumEnt
J89: Mitropoulos Films | K89: Studio - Independent | M89: Unknown | N89: "Mitropoulos Films" OR #MitropoulosFilms | R89: Mitropoulos Films | S89: Studio - Independent | V89: "Mitropoulos Films" | #MitropoulosFilms
J90: Mirror Images | K90: Studio - Independent | L90: https://www.youtube.com/user/MirrorImagesLTD | M90: Unknown | N90: "Mirror Images" OR #MirrorImages | R90: Mirror Images | S90: Studio - Independent | T90: https://www.youtube.com/user/MirrorImagesLTD | V90: "Mirror Images" | #MirrorImages
J91: Monterey Media, Inc. | K91: Studio - Independent | L91: https://www.youtube.com/user/montereytrailers | M91: Unknown | N91: "Monterey Media" OR #MontereyMedia | R91: Monterey Media, Inc. | S91: Studio - Independent | T91: https://www.youtube.com/user/montereytrailers | U91: Monterey Media | V91: "Monterey Media" | #MontereyMedia
J92: Music Box Films | K92: Studio - Independent | L92: https://www.youtube.com/user/musicboxfilmsdistrib | M92: Unknown | N92: "Music Box Films" OR @musicboxfilms OR #MusicBoxFilms | R92: Music Box Films | S92: Studio - Independent | T92: https://www.youtube.com/user/musicboxfilmsdistrib | U92: Music Box Films | V92: "Music Box Films" | @musicboxfilms | #MusicBoxFilms
J93: Netflix | K93: Studio - Independent | L93: https://www.youtube.com/user/NewOnNetflix | M93: Netflix | N93: "Netflix" OR @NetflixFilm OR @netflix OR #NetflixFilms OR #Netflix | R93: Netflix | S93: Studio - Independent | T93: https://www.youtube.com/user/NewOnNetflix | U93: Netflix | V93: "Netflix" | @NetflixFilm | @netflix | #NetflixFilms | #Netflix
J94: Ocean Avenue Entertainment | K94: Studio - Independent | M94: Unknown | N94: "Ocean Avenue Entertainment" OR @OceanAveEnt OR #OceanAvenueEntertainment | R94: Ocean Avenue Entertainment | S94: Studio - Independent | V94: "Ocean Avenue Entertainment" | @OceanAveEnt | #OceanAvenueEntertainment
J95: Open Road Films | K95: Studio - Independent | L95: https://www.youtube.com/user/openroadfilms | M95: Unknown | N95: "Open Road Films" OR @OpenRoadFilms OR #OpenRoadFilms | R95: Open Road Films | S95: Studio - Independent | T95: https://www.youtube.com/user/openroadfilms | V95: "Open Road Films" | @OpenRoadFilms | #OpenRoadFilms
J96: Orion Pictures | K96: Studio - Independent | L96: https://www.youtube.com/user/orionreleasing | M96: Unknown | N96: "Orion Pictures" OR @OrionPictures OR #OrionPictures | R96: Orion Pictures | S96: Studio - Independent | T96: https://www.youtube.com/user/orionreleasing | U96: Orion Pictures | V96: "Orion Pictures" | @OrionPictures | #OrionPictures
J97: Oscilloscope Pictures | K97: Studio - Independent | L97: https://www.youtube.com/user/oscopelabs | M97: Unknown | N97: "Oscilloscope Pictures" OR @oscopelabs OR #OscilloscopePictures | R97: Oscilloscope Pictures | S97: Studio - Independent | T97: https://www.youtube.com/user/oscopelabs | U97: Oscilloscope Pictures | V97: "Oscilloscope Pictures" | @oscopelabs | #OscilloscopePictures
J98: Paladin | K98: Studio - Independent | L98: https://www.youtube.com/user/paladinpictures | M98: Unknown | N98: "Paladin" OR @PaladinMedia OR #Paladin | R98: Paladin | S98: Studio - Independent | T98: https://www.youtube.com/user/paladinpictures | U98: Paladin | V98: "Paladin" | @PaladinMedia | #Paladin
J99: Pantelion | K99: Studio - Independent | L99: https://www.youtube.com/user/PantelionFilms | M99: Unknown | N99: "Pantelion" OR @PantelionFilms OR #Pantelion | R99: Pantelion | S99: Studio - Independent | T99: https://www.youtube.com/user/PantelionFilms | U99: Pantelion Films | V99: "Pantelion" | @PantelionFilms | #Pantelion
J100: Parade Deck Films | K100: Studio - Independent | M100: Unknown | N100: "Parade Deck Films" OR #ParadeDeckFilms | R100: Parade Deck Films | S100: Studio - Independent | U100: Parade Deck Films | V100: "Parade Deck Films" | #ParadeDeckFilms
...
