Workbook

Sheet BrandDef
A1: brand_id | B1: title | C1: title_category | D1: title_sub_category | E1: genre | F1: primary_genre | G1: rovi_id | H1: ticker_symbol | I1: title_content_windows | J1: companies | K1: brand_set | L1: active | M1: released_on | N1: box_office | O1: street_date | P1: gross_screen | Q1: opening_weekend_box_office | R1: network | S1: facebook_page | T1: twitter_handle | U1: instagram_user | V1: youtube_channel_username | W1: tiktok_user | X1: linkedin_page | Y1: tumblr_page | Z1: pinterest_user_username | AA1: pinterest_board | AB1: wikipedia_page | AC1: rottentomatoes | AD1: imdb_id | AE1: metacritic | AF1: facebook_search_terms | AG1: twitter_search_terms | AH1: instagram_search_terms | AI1: tumblr_search_terms | AJ1: twitter_search_term_keywords | AK1: youtube_search_terms | AL1: url_managers
B2: ='Ingest Template'!B2&IF('Ingest Template'!A2 = "Standard", " - DAR","") -> - DAR | C2: ='Ingest Template'!C2 -> Sports Franchise | D2: ='Ingest Template'!E2 | J2: ='Ingest Template'!Q2 -> Pristine Brand | K2: ='Ingest Template'!R2 | L2: t | R2: ='Ingest Template'!D2 | S2: ='Ingest Template'!G2 | T2: ='Ingest Template'!H2 | U2: =LOWER(SUBSTITUTE(SUBSTITUTE(SUBSTITUTE(SUBSTITUTE(SUBSTITUTE('Ingest Template'!I2,"https:",""),"www.",""),"/",""),"?hl=en",""),"instagram.com","")) | V2: ='Ingest Template'!J2 | W2: ='Ingest Template'!K2 | Y2: =SUBSTITUTE(SUBSTITUTE(SUBSTITUTE('Ingest Template'!L2,"http:",""),"https:",""),"/","") | Z2: {=IF('Ingest Template'!A2="Standard",(IF(ISBLANK('Ingest Template'!M2),"", 'Ingest Template'!M2&"|DAR")),(IF(ISBLANK('Ingest Template'!M2),"", 'Ingest Template'!M2&"|Operations - Core Title")))} | AB2: ='Ingest Template'!F2 | AG2: {=IF('Ingest Template'!A2="Standard",(CONCATENATE(IF(ISBLANK('Ingest Template'!N2),"", 'Ingest Template'!N2&"|DAR"),CHAR(10), IF(ISBLANK('Ingest Template'!O2),"", 'Ingest Template'!O2&"|DAR"),CHAR(10), IF(ISBLANK('Ingest Template'!P2),"", 'Ingest Template'!P2&"|DAR"))),(CONCATENATE(IF(ISBLANK('Ingest Template'!N2),"", 'Ingest Template'!N2&"|Operations - Core Title"),CHAR(10), IF(ISBLANK('Ingest Template'!O2),"", 'Ingest Template'!O2&"|Operations - Core Title"),CHAR(10), IF(ISBLANK('Ingest Template'!P2),"", 'Ingest Template'!P2&"|Operations - Core Title"))))} -> #|DAR
B3: ='Ingest Template'!B3&IF('Ingest Template'!A3 = "Standard", " - DAR","") | C3: ='Ingest Template'!C3 | D3: ='Ingest Template'!E3 | J3: ='Ingest Template'!Q3 | K3: ='Ingest Template'!R3 | L3: t | R3: ='Ingest Template'!D3 | S3: ='Ingest Template'!G3 | T3: ='Ingest Template'!H3 | U3: =LOWER(SUBSTITUTE(SUBSTITUTE(SUBSTITUTE(SUBSTITUTE(SUBSTITUTE('Ingest Template'!I3,"https:",""),"www.",""),"/",""),"?hl=en",""),"instagram.com","")) | V3: ='Ingest Template'!J3 | W3: ='Ingest Template'!K3 | Y3: =SUBSTITUTE(SUBSTITUTE(SUBSTITUTE('Ingest Template'!L3,"http:",""),"https:",""),"/","") | Z3: {=IF('Ingest Template'!A3="Standard",(IF(ISBLANK('Ingest Template'!M3),"", 'Ingest Template'!M3&"|DAR")),(IF(ISBLANK('Ingest Template'!M3),"", 'Ingest Template'!M3&"|Operations - Core Title")))} | AB3: ='Ingest Template'!F3 | AG3: {=IF('Ingest Template'!A3="Standard",(CONCATENATE(IF(ISBLANK('Ingest Template'!N3),"", 'Ingest Template'!N3&"|DAR"),CHAR(10), IF(ISBLANK('Ingest Template'!O3),"", 'Ingest Template'!O3&"|DAR"),CHAR(10), IF(ISBLANK('Ingest Template'!P3),"", 'Ingest Template'!P3&"|DAR"))),(CONCATENATE(IF(ISBLANK('Ingest Template'!N3),"", 'Ingest Template'!N3&"|Operations - Core Title"),CHAR(10), IF(ISBLANK('Ingest Template'!O3),"", 'Ingest Template'!O3&"|Operations - Core Title"),CHAR(10), IF(ISBLANK('Ingest Template'!P3),"", 'Ingest Template'!P3&"|Operations - Core Title"))))} -> #|Operations - Core Title
B4: ='Ingest Template'!B4&IF('Ingest Template'!A4 = "Standard", " - DAR","") | C4: ='Ingest Template'!C4 | D4: ='Ingest Template'!E4 | J4: ='Ingest Template'!Q4 | K4: ='Ingest Template'!R4 | L4: t | R4: ='Ingest Template'!D4 | S4: ='Ingest Template'!G4 | T4: ='Ingest Template'!H4 | U4: =LOWER(SUBSTITUTE(SUBSTITUTE(SUBSTITUTE(SUBSTITUTE(SUBSTITUTE('Ingest Template'!I4,"https:",""),"www.",""),"/",""),"?hl=en",""),"instagram.com","")) | V4: ='Ingest Template'!J4 | W4: ='Ingest Template'!K4 | Y4: =SUBSTITUTE(SUBSTITUTE(SUBSTITUTE('Ingest Template'!L4,"http:",""),"https:",""),"/","") | Z4: {=IF('Ingest Template'!A4="Standard",(IF(ISBLANK('Ingest Template'!M4),"", 'Ingest Template'!M4&"|DAR")),(IF(ISBLANK('Ingest Template'!M4),"", 'Ingest Template'!M4&"|Operations - Core Title")))} | AB4: ='Ingest Template'!F4 | AG4: {=IF('Ingest Template'!A4="Standard",(CONCATENATE(IF(ISBLANK('Ingest Template'!N4),"", 'Ingest Template'!N4&"|DAR"),CHAR(10), IF(ISBLANK('Ingest Template'!O4),"", 'Ingest Template'!O4&"|DAR"),CHAR(10), IF(ISBLANK('Ingest Template'!P4),"", 'Ingest Template'!P4&"|DAR"))),(CONCATENATE(IF(ISBLANK('Ingest Template'!N4),"", 'Ingest Template'!N4&"|Operations - Core Title"),CHAR(10), IF(ISBLANK('Ingest Template'!O4),"", 'Ingest Template'!O4&"|Operations - Core Title"),CHAR(10), IF(ISBLANK('Ingest Template'!P4),"", 'Ingest Template'!P4&"|Operations - Core Title"))))} -> #|Operations - Core Title
B5: ='Ingest Template'!B5&IF('Ingest Template'!A5 = "Standard", " - DAR","") | C5: ='Ingest Template'!C5 | D5: ='Ingest Template'!E5 | J5: ='Ingest Template'!Q5 | K5: ='Ingest Template'!R5 | L5: t | R5: ='Ingest Template'!D5 | S5: ='Ingest Template'!G5 | T5: ='Ingest Template'!H5 | U5: =LOWER(SUBSTITUTE(SUBSTITUTE(SUBSTITUTE(SUBSTITUTE(SUBSTITUTE('Ingest Template'!I5,"https:",""),"www.",""),"/",""),"?hl=en",""),"instagram.com","")) | V5: ='Ingest Template'!J5 | W5: ='Ingest Template'!K5 | Y5: =SUBSTITUTE(SUBSTITUTE(SUBSTITUTE('Ingest Template'!L5,"http:",""),"https:",""),"/","") | Z5: {=IF('Ingest Template'!A5="Standard",(IF(ISBLANK('Ingest Template'!M5),"", 'Ingest Template'!M5&"|DAR")),(IF(ISBLANK('Ingest Template'!M5),"", 'Ingest Template'!M5&"|Operations - Core Title")))} | AB5: ='Ingest Template'!F5 | AG5: {=IF('Ingest Template'!A5="Standard",(CONCATENATE(IF(ISBLANK('Ingest Template'!N5),"", 'Ingest Template'!N5&"|DAR"),CHAR(10), IF(ISBLANK('Ingest Template'!O5),"", 'Ingest Template'!O5&"|DAR"),CHAR(10), IF(ISBLANK('Ingest Template'!P5),"", 'Ingest Template'!P5&"|DAR"))),(CONCATENATE(IF(ISBLANK('Ingest Template'!N5),"", 'Ingest Template'!N5&"|Operations - Core Title"),CHAR(10), IF(ISBLANK('Ingest Template'!O5),"", 'Ingest Template'!O5&"|Operations - Core Title"),CHAR(10), IF(ISBLANK('Ingest Template'!P5),"", 'Ingest Template'!P5&"|Operations - Core Title"))))} -> #|Operations - Core Title
B6: ='Ingest Template'!B6&IF('Ingest Template'!A6 = "Standard", " - DAR","") | C6: ='Ingest Template'!C6 | D6: ='Ingest Template'!E6 | J6: ='Ingest Template'!Q6 | K6: ='Ingest Template'!R6 | L6: t | R6: ='Ingest Template'!D6 | S6: ='Ingest Template'!G6 | T6: ='Ingest Template'!H6 | U6: =LOWER(SUBSTITUTE(SUBSTITUTE(SUBSTITUTE(SUBSTITUTE(SUBSTITUTE('Ingest Template'!I6,"https:",""),"www.",""),"/",""),"?hl=en",""),"instagram.com","")) | V6: ='Ingest Template'!J6 | W6: ='Ingest Template'!K6 | Y6: =SUBSTITUTE(SUBSTITUTE(SUBSTITUTE('Ingest Template'!L6,"http:",""),"https:",""),"/","") | Z6: {=IF('Ingest Template'!A6="Standard",(IF(ISBLANK('Ingest Template'!M6),"", 'Ingest Template'!M6&"|DAR")),(IF(ISBLANK('Ingest Template'!M6),"", 'Ingest Template'!M6&"|Operations - Core Title")))} | AB6: ='Ingest Template'!F6 | AG6: {=IF('Ingest Template'!A6="Standard",(CONCATENATE(IF(ISBLANK('Ingest Template'!N6),"", 'Ingest Template'!N6&"|DAR"),CHAR(10), IF(ISBLANK('Ingest Template'!O6),"", 'Ingest Template'!O6&"|DAR"),CHAR(10), IF(ISBLANK('Ingest Template'!P6),"", 'Ingest Template'!P6&"|DAR"))),(CONCATENATE(IF(ISBLANK('Ingest Template'!N6),"", 'Ingest Template'!N6&"|Operations - Core Title"),CHAR(10), IF(ISBLANK('Ingest Template'!O6),"", 'Ingest Template'!O6&"|Operations - Core Title"),CHAR(10), IF(ISBLANK('Ingest Template'!P6),"", 'Ingest Template'!P6&"|Operations - Core Title"))))} -> #|Operations - Core Title
B7: ='Ingest Template'!B7&IF('Ingest Template'!A7 = "Standard", " - DAR","") | C7: ='Ingest Template'!C7 | D7: ='Ingest Template'!E7 | J7: ='Ingest Template'!Q7 | K7: ='Ingest Template'!R7 | L7: t | R7: ='Ingest Template'!D7 | S7: ='Ingest Template'!G7 | T7: ='Ingest Template'!H7 | U7: =LOWER(SUBSTITUTE(SUBSTITUTE(SUBSTITUTE(SUBSTITUTE(SUBSTITUTE('Ingest Template'!I7,"https:",""),"www.",""),"/",""),"?hl=en",""),"instagram.com","")) | V7: ='Ingest Template'!J7 | W7: ='Ingest Template'!K7 | Y7: =SUBSTITUTE(SUBSTITUTE(SUBSTITUTE('Ingest Template'!L7,"http:",""),"https:",""),"/","") | Z7: {=IF('Ingest Template'!A7="Standard",(IF(ISBLANK('Ingest Template'!M7),"", 'Ingest Template'!M7&"|DAR")),(IF(ISBLANK('Ingest Template'!M7),"", 'Ingest Template'!M7&"|Operations - Core Title")))} | AB7: ='Ingest Template'!F7 | AG7: {=IF('Ingest Template'!A7="Standard",(CONCATENATE(IF(ISBLANK('Ingest Template'!N7),"", 'Ingest Template'!N7&"|DAR"),CHAR(10), IF(ISBLANK('Ingest Template'!O7),"", 'Ingest Template'!O7&"|DAR"),CHAR(10), IF(ISBLANK('Ingest Template'!P7),"", 'Ingest Template'!P7&"|DAR"))),(CONCATENATE(IF(ISBLANK('Ingest Template'!N7),"", 'Ingest Template'!N7&"|Operations - Core Title"),CHAR(10), IF(ISBLANK('Ingest Template'!O7),"", 'Ingest Template'!O7&"|Operations - Core Title"),CHAR(10), IF(ISBLANK('Ingest Template'!P7),"", 'Ingest Template'!P7&"|Operations - Core Title"))))} -> #|Operations - Core Title
B8: ='Ingest Template'!B8&IF('Ingest Template'!A8 = "Standard", " - DAR","") | C8: ='Ingest Template'!C8 | D8: ='Ingest Template'!E8 | J8: ='Ingest Template'!Q8 | K8: ='Ingest Template'!R8 | L8: t | R8: ='Ingest Template'!D8 | S8: ='Ingest Template'!G8 | T8: ='Ingest Template'!H8 | U8: =LOWER(SUBSTITUTE(SUBSTITUTE(SUBSTITUTE(SUBSTITUTE(SUBSTITUTE('Ingest Template'!I8,"https:",""),"www.",""),"/",""),"?hl=en",""),"instagram.com","")) | V8: ='Ingest Template'!J8 | W8: ='Ingest Template'!K8 | Y8: =SUBSTITUTE(SUBSTITUTE(SUBSTITUTE('Ingest Template'!L8,"http:",""),"https:",""),"/","") | Z8: {=IF('Ingest Template'!A8="Standard",(IF(ISBLANK('Ingest Template'!M8),"", 'Ingest Template'!M8&"|DAR")),(IF(ISBLANK('Ingest Template'!M8),"", 'Ingest Template'!M8&"|Operations - Core Title")))} | AB8: ='Ingest Template'!F8 | AG8: {=IF('Ingest Template'!A8="Standard",(CONCATENATE(IF(ISBLANK('Ingest Template'!N8),"", 'Ingest Template'!N8&"|DAR"),CHAR(10), IF(ISBLANK('Ingest Template'!O8),"", 'Ingest Template'!O8&"|DAR"),CHAR(10), IF(ISBLANK('Ingest Template'!P8),"", 'Ingest Template'!P8&"|DAR"))),(CONCATENATE(IF(ISBLANK('Ingest Template'!N8),"", 'Ingest Template'!N8&"|Operations - Core Title"),CHAR(10), IF(ISBLANK('Ingest Template'!O8),"", 'Ingest Template'!O8&"|Operations - Core Title"),CHAR(10), IF(ISBLANK('Ingest Template'!P8),"", 'Ingest Template'!P8&"|Operations - Core Title"))))} -> #|Operations - Core Title
B9: ='Ingest Template'!B9&IF('Ingest Template'!A9 = "Standard", " - DAR","") | C9: ='Ingest Template'!C9 | D9: ='Ingest Template'!E9 | J9: ='Ingest Template'!Q9 | K9: ='Ingest Template'!R9 | L9: t | R9: ='Ingest Template'!D9 | S9: ='Ingest Template'!G9 | T9: ='Ingest Template'!H9 | U9: =LOWER(SUBSTITUTE(SUBSTITUTE(SUBSTITUTE(SUBSTITUTE(SUBSTITUTE('Ingest Template'!I9,"https:",""),"www.",""),"/",""),"?hl=en",""),"instagram.com","")) | V9: ='Ingest Template'!J9 | W9: ='Ingest Template'!K9 | Y9: =SUBSTITUTE(SUBSTITUTE(SUBSTITUTE('Ingest Template'!L9,"http:",""),"https:",""),"/","") | Z9: {=IF('Ingest Template'!A9="Standard",(IF(ISBLANK('Ingest Template'!M9),"", 'Ingest Template'!M9&"|DAR")),(IF(ISBLANK('Ingest Template'!M9),"", 'Ingest Template'!M9&"|Operations - Core Title")))} | AB9: ='Ingest Template'!F9 | AG9: {=IF('Ingest Template'!A9="Standard",(CONCATENATE(IF(ISBLANK('Ingest Template'!N9),"", 'Ingest Template'!N9&"|DAR"),CHAR(10), IF(ISBLANK('Ingest Template'!O9),"", 'Ingest Template'!O9&"|DAR"),CHAR(10), IF(ISBLANK('Ingest Template'!P9),"", 'Ingest Template'!P9&"|DAR"))),(CONCATENATE(IF(ISBLANK('Ingest Template'!N9),"", 'Ingest Template'!N9&"|Operations - Core Title"),CHAR(10), IF(ISBLANK('Ingest Template'!O9),"", 'Ingest Template'!O9&"|Operations - Core Title"),CHAR(10), IF(ISBLANK('Ingest Template'!P9),"", 'Ingest Template'!P9&"|Operations - Core Title"))))} -> #|Operations - Core Title
B10: ='Ingest Template'!B10&IF('Ingest Template'!A10 = "Standard", " - DAR","") | C10: ='Ingest Template'!C10 | D10: ='Ingest Template'!E10 | J10: ='Ingest Template'!Q10 | K10: ='Ingest Template'!R10 | L10: t | R10: ='Ingest Template'!D10 | S10: ='Ingest Template'!G10 | T10: ='Ingest Template'!H10 | U10: =LOWER(SUBSTITUTE(SUBSTITUTE(SUBSTITUTE(SUBSTITUTE(SUBSTITUTE('Ingest Template'!I10,"https:",""),"www.",""),"/",""),"?hl=en",""),"instagram.com","")) | V10: ='Ingest Template'!J10 | W10: ='Ingest Template'!K10 | Y10: =SUBSTITUTE(SUBSTITUTE(SUBSTITUTE('Ingest Template'!L10,"http:",""),"https:",""),"/","") | Z10: {=IF('Ingest Template'!A10="Standard",(IF(ISBLANK('Ingest Template'!M10),"", 'Ingest Template'!M10&"|DAR")),(IF(ISBLANK('Ingest Template'!M10),"", 'Ingest Template'!M10&"|Operations - Core Title")))} | AB10: ='Ingest Template'!F10 | AG10: {=IF('Ingest Template'!A10="Standard",(CONCATENATE(IF(ISBLANK('Ingest Template'!N10),"", 'Ingest Template'!N10&"|DAR"),CHAR(10), IF(ISBLANK('Ingest Template'!O10),"", 'Ingest Template'!O10&"|DAR"),CHAR(10), IF(ISBLANK('Ingest Template'!P10),"", 'Ingest Template'!P10&"|DAR"))),(CONCATENATE(IF(ISBLANK('Ingest Template'!N10),"", 'Ingest Template'!N10&"|Operations - Core Title"),CHAR(10), IF(ISBLANK('Ingest Template'!O10),"", 'Ingest Template'!O10&"|Operations - Core Title"),CHAR(10), IF(ISBLANK('Ingest Template'!P10),"", 'Ingest Template'!P10&"|Operations - Core Title"))))} -> #|Operations - Core Title
B11: ='Ingest Template'!B11&IF('Ingest Template'!A11 = "Standard", " - DAR","") | C11: ='Ingest Template'!C11 | D11: ='Ingest Template'!E11 | J11: ='Ingest Template'!Q11 | K11: ='Ingest Template'!R11 | L11: t | R11: ='Ingest Template'!D11 | S11: ='Ingest Template'!G11 | T11: ='Ingest Template'!H11 | U11: =LOWER(SUBSTITUTE(SUBSTITUTE(SUBSTITUTE(SUBSTITUTE(SUBSTITUTE('Ingest Template'!I11,"https:",""),"www.",""),"/",""),"?hl=en",""),"instagram.com","")) | V11: ='Ingest Template'!J11 | W11: ='Ingest Template'!K11 | Y11: =SUBSTITUTE(SUBSTITUTE(SUBSTITUTE('Ingest Template'!L11,"http:",""),"https:",""),"/","") | Z11: {=IF('Ingest Template'!A11="Standard",(IF(ISBLANK('Ingest Template'!M11),"", 'Ingest Template'!M11&"|DAR")),(IF(ISBLANK('Ingest Template'!M11),"", 'Ingest Template'!M11&"|Operations - Core Title")))} | AB11: ='Ingest Template'!F11 | AG11: {=IF('Ingest Template'!A11="Standard",(CONCATENATE(IF(ISBLANK('Ingest Template'!N11),"", 'Ingest Template'!N11&"|DAR"),CHAR(10), IF(ISBLANK('Ingest Template'!O11),"", 'Ingest Template'!O11&"|DAR"),CHAR(10), IF(ISBLANK('Ingest Template'!P11),"", 'Ingest Template'!P11&"|DAR"))),(CONCATENATE(IF(ISBLANK('Ingest Template'!N11),"", 'Ingest Template'!N11&"|Operations - Core Title"),CHAR(10), IF(ISBLANK('Ingest Template'!O11),"", 'Ingest Template'!O11&"|Operations - Core Title"),CHAR(10), IF(ISBLANK('Ingest Template'!P11),"", 'Ingest Template'!P11&"|Operations - Core Title"))))} -> #|Operations - Core Title
B12: ='Ingest Template'!B12&IF('Ingest Template'!A12 = "Standard", " - DAR","") | C12: ='Ingest Template'!C12 | D12: ='Ingest Template'!E12 | J12: ='Ingest Template'!Q12 | K12: ='Ingest Template'!R12 | L12: t | R12: ='Ingest Template'!D12 | S12: ='Ingest Template'!G12 | T12: ='Ingest Template'!H12 | U12: =LOWER(SUBSTITUTE(SUBSTITUTE(SUBSTITUTE(SUBSTITUTE(SUBSTITUTE('Ingest Template'!I12,"https:",""),"www.",""),"/",""),"?hl=en",""),"instagram.com","")) | V12: ='Ingest Template'!J12 | W12: ='Ingest Template'!K12 | Y12: =SUBSTITUTE(SUBSTITUTE(SUBSTITUTE('Ingest Template'!L12,"http:",""),"https:",""),"/","") | Z12: {=IF('Ingest Template'!A12="Standard",(IF(ISBLANK('Ingest Template'!M12),"", 'Ingest Template'!M12&"|DAR")),(IF(ISBLANK('Ingest Template'!M12),"", 'Ingest Template'!M12&"|Operations - Core Title")))} | AB12: ='Ingest Template'!F12 | AG12: {=IF('Ingest Template'!A12="Standard",(CONCATENATE(IF(ISBLANK('Ingest Template'!N12),"", 'Ingest Template'!N12&"|DAR"),CHAR(10), IF(ISBLANK('Ingest Template'!O12),"", 'Ingest Template'!O12&"|DAR"),CHAR(10), IF(ISBLANK('Ingest Template'!P12),"", 'Ingest Template'!P12&"|DAR"))),(CONCATENATE(IF(ISBLANK('Ingest Template'!N12),"", 'Ingest Template'!N12&"|Operations - Core Title"),CHAR(10), IF(ISBLANK('Ingest Template'!O12),"", 'Ingest Template'!O12&"|Operations - Core Title"),CHAR(10), IF(ISBLANK('Ingest Template'!P12),"", 'Ingest Template'!P12&"|Operations - Core Title"))))} -> #|Operations - Core Title
B13: ='Ingest Template'!B13&IF('Ingest Template'!A13 = "Standard", " - DAR","") | C13: ='Ingest Template'!C13 | D13: ='Ingest Template'!E13 | J13: ='Ingest Template'!Q13 | K13: ='Ingest Template'!R13 | L13: t | R13: ='Ingest Template'!D13 | S13: ='Ingest Template'!G13 | T13: ='Ingest Template'!H13 | U13: =LOWER(SUBSTITUTE(SUBSTITUTE(SUBSTITUTE(SUBSTITUTE(SUBSTITUTE('Ingest Template'!I13,"https:",""),"www.",""),"/",""),"?hl=en",""),"instagram.com","")) | V13: ='Ingest Template'!J13 | W13: ='Ingest Template'!K13 | Y13: =SUBSTITUTE(SUBSTITUTE(SUBSTITUTE('Ingest Template'!L13,"http:",""),"https:",""),"/","") | Z13: {=IF('Ingest Template'!A13="Standard",(IF(ISBLANK('Ingest Template'!M13),"", 'Ingest Template'!M13&"|DAR")),(IF(ISBLANK('Ingest Template'!M13),"", 'Ingest Template'!M13&"|Operations - Core Title")))} | AB13: ='Ingest Template'!F13 | AG13: {=IF('Ingest Template'!A13="Standard",(CONCATENATE(IF(ISBLANK('Ingest Template'!N13),"", 'Ingest Template'!N13&"|DAR"),CHAR(10), IF(ISBLANK('Ingest Template'!O13),"", 'Ingest Template'!O13&"|DAR"),CHAR(10), IF(ISBLANK('Ingest Template'!P13),"", 'Ingest Template'!P13&"|DAR"))),(CONCATENATE(IF(ISBLANK('Ingest Template'!N13),"", 'Ingest Template'!N13&"|Operations - Core Title"),CHAR(10), IF(ISBLANK('Ingest Template'!O13),"", 'Ingest Template'!O13&"|Operations - Core Title"),CHAR(10), IF(ISBLANK('Ingest Template'!P13),"", 'Ingest Template'!P13&"|Operations - Core Title"))))} -> #|Operations - Core Title
... B901: ='Ingest Template'!B901&IF('Ingest Template'!A901 = "Standard", " - DAR","") | C901: ='Ingest Template'!C901 | D901: ='Ingest Template'!E901 | J901: ='Ingest Template'!Q901 | K901: ='Ingest Template'!R901 | L901: t | R901: ='Ingest Template'!D901 | S901: ='Ingest Template'!G901 | T901: ='Ingest Template'!H901 | U901: =LOWER(SUBSTITUTE(SUBSTITUTE(SUBSTITUTE(SUBSTITUTE(SUBSTITUTE('Ingest Template'!I901,"https:",""),"www.",""),"/",""),"?hl=en",""),"instagram.com","")) | V901: ='Ingest Template'!J901 | W901: ='Ingest Template'!K901 | Y901: =SUBSTITUTE(SUBSTITUTE(SUBSTITUTE('Ingest Template'!L901,"http:",""),"https:",""),"/","") | Z901: {=IF('Ingest Template'!A901="Standard",(IF(ISBLANK('Ingest Template'!M901),"", 'Ingest Template'!M901&"|DAR")),(IF(ISBLANK('Ingest Template'!M901),"", 'Ingest Template'!M901&"|Operations - Core Title")))} | AB901: ='Ingest Template'!F901 | AG901: {=IF('Ingest Template'!A901="Standard",(CONCATENATE(IF(ISBLANK('Ingest Template'!N901),"", 'Ingest Template'!N901&"|DAR"),CHAR(10), IF(ISBLANK('Ingest Template'!O901),"", 'Ingest Template'!O901&"|DAR"),CHAR(10), IF(ISBLANK('Ingest Template'!P901),"", 'Ingest Template'!P901&"|DAR"))),(CONCATENATE(IF(ISBLANK('Ingest Template'!N901),"", 'Ingest Template'!N901&"|Operations - Core Title"),CHAR(10), IF(ISBLANK('Ingest Template'!O901),"", 'Ingest Template'!O901&"|Operations - Core Title"),CHAR(10), IF(ISBLANK('Ingest Template'!P901),"", 'Ingest Template'!P901&"|Operations - Core Title"))))} -> #|Operations - Core Title

Sheet Ingest Template
A1: Perspective | B1: Title Name | C1: Title Category | D1: League | E1: Sports Type | F1: Wikipedia | G1: Facebook | H1: Twitter | I1: Instagram | J1: YouTube | K1: TikTok | L1: Tumblr | M1: Pinterest Username | N1: Twitter Hashtag 1 | O1: # 2 | P1: # 3 | Q1: Company | R1: Brand Sets
A2: Standard | C2: Sports Franchise | N2: =Substitute(Substitute(Substitute(Substitute(Substitute(Substitute(Substitute(Substitute("#" & B2, " ", ""), ":", ""), "," ,""), "-", ""), "!", ""), "'", ""), ".", ""), "&", "and") -> # | Q2: =if(A2="Standard","Pristine Brand", "") -> Pristine Brand
N3: =Substitute(Substitute(Substitute(Substitute(Substitute(Substitute(Substitute(Substitute("#" & B3, " ", ""), ":", ""), "," ,""), "-", ""), "!", ""), "'", ""), ".", ""), "&", "and") -> # | Q3: =if(A3="Standard","Pristine Brand", "")
N4: =Substitute(Substitute(Substitute(Substitute(Substitute(Substitute(Substitute(Substitute("#" & B4, " ", ""), ":", ""), "," ,""), "-", ""), "!", ""), "'", ""), ".", ""), "&", "and") -> # | Q4: =if(A4="Standard","Pristine Brand", "")
N5: =Substitute(Substitute(Substitute(Substitute(Substitute(Substitute(Substitute(Substitute("#" & B5, " ", ""), ":", ""), "," ,""), "-", ""), "!", ""), "'", ""), ".", ""), "&", "and") -> # | Q5: =if(A5="Standard","Pristine Brand", "")
N6: =Substitute(Substitute(Substitute(Substitute(Substitute(Substitute(Substitute(Substitute("#" & B6, " ", ""), ":", ""), "," ,""), "-", ""), "!", ""), "'", ""), ".", ""), "&", "and") -> # | Q6: =if(A6="Standard","Pristine Brand", "")
N7: =Substitute(Substitute(Substitute(Substitute(Substitute(Substitute(Substitute(Substitute("#" & B7, " ", ""), ":", ""), "," ,""), "-", ""), "!", ""), "'", ""), ".", ""), "&", "and") -> # | Q7: =if(A7="Standard","Pristine Brand", "")
N8: =Substitute(Substitute(Substitute(Substitute(Substitute(Substitute(Substitute(Substitute("#" & B8, " ", ""), ":", ""), "," ,""), "-", ""), "!", ""), "'", ""), ".", ""), "&", "and") -> # | Q8: =if(A8="Standard","Pristine Brand", "")
N9: =Substitute(Substitute(Substitute(Substitute(Substitute(Substitute(Substitute(Substitute("#" & B9, " ", ""), ":", ""), "," ,""), "-", ""), "!", ""), "'", ""), ".", ""), "&", "and") -> # | Q9: =if(A9="Standard","Pristine Brand", "")
N10: =Substitute(Substitute(Substitute(Substitute(Substitute(Substitute(Substitute(Substitute("#" & B10, " ", ""), ":", ""), "," ,""), "-", ""), "!", ""), "'", ""), ".", ""), "&", "and") -> # | Q10: =if(A10="Standard","Pristine Brand", "")
N11: =Substitute(Substitute(Substitute(Substitute(Substitute(Substitute(Substitute(Substitute("#" & B11, " ", ""), ":", ""), "," ,""), "-", ""), "!", ""), "'", ""), ".", ""), "&", "and") -> # | Q11: =if(A11="Standard","Pristine Brand", "")
N12: =Substitute(Substitute(Substitute(Substitute(Substitute(Substitute(Substitute(Substitute("#" & B12, " ", ""), ":", ""), "," ,""), "-", ""), "!", ""), "'", ""), ".", ""), "&", "and") -> # | Q12: =if(A12="Standard","Pristine Brand", "")
N13: =Substitute(Substitute(Substitute(Substitute(Substitute(Substitute(Substitute(Substitute("#" & B13, " ", ""), ":", ""), "," ,""), "-", ""), "!", ""), "'", ""), ".", ""), "&", "and") -> # | Q13: =if(A13="Standard","Pristine Brand", "")
N14: =Substitute(Substitute(Substitute(Substitute(Substitute(Substitute(Substitute(Substitute("#" & B14, " ", ""), ":", ""), "," ,""), "-", ""), "!", ""), "'", ""), ".", ""), "&", "and") -> # | Q14: =if(A14="Standard","Pristine Brand", "")
... N1000: =Substitute(Substitute(Substitute(Substitute(Substitute(Substitute(Substitute(Substitute("#" & B1000, " ", ""), ":", ""), "," ,""), "-", ""), "!", ""), "'", ""), ".", ""), "&", "and") -> # | Q1000: =if(A1000="Standard","Pristine Brand", "")

Sheet DropDown
A1: Title Category | B1: Company | C1: Perspective | D1: Brand Sets | E1: League | F1: Sports Type
A2: Sports Franchise | B2: Pristine Brand | C2: Standard | D2: LF // Professional Sports Teams | E2: Major League Baseball | F2: Sports Type - Football
D3: LF // English Premier League | E3: Major League Soccer | F3: Sports Type - Baseball
D4: LF // Serie A | E4: National Basketball Association | F4: Sports Type - Basketball
D5: LF // Bundesliga | E5: National Football League | F5: Sports Type - Hockey
D6: LF // LaLiga | E6: National Hockey League | F6: Sports Type - Soccer
D7: LF // Ligue 1 | E7: English Premier League
D8: LF // NBA | E8: Serie A
D9: LF // NFL | E9: Bundesliga
D10: LF // NHL | E10: Ligue 1
D11: LF // MLB
D12: LF // MLS
