Workbook

Sheet BDR
A1: brand_id | B1: title | C1: title_category | D1: title_sub_category | E1: genre | F1: primary_genre | G1: rovi_id | H1: ticker_symbol | I1: title_content_windows | J1: companies | K1: brand_set | L1: active | M1: released_on | N1: box_office | O1: street_date | P1: gross_screen | Q1: opening_weekend_box_office | R1: network | S1: brand_listing_hidden | T1: facebook_page | U1: twitter_handle | V1: instagram_user | W1: youtube_channel_username | X1: tiktok_user | Y1: tumblr_page | Z1: pinterest_user_username | AA1: pinterest_board | AB1: wikipedia_page | AC1: rottentomatoes | AD1: imdb_id | AE1: metacritic | AF1: facebook_search_terms | AG1: twitter_search_terms | AH1: instagram_search_terms | AI1: tumblr_search_terms | AJ1: twitter_search_term_keywords | AK1: youtube_search_terms | AL1: reddit_search_terms | AM1: url_managers
B2: ='Ingest Template'!C2&IF('Ingest Template'!A2 = "Standard", " - DAR","") | C2: TV Shows | D2: {=CONCATENATE(INDEX(DropdownLists!$H$2:$H$11,MATCH(1,COUNTIF('Ingest Template'!E2,"*"&DropdownLists!$I$2:$I$11&"*"),0)),CHAR(10),'Ingest Template'!F2,CHAR(10),'Ingest Template'!G2,CHAR(10),VLOOKUP('Ingest Template'!D2,DropdownLists!C:D,2,FALSE))} -> #N/A | E2: =CONCATENATE('Ingest Template'!H2,CHAR(10),'Ingest Template'!I2,CHAR(10),'Ingest Template'!J2,CHAR(10)) | F2: {=INDEX(DropdownLists!$O$2:$O$36,MATCH(1,COUNTIF(E2,"*"&DropdownLists!$N$2:$N$36&"*"),0))} | H2: {=INDEX(DropdownLists!$E$2:$E$276,MATCH('Ingest Template'!D2,DropdownLists!$C$2:$C$276,0))} -> #N/A | J2: {=iF('Ingest Template'!A2="Standard","Pristine Brand",INDEX(DropdownLists!$B$2:$B$246,MATCH('Ingest Template'!D2,DropdownLists!$C$2:$C$246,0)))} -> #N/A | K2: =iF('Ingest Template'!A2="Standard",'Ingest Template'!K2&CHAR(10)&'Ingest Template'!L2,"Competitive View") -> Competitive View | L2: t | M2: ='Ingest Template'!B2 | R2: ='Ingest Template'!D2 | S2: f | T2: ='Ingest Template'!V2 | U2: ='Ingest Template'!W2 | V2: =LOWER(SUBSTITUTE(SUBSTITUTE(SUBSTITUTE(SUBSTITUTE(SUBSTITUTE('Ingest Template'!X2,"https:",""),"www.",""),"/",""),"?hl=en",""),"instagram.com","")) | W2: {=IF( 'Ingest Template'!Y2="", SUBSTITUTE( INDEX(DropdownLists!$F$2:$F$277,MATCH('Ingest Template'!D2,DropdownLists!$C$2:$C$277,0)), CHAR(10), "|"&'Ingest Template'!C2&CHAR(10) )&"|"&'Ingest Template'!C2, SUBSTITUTE( INDEX(DropdownLists!$F$2:$F$277,MATCH('Ingest Template'!D2,DropdownLists!$C$2:$C$277,0)), CHAR(10), "|"&'Ingest Template'!C2&CHAR(10) )&"|"&'Ingest Template'!C2&CHAR(10)&'Ingest Template'!Y2 )} -> #N/A | X2: ='Ingest Template'!Z2 | Y2: =SUBSTITUTE(SUBSTITUTE(SUBSTITUTE('Ingest Template'!AA2,"http:",""),"https:",""),"/","") | Z2: {=IF('Ingest Template'!A2="Standard",(IF(ISBLANK('Ingest Template'!AB2),"", 'Ingest Template'!AB2&"|DAR")),(IF(ISBLANK('Ingest Template'!AB2),"", 'Ingest Template'!AB2&"|TV Ops")))} | AB2: ='Ingest Template'!R2 | AC2: ='Ingest Template'!T2 | AD2: ='Ingest Template'!S2 | AE2: ='Ingest Template'!U2 | AG2: {=IF('Ingest Template'!A2="Standard",(CONCATENATE(IF(ISBLANK('Ingest Template'!N2),"", 'Ingest Template'!N2&"|DAR"),CHAR(10), IF(ISBLANK('Ingest Template'!O2),"", 'Ingest Template'!O2&"|DAR"),CHAR(10), IF(ISBLANK('Ingest Template'!P2),"", 'Ingest Template'!P2&"|DAR"))),(CONCATENATE(IF(ISBLANK('Ingest Template'!N2),"", 'Ingest Template'!N2&"|TV Ops"),CHAR(10), IF(ISBLANK('Ingest Template'!O2),"", 'Ingest Template'!O2&"|TV Ops"),CHAR(10), IF(ISBLANK('Ingest Template'!P2),"", 'Ingest Template'!P2&"|TV Ops"))))} | AJ2: =if('Ingest Template'!A2="Standard",(IF(OR('Ingest Template'!F2 = "Program Type - Special", 'Ingest Template'!F2 = "Program Type - Live Event"),'Ingest Template'!M2& "|DAR|DAR|"&TEXT('Ingest Template'!C2-3, "yyyy-mm-dd")&"|"&TEXT('Ingest Template'!C2+3, "yyyy-mm-dd"),'Ingest Template'!M2& "|DAR|DAR|2021-01-01")),(IF(OR('Ingest Template'!F2 = "Program Type - Special", 'Ingest Template'!F2 = "Program Type - Live Event"),'Ingest Template'!M2& "|Operations - Core Title|Operations - Core Title|"&TEXT('Ingest Template'!C2-3, "yyyy-mm-dd")&"|"&TEXT('Ingest Template'!C2+3, "yyyy-mm-dd"),'Ingest Template'!M2& "|Operations - Core Title|Operations - Core Title"))) -> |Operations - Core Title|Operations - Core Title | AL2: =if('Ingest Template'!A2="Standard",(IF(OR('Ingest Template'!F2 = "Program Type - Special", 'Ingest Template'!F2 = "Program Type - Live Event"),'Ingest Template'!Q2&"|"&TEXT('Ingest Template'!C2-3, "yyyy-mm-dd")&"|"&TEXT('Ingest Template'!C2+3, "yyyy-mm-dd"),'Ingest Template'!Q2& "|2021-01-01")),(IF(OR('Ingest Template'!F2 = "Program Type - Special", 'Ingest Template'!F2 = "Program Type - Live Event"),'Ingest Template'!Q2& "|"&TEXT('Ingest Template'!C2-3, "yyyy-mm-dd")&"|"&TEXT('Ingest Template'!C2+3, "yyyy-mm-dd"),'Ingest Template'!Q2))) | AM2: ='Ingest Template'!AC2
B3: ='Ingest Template'!C3&IF('Ingest Template'!A3 = "Standard", " - DAR","") | C3: TV Shows | D3: {=CONCATENATE(INDEX(DropdownLists!$H$2:$H$11,MATCH(1,COUNTIF('Ingest Template'!E3,"*"&DropdownLists!$I$2:$I$11&"*"),0)),CHAR(10),'Ingest Template'!F3,CHAR(10),'Ingest Template'!G3,CHAR(10),VLOOKUP('Ingest Template'!D3,DropdownLists!C:D,2,FALSE))} -> #N/A | E3: =CONCATENATE('Ingest Template'!H3,CHAR(10),'Ingest Template'!I3,CHAR(10),'Ingest Template'!J3,CHAR(10)) | F3: {=INDEX(DropdownLists!$O$2:$O$36,MATCH(1,COUNTIF(E3,"*"&DropdownLists!$N$2:$N$36&"*"),0))} | H3: {=INDEX(DropdownLists!$E$2:$E$276,MATCH('Ingest Template'!D3,DropdownLists!$C$2:$C$276,0))} -> #N/A | J3: {=iF('Ingest Template'!A3="Standard","Pristine Brand",INDEX(DropdownLists!$B$2:$B$246,MATCH('Ingest Template'!D3,DropdownLists!$C$2:$C$246,0)))} -> #N/A | K3: =iF('Ingest Template'!A3="Standard",'Ingest Template'!K3&CHAR(10)&'Ingest Template'!L3,"Competitive View") -> Competitive View | L3: t | M3: ='Ingest Template'!B3 | R3: ='Ingest Template'!D3 | S3: f | T3: ='Ingest Template'!V3 | U3: ='Ingest Template'!W3 | V3: =LOWER(SUBSTITUTE(SUBSTITUTE(SUBSTITUTE(SUBSTITUTE(SUBSTITUTE('Ingest Template'!X3,"https:",""),"www.",""),"/",""),"?hl=en",""),"instagram.com","")) | W3: {=IF( 'Ingest Template'!Y3="", SUBSTITUTE( INDEX(DropdownLists!$F$2:$F$277,MATCH('Ingest Template'!D3,DropdownLists!$C$2:$C$277,0)), CHAR(10), "|"&'Ingest Template'!C3&CHAR(10) )&"|"&'Ingest Template'!C3, SUBSTITUTE( INDEX(DropdownLists!$F$2:$F$277,MATCH('Ingest Template'!D3,DropdownLists!$C$2:$C$277,0)), CHAR(10), "|"&'Ingest Template'!C3&CHAR(10) )&"|"&'Ingest Template'!C3&CHAR(10)&'Ingest Template'!Y3 )} -> #N/A | X3: ='Ingest Template'!Z3 | Y3: =SUBSTITUTE(SUBSTITUTE(SUBSTITUTE('Ingest Template'!AA3,"http:",""),"https:",""),"/","") | Z3: {=IF('Ingest Template'!A3="Standard",(IF(ISBLANK('Ingest Template'!AB3),"", 'Ingest Template'!AB3&"|DAR")),(IF(ISBLANK('Ingest Template'!AB3),"", 'Ingest Template'!AB3&"|TV Ops")))} | AB3: ='Ingest Template'!R3 | AC3: ='Ingest Template'!T3 | AD3: ='Ingest Template'!S3 | AE3: ='Ingest Template'!U3 | AG3: {=IF('Ingest Template'!A3="Standard",(CONCATENATE(IF(ISBLANK('Ingest Template'!N3),"", 'Ingest Template'!N3&"|DAR"),CHAR(10), IF(ISBLANK('Ingest Template'!O3),"", 'Ingest Template'!O3&"|DAR"),CHAR(10), IF(ISBLANK('Ingest Template'!P3),"", 'Ingest Template'!P3&"|DAR"))),(CONCATENATE(IF(ISBLANK('Ingest Template'!N3),"", 'Ingest Template'!N3&"|TV Ops"),CHAR(10), IF(ISBLANK('Ingest Template'!O3),"", 'Ingest Template'!O3&"|TV Ops"),CHAR(10), IF(ISBLANK('Ingest Template'!P3),"", 'Ingest Template'!P3&"|TV Ops"))))} | AJ3: =if('Ingest Template'!A3="Standard",(IF(OR('Ingest Template'!F3 = "Program Type - Special", 'Ingest Template'!F3 = "Program Type - Live Event"),'Ingest Template'!M3& "|DAR|DAR|"&TEXT('Ingest Template'!C3-3, "yyyy-mm-dd")&"|"&TEXT('Ingest Template'!C3+3, "yyyy-mm-dd"),'Ingest Template'!M3& "|DAR|DAR|2021-01-01")),(IF(OR('Ingest Template'!F3 = "Program Type - Special", 'Ingest Template'!F3 = "Program Type - Live Event"),'Ingest Template'!M3& "|Operations - Core Title|Operations - Core Title|"&TEXT('Ingest Template'!C3-3, "yyyy-mm-dd")&"|"&TEXT('Ingest Template'!C3+3, "yyyy-mm-dd"),'Ingest Template'!M3& "|Operations - Core Title|Operations - Core Title"))) -> |Operations - Core Title|Operations - Core Title | AL3: =if('Ingest Template'!A3="Standard",(IF(OR('Ingest Template'!F3 = "Program Type - Special", 'Ingest Template'!F3 = "Program Type - Live Event"),'Ingest Template'!Q3&"|"&TEXT('Ingest Template'!C3-3, "yyyy-mm-dd")&"|"&TEXT('Ingest Template'!C3+3, "yyyy-mm-dd"),'Ingest Template'!Q3& "|2021-01-01")),(IF(OR('Ingest Template'!F3 = "Program Type - Special", 'Ingest Template'!F3 = "Program Type - Live Event"),'Ingest Template'!Q3& "|"&TEXT('Ingest Template'!C3-3, "yyyy-mm-dd")&"|"&TEXT('Ingest Template'!C3+3, "yyyy-mm-dd"),'Ingest Template'!Q3))) | AM3: ='Ingest Template'!AC3
B4: ='Ingest Template'!C4&IF('Ingest Template'!A4 = "Standard", " - DAR","") | C4: TV Shows | D4: {=CONCATENATE(INDEX(DropdownLists!$H$2:$H$11,MATCH(1,COUNTIF('Ingest Template'!E4,"*"&DropdownLists!$I$2:$I$11&"*"),0)),CHAR(10),'Ingest Template'!F4,CHAR(10),'Ingest Template'!G4,CHAR(10),VLOOKUP('Ingest Template'!D4,DropdownLists!C:D,2,FALSE))} -> #N/A | E4: =CONCATENATE('Ingest Template'!H4,CHAR(10),'Ingest Template'!I4,CHAR(10),'Ingest Template'!J4,CHAR(10)) | F4: {=INDEX(DropdownLists!$O$2:$O$36,MATCH(1,COUNTIF(E4,"*"&DropdownLists!$N$2:$N$36&"*"),0))} | H4: {=INDEX(DropdownLists!$E$2:$E$276,MATCH('Ingest Template'!D4,DropdownLists!$C$2:$C$276,0))} -> #N/A | J4: {=iF('Ingest Template'!A4="Standard","Pristine Brand",INDEX(DropdownLists!$B$2:$B$246,MATCH('Ingest Template'!D4,DropdownLists!$C$2:$C$246,0)))} -> #N/A | K4: =iF('Ingest Template'!A4="Standard",'Ingest Template'!K4&CHAR(10)&'Ingest Template'!L4,"Competitive View") -> Competitive View | L4: t | M4: ='Ingest Template'!B4 | R4: ='Ingest Template'!D4 | S4: f | T4: ='Ingest Template'!V4 | U4: ='Ingest Template'!W4 | V4: =LOWER(SUBSTITUTE(SUBSTITUTE(SUBSTITUTE(SUBSTITUTE(SUBSTITUTE('Ingest Template'!X4,"https:",""),"www.",""),"/",""),"?hl=en",""),"instagram.com","")) | W4: {=IF( 'Ingest Template'!Y4="", SUBSTITUTE( INDEX(DropdownLists!$F$2:$F$277,MATCH('Ingest Template'!D4,DropdownLists!$C$2:$C$277,0)), CHAR(10), "|"&'Ingest Template'!C4&CHAR(10) )&"|"&'Ingest Template'!C4, SUBSTITUTE( INDEX(DropdownLists!$F$2:$F$277,MATCH('Ingest Template'!D4,DropdownLists!$C$2:$C$277,0)), CHAR(10), "|"&'Ingest Template'!C4&CHAR(10) )&"|"&'Ingest Template'!C4&CHAR(10)&'Ingest Template'!Y4 )} -> #N/A | X4: ='Ingest Template'!Z4 | Y4: =SUBSTITUTE(SUBSTITUTE(SUBSTITUTE('Ingest Template'!AA4,"http:",""),"https:",""),"/","") | Z4: {=IF('Ingest Template'!A4="Standard",(IF(ISBLANK('Ingest Template'!AB4),"", 'Ingest Template'!AB4&"|DAR")),(IF(ISBLANK('Ingest Template'!AB4),"", 'Ingest Template'!AB4&"|TV Ops")))} | AB4: ='Ingest Template'!R4 | AC4: ='Ingest Template'!T4 | AD4: ='Ingest Template'!S4 | AE4: ='Ingest Template'!U4 | AG4: {=IF('Ingest Template'!A4="Standard",(CONCATENATE(IF(ISBLANK('Ingest Template'!N4),"", 'Ingest Template'!N4&"|DAR"),CHAR(10), IF(ISBLANK('Ingest Template'!O4),"", 'Ingest Template'!O4&"|DAR"),CHAR(10), IF(ISBLANK('Ingest Template'!P4),"", 'Ingest Template'!P4&"|DAR"))),(CONCATENATE(IF(ISBLANK('Ingest Template'!N4),"", 'Ingest Template'!N4&"|TV Ops"),CHAR(10), IF(ISBLANK('Ingest Template'!O4),"", 'Ingest Template'!O4&"|TV Ops"),CHAR(10), IF(ISBLANK('Ingest Template'!P4),"", 'Ingest Template'!P4&"|TV Ops"))))} | AJ4: =if('Ingest Template'!A4="Standard",(IF(OR('Ingest Template'!F4 = "Program Type - Special", 'Ingest Template'!F4 = "Program Type - Live Event"),'Ingest Template'!M4& "|DAR|DAR|"&TEXT('Ingest Template'!C4-3, "yyyy-mm-dd")&"|"&TEXT('Ingest Template'!C4+3, "yyyy-mm-dd"),'Ingest Template'!M4& "|DAR|DAR|2021-01-01")),(IF(OR('Ingest Template'!F4 = "Program Type - Special", 'Ingest Template'!F4 = "Program Type - Live Event"),'Ingest Template'!M4& "|Operations - Core Title|Operations - Core Title|"&TEXT('Ingest Template'!C4-3, "yyyy-mm-dd")&"|"&TEXT('Ingest Template'!C4+3, "yyyy-mm-dd"),'Ingest Template'!M4& "|Operations - Core Title|Operations - Core Title"))) -> |Operations - Core Title|Operations - Core Title | AL4: =if('Ingest Template'!A4="Standard",(IF(OR('Ingest Template'!F4 = "Program Type - Special", 'Ingest Template'!F4 = "Program Type - Live Event"),'Ingest Template'!Q4&"|"&TEXT('Ingest Template'!C4-3, "yyyy-mm-dd")&"|"&TEXT('Ingest Template'!C4+3, "yyyy-mm-dd"),'Ingest Template'!Q4& "|2021-01-01")),(IF(OR('Ingest Template'!F4 = "Program Type - Special", 'Ingest Template'!F4 = "Program Type - Live Event"),'Ingest Template'!Q4& "|"&TEXT('Ingest Template'!C4-3, "yyyy-mm-dd")&"|"&TEXT('Ingest Template'!C4+3, "yyyy-mm-dd"),'Ingest Template'!Q4))) | AM4: ='Ingest Template'!AC4
B5: ='Ingest Template'!C5&IF('Ingest Template'!A5 = "Standard", " - DAR","") | C5: TV Shows | D5: {=CONCATENATE(INDEX(DropdownLists!$H$2:$H$11,MATCH(1,COUNTIF('Ingest Template'!E5,"*"&DropdownLists!$I$2:$I$11&"*"),0)),CHAR(10),'Ingest Template'!F5,CHAR(10),'Ingest Template'!G5,CHAR(10),VLOOKUP('Ingest Template'!D5,DropdownLists!C:D,2,FALSE))} -> #N/A | E5: =CONCATENATE('Ingest Template'!H5,CHAR(10),'Ingest Template'!I5,CHAR(10),'Ingest Template'!J5,CHAR(10)) | F5: {=INDEX(DropdownLists!$O$2:$O$36,MATCH(1,COUNTIF(E5,"*"&DropdownLists!$N$2:$N$36&"*"),0))} | H5: {=INDEX(DropdownLists!$E$2:$E$276,MATCH('Ingest Template'!D5,DropdownLists!$C$2:$C$276,0))} -> #N/A | J5: {=iF('Ingest Template'!A5="Standard","Pristine Brand",INDEX(DropdownLists!$B$2:$B$246,MATCH('Ingest Template'!D5,DropdownLists!$C$2:$C$246,0)))} -> #N/A | K5: =iF('Ingest Template'!A5="Standard",'Ingest Template'!K5&CHAR(10)&'Ingest Template'!L5,"Competitive View") -> Competitive View | L5: t | M5: ='Ingest Template'!B5 | R5: ='Ingest Template'!D5 | S5: f | T5: ='Ingest Template'!V5 | U5: ='Ingest Template'!W5 | V5: =LOWER(SUBSTITUTE(SUBSTITUTE(SUBSTITUTE(SUBSTITUTE(SUBSTITUTE('Ingest Template'!X5,"https:",""),"www.",""),"/",""),"?hl=en",""),"instagram.com","")) | W5: {=IF( 'Ingest Template'!Y5="", SUBSTITUTE( INDEX(DropdownLists!$F$2:$F$277,MATCH('Ingest Template'!D5,DropdownLists!$C$2:$C$277,0)), CHAR(10), "|"&'Ingest Template'!C5&CHAR(10) )&"|"&'Ingest Template'!C5, SUBSTITUTE( INDEX(DropdownLists!$F$2:$F$277,MATCH('Ingest Template'!D5,DropdownLists!$C$2:$C$277,0)), CHAR(10), "|"&'Ingest Template'!C5&CHAR(10) )&"|"&'Ingest Template'!C5&CHAR(10)&'Ingest Template'!Y5 )} -> #N/A | X5: ='Ingest Template'!Z5 | Y5: =SUBSTITUTE(SUBSTITUTE(SUBSTITUTE('Ingest Template'!AA5,"http:",""),"https:",""),"/","") | Z5: {=IF('Ingest Template'!A5="Standard",(IF(ISBLANK('Ingest Template'!AB5),"", 'Ingest Template'!AB5&"|DAR")),(IF(ISBLANK('Ingest Template'!AB5),"", 'Ingest Template'!AB5&"|TV Ops")))} | AB5: ='Ingest Template'!R5 | AC5: ='Ingest Template'!T5 | AD5: ='Ingest Template'!S5 | AE5: ='Ingest Template'!U5 | AG5: {=IF('Ingest Template'!A5="Standard",(CONCATENATE(IF(ISBLANK('Ingest Template'!N5),"", 'Ingest Template'!N5&"|DAR"),CHAR(10), IF(ISBLANK('Ingest Template'!O5),"", 'Ingest Template'!O5&"|DAR"),CHAR(10), IF(ISBLANK('Ingest Template'!P5),"", 'Ingest Template'!P5&"|DAR"))),(CONCATENATE(IF(ISBLANK('Ingest Template'!N5),"", 'Ingest Template'!N5&"|TV Ops"),CHAR(10), IF(ISBLANK('Ingest Template'!O5),"", 'Ingest Template'!O5&"|TV Ops"),CHAR(10), IF(ISBLANK('Ingest Template'!P5),"", 'Ingest Template'!P5&"|TV Ops"))))} | AJ5: =if('Ingest Template'!A5="Standard",(IF(OR('Ingest Template'!F5 = "Program Type - Special", 'Ingest Template'!F5 = "Program Type - Live Event"),'Ingest Template'!M5& "|DAR|DAR|"&TEXT('Ingest Template'!C5-3, "yyyy-mm-dd")&"|"&TEXT('Ingest Template'!C5+3, "yyyy-mm-dd"),'Ingest Template'!M5& "|DAR|DAR|2021-01-01")),(IF(OR('Ingest Template'!F5 = "Program Type - Special", 'Ingest Template'!F5 = "Program Type - Live Event"),'Ingest Template'!M5& "|Operations - Core Title|Operations - Core Title|"&TEXT('Ingest Template'!C5-3, "yyyy-mm-dd")&"|"&TEXT('Ingest Template'!C5+3, "yyyy-mm-dd"),'Ingest Template'!M5& "|Operations - Core Title|Operations - Core Title"))) -> |Operations - Core Title|Operations - Core Title | AL5: =if('Ingest Template'!A5="Standard",(IF(OR('Ingest Template'!F5 = "Program Type - Special", 'Ingest Template'!F5 = "Program Type - Live Event"),'Ingest Template'!Q5&"|"&TEXT('Ingest Template'!C5-3, "yyyy-mm-dd")&"|"&TEXT('Ingest Template'!C5+3, "yyyy-mm-dd"),'Ingest Template'!Q5& "|2021-01-01")),(IF(OR('Ingest Template'!F5 = "Program Type - Special", 'Ingest Template'!F5 = "Program Type - Live Event"),'Ingest Template'!Q5& "|"&TEXT('Ingest Template'!C5-3, "yyyy-mm-dd")&"|"&TEXT('Ingest Template'!C5+3, "yyyy-mm-dd"),'Ingest Template'!Q5))) | AM5: ='Ingest Template'!AC5
B6: ='Ingest Template'!C6&IF('Ingest Template'!A6 = "Standard", " - DAR","") | C6: TV Shows | D6: {=CONCATENATE(INDEX(DropdownLists!$H$2:$H$11,MATCH(1,COUNTIF('Ingest Template'!E6,"*"&DropdownLists!$I$2:$I$11&"*"),0)),CHAR(10),'Ingest Template'!F6,CHAR(10),'Ingest Template'!G6,CHAR(10),VLOOKUP('Ingest Template'!D6,DropdownLists!C:D,2,FALSE))} -> #N/A | E6: =CONCATENATE('Ingest Template'!H6,CHAR(10),'Ingest Template'!I6,CHAR(10),'Ingest Template'!J6,CHAR(10)) | F6: {=INDEX(DropdownLists!$O$2:$O$36,MATCH(1,COUNTIF(E6,"*"&DropdownLists!$N$2:$N$36&"*"),0))} | H6: {=INDEX(DropdownLists!$E$2:$E$276,MATCH('Ingest Template'!D6,DropdownLists!$C$2:$C$276,0))} -> #N/A | J6: {=iF('Ingest Template'!A6="Standard","Pristine Brand",INDEX(DropdownLists!$B$2:$B$246,MATCH('Ingest Template'!D6,DropdownLists!$C$2:$C$246,0)))} -> #N/A | K6: =iF('Ingest Template'!A6="Standard",'Ingest Template'!K6&CHAR(10)&'Ingest Template'!L6,"Competitive View") -> Competitive View | L6: t | M6: ='Ingest Template'!B6 | R6: ='Ingest Template'!D6 | S6: f | T6: ='Ingest Template'!V6 | U6: ='Ingest Template'!W6 | V6: =LOWER(SUBSTITUTE(SUBSTITUTE(SUBSTITUTE(SUBSTITUTE(SUBSTITUTE('Ingest Template'!X6,"https:",""),"www.",""),"/",""),"?hl=en",""),"instagram.com","")) | W6: {=IF( 'Ingest Template'!Y6="", SUBSTITUTE( INDEX(DropdownLists!$F$2:$F$277,MATCH('Ingest Template'!D6,DropdownLists!$C$2:$C$277,0)), CHAR(10), "|"&'Ingest Template'!C6&CHAR(10) )&"|"&'Ingest Template'!C6, SUBSTITUTE( INDEX(DropdownLists!$F$2:$F$277,MATCH('Ingest Template'!D6,DropdownLists!$C$2:$C$277,0)), CHAR(10), "|"&'Ingest Template'!C6&CHAR(10) )&"|"&'Ingest Template'!C6&CHAR(10)&'Ingest Template'!Y6 )} -> #N/A | X6: ='Ingest Template'!Z6 | Y6: =SUBSTITUTE(SUBSTITUTE(SUBSTITUTE('Ingest Template'!AA6,"http:",""),"https:",""),"/","") | Z6: {=IF('Ingest Template'!A6="Standard",(IF(ISBLANK('Ingest Template'!AB6),"", 'Ingest Template'!AB6&"|DAR")),(IF(ISBLANK('Ingest Template'!AB6),"", 'Ingest Template'!AB6&"|TV Ops")))} | AB6: ='Ingest Template'!R6 | AC6: ='Ingest Template'!T6 | AD6: ='Ingest Template'!S6 | AE6: ='Ingest Template'!U6 | AG6: {=IF('Ingest Template'!A6="Standard",(CONCATENATE(IF(ISBLANK('Ingest Template'!N6),"", 'Ingest Template'!N6&"|DAR"),CHAR(10), IF(ISBLANK('Ingest Template'!O6),"", 'Ingest Template'!O6&"|DAR"),CHAR(10), IF(ISBLANK('Ingest Template'!P6),"", 'Ingest Template'!P6&"|DAR"))),(CONCATENATE(IF(ISBLANK('Ingest Template'!N6),"", 'Ingest Template'!N6&"|TV Ops"),CHAR(10), IF(ISBLANK('Ingest Template'!O6),"", 'Ingest Template'!O6&"|TV Ops"),CHAR(10), IF(ISBLANK('Ingest Template'!P6),"", 'Ingest Template'!P6&"|TV Ops"))))} | AJ6: =if('Ingest Template'!A6="Standard",(IF(OR('Ingest Template'!F6 = "Program Type - Special", 'Ingest Template'!F6 = "Program Type - Live Event"),'Ingest Template'!M6& "|DAR|DAR|"&TEXT('Ingest Template'!C6-3, "yyyy-mm-dd")&"|"&TEXT('Ingest Template'!C6+3, "yyyy-mm-dd"),'Ingest Template'!M6& "|DAR|DAR|2021-01-01")),(IF(OR('Ingest Template'!F6 = "Program Type - Special", 'Ingest Template'!F6 = "Program Type - Live Event"),'Ingest Template'!M6& "|Operations - Core Title|Operations - Core Title|"&TEXT('Ingest Template'!C6-3, "yyyy-mm-dd")&"|"&TEXT('Ingest Template'!C6+3, "yyyy-mm-dd"),'Ingest Template'!M6& "|Operations - Core Title|Operations - Core Title"))) -> |Operations - Core Title|Operations - Core Title | AL6: =if('Ingest Template'!A6="Standard",(IF(OR('Ingest Template'!F6 = "Program Type - Special", 'Ingest Template'!F6 = "Program Type - Live Event"),'Ingest Template'!Q6&"|"&TEXT('Ingest Template'!C6-3, "yyyy-mm-dd")&"|"&TEXT('Ingest Template'!C6+3, "yyyy-mm-dd"),'Ingest Template'!Q6& "|2021-01-01")),(IF(OR('Ingest Template'!F6 = "Program Type - Special", 'Ingest Template'!F6 = "Program Type - Live Event"),'Ingest Template'!Q6& "|"&TEXT('Ingest Template'!C6-3, "yyyy-mm-dd")&"|"&TEXT('Ingest Template'!C6+3, "yyyy-mm-dd"),'Ingest Template'!Q6))) | AM6: ='Ingest Template'!AC6
B7: ='Ingest Template'!C7&IF('Ingest Template'!A7 = "Standard", " - DAR","") | C7: TV Shows | D7: {=CONCATENATE(INDEX(DropdownLists!$H$2:$H$11,MATCH(1,COUNTIF('Ingest Template'!E7,"*"&DropdownLists!$I$2:$I$11&"*"),0)),CHAR(10),'Ingest Template'!F7,CHAR(10),'Ingest Template'!G7,CHAR(10),VLOOKUP('Ingest Template'!D7,DropdownLists!C:D,2,FALSE))} -> #N/A | E7: =CONCATENATE('Ingest Template'!H7,CHAR(10),'Ingest Template'!I7,CHAR(10),'Ingest Template'!J7,CHAR(10)) | F7: {=INDEX(DropdownLists!$O$2:$O$36,MATCH(1,COUNTIF(E7,"*"&DropdownLists!$N$2:$N$36&"*"),0))} | H7: {=INDEX(DropdownLists!$E$2:$E$276,MATCH('Ingest Template'!D7,DropdownLists!$C$2:$C$276,0))} -> #N/A | J7: {=iF('Ingest Template'!A7="Standard","Pristine Brand",INDEX(DropdownLists!$B$2:$B$246,MATCH('Ingest Template'!D7,DropdownLists!$C$2:$C$246,0)))} -> #N/A | K7: =iF('Ingest Template'!A7="Standard",'Ingest Template'!K7&CHAR(10)&'Ingest Template'!L7,"Competitive View") -> Competitive View | L7: t | M7: ='Ingest Template'!B7 | R7: ='Ingest Template'!D7 | S7: f | T7: ='Ingest Template'!V7 | U7: ='Ingest Template'!W7 | V7: =LOWER(SUBSTITUTE(SUBSTITUTE(SUBSTITUTE(SUBSTITUTE(SUBSTITUTE('Ingest Template'!X7,"https:",""),"www.",""),"/",""),"?hl=en",""),"instagram.com","")) | W7: {=IF( 'Ingest Template'!Y7="", SUBSTITUTE( INDEX(DropdownLists!$F$2:$F$277,MATCH('Ingest Template'!D7,DropdownLists!$C$2:$C$277,0)), CHAR(10), "|"&'Ingest Template'!C7&CHAR(10) )&"|"&'Ingest Template'!C7, SUBSTITUTE( INDEX(DropdownLists!$F$2:$F$277,MATCH('Ingest Template'!D7,DropdownLists!$C$2:$C$277,0)), CHAR(10), "|"&'Ingest Template'!C7&CHAR(10) )&"|"&'Ingest Template'!C7&CHAR(10)&'Ingest Template'!Y7 )} -> #N/A | X7: ='Ingest Template'!Z7 | Y7: =SUBSTITUTE(SUBSTITUTE(SUBSTITUTE('Ingest Template'!AA7,"http:",""),"https:",""),"/","") | Z7: {=IF('Ingest Template'!A7="Standard",(IF(ISBLANK('Ingest Template'!AB7),"", 'Ingest Template'!AB7&"|DAR")),(IF(ISBLANK('Ingest Template'!AB7),"", 'Ingest Template'!AB7&"|TV Ops")))} | AB7: ='Ingest Template'!R7 | AC7: ='Ingest Template'!T7 | AD7: ='Ingest Template'!S7 | AE7: ='Ingest Template'!U7 | AG7: {=IF('Ingest Template'!A7="Standard",(CONCATENATE(IF(ISBLANK('Ingest Template'!N7),"", 'Ingest Template'!N7&"|DAR"),CHAR(10), IF(ISBLANK('Ingest Template'!O7),"", 'Ingest Template'!O7&"|DAR"),CHAR(10), IF(ISBLANK('Ingest Template'!P7),"", 'Ingest Template'!P7&"|DAR"))),(CONCATENATE(IF(ISBLANK('Ingest Template'!N7),"", 'Ingest Template'!N7&"|TV Ops"),CHAR(10), IF(ISBLANK('Ingest Template'!O7),"", 'Ingest Template'!O7&"|TV Ops"),CHAR(10), IF(ISBLANK('Ingest Template'!P7),"", 'Ingest Template'!P7&"|TV Ops"))))} | AJ7: =if('Ingest Template'!A7="Standard",(IF(OR('Ingest Template'!F7 = "Program Type - Special", 'Ingest Template'!F7 = "Program Type - Live Event"),'Ingest Template'!M7& "|DAR|DAR|"&TEXT('Ingest Template'!C7-3, "yyyy-mm-dd")&"|"&TEXT('Ingest Template'!C7+3, "yyyy-mm-dd"),'Ingest Template'!M7& "|DAR|DAR|2021-01-01")),(IF(OR('Ingest Template'!F7 = "Program Type - Special", 'Ingest Template'!F7 = "Program Type - Live Event"),'Ingest Template'!M7& "|Operations - Core Title|Operations - Core Title|"&TEXT('Ingest Template'!C7-3, "yyyy-mm-dd")&"|"&TEXT('Ingest Template'!C7+3, "yyyy-mm-dd"),'Ingest Template'!M7& "|Operations - Core Title|Operations - Core Title"))) -> |Operations - Core Title|Operations - Core Title | AL7: =if('Ingest Template'!A7="Standard",(IF(OR('Ingest Template'!F7 = "Program Type - Special", 'Ingest Template'!F7 = "Program Type - Live Event"),'Ingest Template'!Q7&"|"&TEXT('Ingest Template'!C7-3, "yyyy-mm-dd")&"|"&TEXT('Ingest Template'!C7+3, "yyyy-mm-dd"),'Ingest Template'!Q7& "|2021-01-01")),(IF(OR('Ingest Template'!F7 = "Program Type - Special", 'Ingest Template'!F7 = "Program Type - Live Event"),'Ingest Template'!Q7& "|"&TEXT('Ingest Template'!C7-3, "yyyy-mm-dd")&"|"&TEXT('Ingest Template'!C7+3, "yyyy-mm-dd"),'Ingest Template'!Q7))) | AM7: ='Ingest Template'!AC7
B8: ='Ingest Template'!C8&IF('Ingest Template'!A8 = "Standard", " - DAR","") | C8: TV Shows | D8: {=CONCATENATE(INDEX(DropdownLists!$H$2:$H$11,MATCH(1,COUNTIF('Ingest Template'!E8,"*"&DropdownLists!$I$2:$I$11&"*"),0)),CHAR(10),'Ingest Template'!F8,CHAR(10),'Ingest Template'!G8,CHAR(10),VLOOKUP('Ingest Template'!D8,DropdownLists!C:D,2,FALSE))} -> #N/A | E8: =CONCATENATE('Ingest Template'!H8,CHAR(10),'Ingest Template'!I8,CHAR(10),'Ingest Template'!J8,CHAR(10)) | F8: {=INDEX(DropdownLists!$O$2:$O$36,MATCH(1,COUNTIF(E8,"*"&DropdownLists!$N$2:$N$36&"*"),0))} | H8: {=INDEX(DropdownLists!$E$2:$E$276,MATCH('Ingest Template'!D8,DropdownLists!$C$2:$C$276,0))} -> #N/A | J8: {=iF('Ingest Template'!A8="Standard","Pristine Brand",INDEX(DropdownLists!$B$2:$B$246,MATCH('Ingest Template'!D8,DropdownLists!$C$2:$C$246,0)))} -> #N/A | K8: =iF('Ingest Template'!A8="Standard",'Ingest Template'!K8&CHAR(10)&'Ingest Template'!L8,"Competitive View") -> Competitive View | L8: t | M8: ='Ingest Template'!B8 | R8: ='Ingest Template'!D8 | S8: f | T8: ='Ingest Template'!V8 | U8: ='Ingest Template'!W8 | V8: =LOWER(SUBSTITUTE(SUBSTITUTE(SUBSTITUTE(SUBSTITUTE(SUBSTITUTE('Ingest Template'!X8,"https:",""),"www.",""),"/",""),"?hl=en",""),"instagram.com","")) | W8: {=IF( 'Ingest Template'!Y8="", SUBSTITUTE( INDEX(DropdownLists!$F$2:$F$277,MATCH('Ingest Template'!D8,DropdownLists!$C$2:$C$277,0)), CHAR(10), "|"&'Ingest Template'!C8&CHAR(10) )&"|"&'Ingest Template'!C8, SUBSTITUTE( INDEX(DropdownLists!$F$2:$F$277,MATCH('Ingest Template'!D8,DropdownLists!$C$2:$C$277,0)), CHAR(10), "|"&'Ingest Template'!C8&CHAR(10) )&"|"&'Ingest Template'!C8&CHAR(10)&'Ingest Template'!Y8 )} -> #N/A | X8: ='Ingest Template'!Z8 | Y8: =SUBSTITUTE(SUBSTITUTE(SUBSTITUTE('Ingest Template'!AA8,"http:",""),"https:",""),"/","") | Z8: {=IF('Ingest Template'!A8="Standard",(IF(ISBLANK('Ingest Template'!AB8),"", 'Ingest Template'!AB8&"|DAR")),(IF(ISBLANK('Ingest Template'!AB8),"", 'Ingest Template'!AB8&"|TV Ops")))} | AB8: ='Ingest Template'!R8 | AC8: ='Ingest Template'!T8 | AD8: ='Ingest Template'!S8 | AE8: ='Ingest Template'!U8 | AG8: {=IF('Ingest Template'!A8="Standard",(CONCATENATE(IF(ISBLANK('Ingest Template'!N8),"", 'Ingest Template'!N8&"|DAR"),CHAR(10), IF(ISBLANK('Ingest Template'!O8),"", 'Ingest Template'!O8&"|DAR"),CHAR(10), IF(ISBLANK('Ingest Template'!P8),"", 'Ingest Template'!P8&"|DAR"))),(CONCATENATE(IF(ISBLANK('Ingest Template'!N8),"", 'Ingest Template'!N8&"|TV Ops"),CHAR(10), IF(ISBLANK('Ingest Template'!O8),"", 'Ingest Template'!O8&"|TV Ops"),CHAR(10), IF(ISBLANK('Ingest Template'!P8),"", 'Ingest Template'!P8&"|TV Ops"))))} | AJ8: =if('Ingest Template'!A8="Standard",(IF(OR('Ingest Template'!F8 = "Program Type - Special", 'Ingest Template'!F8 = "Program Type - Live Event"),'Ingest Template'!M8& "|DAR|DAR|"&TEXT('Ingest Template'!C8-3, "yyyy-mm-dd")&"|"&TEXT('Ingest Template'!C8+3, "yyyy-mm-dd"),'Ingest Template'!M8& "|DAR|DAR|2021-01-01")),(IF(OR('Ingest Template'!F8 = "Program Type - Special", 'Ingest Template'!F8 = "Program Type - Live Event"),'Ingest Template'!M8& "|Operations - Core Title|Operations - Core Title|"&TEXT('Ingest Template'!C8-3, "yyyy-mm-dd")&"|"&TEXT('Ingest Template'!C8+3, "yyyy-mm-dd"),'Ingest Template'!M8& "|Operations - Core Title|Operations - Core Title"))) -> |Operations - Core Title|Operations - Core Title | AL8: =if('Ingest Template'!A8="Standard",(IF(OR('Ingest Template'!F8 = "Program Type - Special", 'Ingest Template'!F8 = "Program Type - Live Event"),'Ingest Template'!Q8&"|"&TEXT('Ingest Template'!C8-3, "yyyy-mm-dd")&"|"&TEXT('Ingest Template'!C8+3, "yyyy-mm-dd"),'Ingest Template'!Q8& "|2021-01-01")),(IF(OR('Ingest Template'!F8 = "Program Type - Special", 'Ingest Template'!F8 = "Program Type - Live Event"),'Ingest Template'!Q8& "|"&TEXT('Ingest Template'!C8-3, "yyyy-mm-dd")&"|"&TEXT('Ingest Template'!C8+3, "yyyy-mm-dd"),'Ingest Template'!Q8))) | AM8: ='Ingest Template'!AC8
B9: ='Ingest Template'!C9&IF('Ingest Template'!A9 = "Standard", " - DAR","") | C9: TV Shows | D9: {=CONCATENATE(INDEX(DropdownLists!$H$2:$H$11,MATCH(1,COUNTIF('Ingest Template'!E9,"*"&DropdownLists!$I$2:$I$11&"*"),0)),CHAR(10),'Ingest Template'!F9,CHAR(10),'Ingest Template'!G9,CHAR(10),VLOOKUP('Ingest Template'!D9,DropdownLists!C:D,2,FALSE))} -> #N/A | E9: =CONCATENATE('Ingest Template'!H9,CHAR(10),'Ingest Template'!I9,CHAR(10),'Ingest Template'!J9,CHAR(10)) | F9: {=INDEX(DropdownLists!$O$2:$O$36,MATCH(1,COUNTIF(E9,"*"&DropdownLists!$N$2:$N$36&"*"),0))} | H9: {=INDEX(DropdownLists!$E$2:$E$276,MATCH('Ingest Template'!D9,DropdownLists!$C$2:$C$276,0))} -> #N/A | J9: {=iF('Ingest Template'!A9="Standard","Pristine Brand",INDEX(DropdownLists!$B$2:$B$246,MATCH('Ingest Template'!D9,DropdownLists!$C$2:$C$246,0)))} -> #N/A | K9: =iF('Ingest Template'!A9="Standard",'Ingest Template'!K9&CHAR(10)&'Ingest Template'!L9,"Competitive View") -> Competitive View | L9: t | M9: ='Ingest Template'!B9 | R9: ='Ingest Template'!D9 | S9: f | T9: ='Ingest Template'!V9 | U9: ='Ingest Template'!W9 | V9: =LOWER(SUBSTITUTE(SUBSTITUTE(SUBSTITUTE(SUBSTITUTE(SUBSTITUTE('Ingest Template'!X9,"https:",""),"www.",""),"/",""),"?hl=en",""),"instagram.com","")) | W9: {=IF( 'Ingest Template'!Y9="", SUBSTITUTE( INDEX(DropdownLists!$F$2:$F$277,MATCH('Ingest Template'!D9,DropdownLists!$C$2:$C$277,0)), CHAR(10), "|"&'Ingest Template'!C9&CHAR(10) )&"|"&'Ingest Template'!C9, SUBSTITUTE( INDEX(DropdownLists!$F$2:$F$277,MATCH('Ingest Template'!D9,DropdownLists!$C$2:$C$277,0)), CHAR(10), "|"&'Ingest Template'!C9&CHAR(10) )&"|"&'Ingest Template'!C9&CHAR(10)&'Ingest Template'!Y9 )} -> #N/A | X9: ='Ingest Template'!Z9 | Y9: =SUBSTITUTE(SUBSTITUTE(SUBSTITUTE('Ingest Template'!AA9,"http:",""),"https:",""),"/","") | Z9: {=IF('Ingest Template'!A9="Standard",(IF(ISBLANK('Ingest Template'!AB9),"", 'Ingest Template'!AB9&"|DAR")),(IF(ISBLANK('Ingest Template'!AB9),"", 'Ingest Template'!AB9&"|TV Ops")))} | AB9: ='Ingest Template'!R9 | AC9: ='Ingest Template'!T9 | AD9: ='Ingest Template'!S9 | AE9: ='Ingest Template'!U9 | AG9: {=IF('Ingest Template'!A9="Standard",(CONCATENATE(IF(ISBLANK('Ingest Template'!N9),"", 'Ingest Template'!N9&"|DAR"),CHAR(10), IF(ISBLANK('Ingest Template'!O9),"", 'Ingest Template'!O9&"|DAR"),CHAR(10), IF(ISBLANK('Ingest Template'!P9),"", 'Ingest Template'!P9&"|DAR"))),(CONCATENATE(IF(ISBLANK('Ingest Template'!N9),"", 'Ingest Template'!N9&"|TV Ops"),CHAR(10), IF(ISBLANK('Ingest Template'!O9),"", 'Ingest Template'!O9&"|TV Ops"),CHAR(10), IF(ISBLANK('Ingest Template'!P9),"", 'Ingest Template'!P9&"|TV Ops"))))} | AJ9: =if('Ingest Template'!A9="Standard",(IF(OR('Ingest Template'!F9 = "Program Type - Special", 'Ingest Template'!F9 = "Program Type - Live Event"),'Ingest Template'!M9& "|DAR|DAR|"&TEXT('Ingest Template'!C9-3, "yyyy-mm-dd")&"|"&TEXT('Ingest Template'!C9+3, "yyyy-mm-dd"),'Ingest Template'!M9& "|DAR|DAR|2021-01-01")),(IF(OR('Ingest Template'!F9 = "Program Type - Special", 'Ingest Template'!F9 = "Program Type - Live Event"),'Ingest Template'!M9& "|Operations - Core Title|Operations - Core Title|"&TEXT('Ingest Template'!C9-3, "yyyy-mm-dd")&"|"&TEXT('Ingest Template'!C9+3, "yyyy-mm-dd"),'Ingest Template'!M9& "|Operations - Core Title|Operations - Core Title"))) -> |Operations - Core Title|Operations - Core Title | AL9: =if('Ingest Template'!A9="Standard",(IF(OR('Ingest Template'!F9 = "Program Type - Special", 'Ingest Template'!F9 = "Program Type - Live Event"),'Ingest Template'!Q9&"|"&TEXT('Ingest Template'!C9-3, "yyyy-mm-dd")&"|"&TEXT('Ingest Template'!C9+3, "yyyy-mm-dd"),'Ingest Template'!Q9& "|2021-01-01")),(IF(OR('Ingest Template'!F9 = "Program Type - Special", 'Ingest Template'!F9 = "Program Type - Live Event"),'Ingest Template'!Q9& "|"&TEXT('Ingest Template'!C9-3, "yyyy-mm-dd")&"|"&TEXT('Ingest Template'!C9+3, "yyyy-mm-dd"),'Ingest Template'!Q9))) | AM9: ='Ingest Template'!AC9
B10: ='Ingest Template'!C10&IF('Ingest Template'!A10 = "Standard", " - DAR","") | C10: TV Shows | D10: {=CONCATENATE(INDEX(DropdownLists!$H$2:$H$11,MATCH(1,COUNTIF('Ingest Template'!E10,"*"&DropdownLists!$I$2:$I$11&"*"),0)),CHAR(10),'Ingest Template'!F10,CHAR(10),'Ingest Template'!G10,CHAR(10),VLOOKUP('Ingest Template'!D10,DropdownLists!C:D,2,FALSE))} -> #N/A | E10: =CONCATENATE('Ingest Template'!H10,CHAR(10),'Ingest Template'!I10,CHAR(10),'Ingest Template'!J10,CHAR(10)) | F10: {=INDEX(DropdownLists!$O$2:$O$36,MATCH(1,COUNTIF(E10,"*"&DropdownLists!$N$2:$N$36&"*"),0))} | H10: {=INDEX(DropdownLists!$E$2:$E$276,MATCH('Ingest Template'!D10,DropdownLists!$C$2:$C$276,0))} -> #N/A | J10: {=iF('Ingest Template'!A10="Standard","Pristine Brand",INDEX(DropdownLists!$B$2:$B$246,MATCH('Ingest Template'!D10,DropdownLists!$C$2:$C$246,0)))} -> #N/A | K10: =iF('Ingest Template'!A10="Standard",'Ingest Template'!K10&CHAR(10)&'Ingest Template'!L10,"Competitive View") -> Competitive View | L10: t | M10: ='Ingest Template'!B10 | R10: ='Ingest Template'!D10 | S10: f | T10: ='Ingest Template'!V10 | U10: ='Ingest Template'!W10 | V10: =LOWER(SUBSTITUTE(SUBSTITUTE(SUBSTITUTE(SUBSTITUTE(SUBSTITUTE('Ingest Template'!X10,"https:",""),"www.",""),"/",""),"?hl=en",""),"instagram.com","")) | W10: {=IF( 'Ingest Template'!Y10="", SUBSTITUTE( INDEX(DropdownLists!$F$2:$F$277,MATCH('Ingest Template'!D10,DropdownLists!$C$2:$C$277,0)), CHAR(10), "|"&'Ingest Template'!C10&CHAR(10) )&"|"&'Ingest Template'!C10, SUBSTITUTE( INDEX(DropdownLists!$F$2:$F$277,MATCH('Ingest Template'!D10,DropdownLists!$C$2:$C$277,0)), CHAR(10), "|"&'Ingest Template'!C10&CHAR(10) )&"|"&'Ingest Template'!C10&CHAR(10)&'Ingest Template'!Y10 )} -> #N/A | X10: ='Ingest Template'!Z10 | Y10: =SUBSTITUTE(SUBSTITUTE(SUBSTITUTE('Ingest Template'!AA10,"http:",""),"https:",""),"/","") | Z10: {=IF('Ingest Template'!A10="Standard",(IF(ISBLANK('Ingest Template'!AB10),"", 'Ingest Template'!AB10&"|DAR")),(IF(ISBLANK('Ingest Template'!AB10),"", 'Ingest Template'!AB10&"|TV Ops")))} | AB10: ='Ingest Template'!R10 | AC10: ='Ingest Template'!T10 | AD10: ='Ingest Template'!S10 | AE10: ='Ingest Template'!U10 | AG10: {=IF('Ingest Template'!A10="Standard",(CONCATENATE(IF(ISBLANK('Ingest Template'!N10),"", 'Ingest Template'!N10&"|DAR"),CHAR(10), IF(ISBLANK('Ingest Template'!O10),"", 'Ingest Template'!O10&"|DAR"),CHAR(10), IF(ISBLANK('Ingest Template'!P10),"", 'Ingest Template'!P10&"|DAR"))),(CONCATENATE(IF(ISBLANK('Ingest Template'!N10),"", 'Ingest Template'!N10&"|TV Ops"),CHAR(10), IF(ISBLANK('Ingest Template'!O10),"", 'Ingest Template'!O10&"|TV Ops"),CHAR(10), IF(ISBLANK('Ingest Template'!P10),"", 'Ingest Template'!P10&"|TV Ops"))))} | AJ10: =if('Ingest Template'!A10="Standard",(IF(OR('Ingest Template'!F10 = "Program Type - Special", 'Ingest Template'!F10 = "Program Type - Live Event"),'Ingest Template'!M10& "|DAR|DAR|"&TEXT('Ingest Template'!C10-3, "yyyy-mm-dd")&"|"&TEXT('Ingest Template'!C10+3, "yyyy-mm-dd"),'Ingest Template'!M10& "|DAR|DAR|2021-01-01")),(IF(OR('Ingest Template'!F10 = "Program Type - Special", 'Ingest Template'!F10 = "Program Type - Live Event"),'Ingest Template'!M10& "|Operations - Core Title|Operations - Core Title|"&TEXT('Ingest Template'!C10-3, "yyyy-mm-dd")&"|"&TEXT('Ingest Template'!C10+3, "yyyy-mm-dd"),'Ingest Template'!M10& "|Operations - Core Title|Operations - Core Title"))) -> |Operations - Core Title|Operations - Core Title | AL10: =if('Ingest Template'!A10="Standard",(IF(OR('Ingest Template'!F10 = "Program Type - Special", 'Ingest Template'!F10 = "Program Type - Live Event"),'Ingest Template'!Q10&"|"&TEXT('Ingest Template'!C10-3, "yyyy-mm-dd")&"|"&TEXT('Ingest Template'!C10+3, "yyyy-mm-dd"),'Ingest Template'!Q10& "|2021-01-01")),(IF(OR('Ingest Template'!F10 = "Program Type - Special", 'Ingest Template'!F10 = "Program Type - Live Event"),'Ingest Template'!Q10& "|"&TEXT('Ingest Template'!C10-3, "yyyy-mm-dd")&"|"&TEXT('Ingest Template'!C10+3, "yyyy-mm-dd"),'Ingest Template'!Q10))) | AM10: ='Ingest Template'!AC10
B11: ='Ingest Template'!C11&IF('Ingest Template'!A11 = "Standard", " - DAR","") | C11: TV Shows | D11: {=CONCATENATE(INDEX(DropdownLists!$H$2:$H$11,MATCH(1,COUNTIF('Ingest Template'!E11,"*"&DropdownLists!$I$2:$I$11&"*"),0)),CHAR(10),'Ingest Template'!F11,CHAR(10),'Ingest Template'!G11,CHAR(10),VLOOKUP('Ingest Template'!D11,DropdownLists!C:D,2,FALSE))} -> #N/A | E11: =CONCATENATE('Ingest Template'!H11,CHAR(10),'Ingest Template'!I11,CHAR(10),'Ingest Template'!J11,CHAR(10)) | F11: {=INDEX(DropdownLists!$O$2:$O$36,MATCH(1,COUNTIF(E11,"*"&DropdownLists!$N$2:$N$36&"*"),0))} | H11: {=INDEX(DropdownLists!$E$2:$E$276,MATCH('Ingest Template'!D11,DropdownLists!$C$2:$C$276,0))} -> #N/A | J11: {=iF('Ingest Template'!A11="Standard","Pristine Brand",INDEX(DropdownLists!$B$2:$B$246,MATCH('Ingest Template'!D11,DropdownLists!$C$2:$C$246,0)))} -> #N/A | K11: =iF('Ingest Template'!A11="Standard",'Ingest Template'!K11&CHAR(10)&'Ingest Template'!L11,"Competitive View") -> Competitive View | L11: t | M11: ='Ingest Template'!B11 | R11: ='Ingest Template'!D11 | S11: f | T11: ='Ingest Template'!V11 | U11: ='Ingest Template'!W11 | V11: =LOWER(SUBSTITUTE(SUBSTITUTE(SUBSTITUTE(SUBSTITUTE(SUBSTITUTE('Ingest Template'!X11,"https:",""),"www.",""),"/",""),"?hl=en",""),"instagram.com","")) | W11: {=IF( 'Ingest Template'!Y11="", SUBSTITUTE( INDEX(DropdownLists!$F$2:$F$277,MATCH('Ingest Template'!D11,DropdownLists!$C$2:$C$277,0)), CHAR(10), "|"&'Ingest Template'!C11&CHAR(10) )&"|"&'Ingest Template'!C11, SUBSTITUTE( INDEX(DropdownLists!$F$2:$F$277,MATCH('Ingest Template'!D11,DropdownLists!$C$2:$C$277,0)), CHAR(10), "|"&'Ingest Template'!C11&CHAR(10) )&"|"&'Ingest Template'!C11&CHAR(10)&'Ingest Template'!Y11 )} -> #N/A | X11: ='Ingest Template'!Z11 | Y11: =SUBSTITUTE(SUBSTITUTE(SUBSTITUTE('Ingest Template'!AA11,"http:",""),"https:",""),"/","") | Z11: {=IF('Ingest Template'!A11="Standard",(IF(ISBLANK('Ingest Template'!AB11),"", 'Ingest Template'!AB11&"|DAR")),(IF(ISBLANK('Ingest Template'!AB11),"", 'Ingest Template'!AB11&"|TV Ops")))} | AB11: ='Ingest Template'!R11 | AC11: ='Ingest Template'!T11 | AD11: ='Ingest Template'!S11 | AE11: ='Ingest Template'!U11 | AG11: {=IF('Ingest Template'!A11="Standard",(CONCATENATE(IF(ISBLANK('Ingest Template'!N11),"", 'Ingest Template'!N11&"|DAR"),CHAR(10), IF(ISBLANK('Ingest Template'!O11),"", 'Ingest Template'!O11&"|DAR"),CHAR(10), IF(ISBLANK('Ingest Template'!P11),"", 'Ingest Template'!P11&"|DAR"))),(CONCATENATE(IF(ISBLANK('Ingest Template'!N11),"", 'Ingest Template'!N11&"|TV Ops"),CHAR(10), IF(ISBLANK('Ingest Template'!O11),"", 'Ingest Template'!O11&"|TV Ops"),CHAR(10), IF(ISBLANK('Ingest Template'!P11),"", 'Ingest Template'!P11&"|TV Ops"))))} | AJ11: =if('Ingest Template'!A11="Standard",(IF(OR('Ingest Template'!F11 = "Program Type - Special", 'Ingest Template'!F11 = "Program Type - Live Event"),'Ingest Template'!M11& "|DAR|DAR|"&TEXT('Ingest Template'!C11-3, "yyyy-mm-dd")&"|"&TEXT('Ingest Template'!C11+3, "yyyy-mm-dd"),'Ingest Template'!M11& "|DAR|DAR|2021-01-01")),(IF(OR('Ingest Template'!F11 = "Program Type - Special", 'Ingest Template'!F11 = "Program Type - Live Event"),'Ingest Template'!M11& "|Operations - Core Title|Operations - Core Title|"&TEXT('Ingest Template'!C11-3, "yyyy-mm-dd")&"|"&TEXT('Ingest Template'!C11+3, "yyyy-mm-dd"),'Ingest Template'!M11& "|Operations - Core Title|Operations - Core Title"))) -> |Operations - Core Title|Operations - Core Title | AL11: =if('Ingest Template'!A11="Standard",(IF(OR('Ingest Template'!F11 = "Program Type - Special", 'Ingest Template'!F11 = "Program Type - Live Event"),'Ingest Template'!Q11&"|"&TEXT('Ingest Template'!C11-3, "yyyy-mm-dd")&"|"&TEXT('Ingest Template'!C11+3, "yyyy-mm-dd"),'Ingest Template'!Q11& "|2021-01-01")),(IF(OR('Ingest Template'!F11 = "Program Type - Special", 'Ingest Template'!F11 = "Program Type - Live Event"),'Ingest Template'!Q11& "|"&TEXT('Ingest Template'!C11-3, "yyyy-mm-dd")&"|"&TEXT('Ingest Template'!C11+3, "yyyy-mm-dd"),'Ingest Template'!Q11))) | AM11: ='Ingest Template'!AC11
B12: ='Ingest Template'!C12&IF('Ingest Template'!A12 = "Standard", " - DAR","") | C12: TV Shows | D12: {=CONCATENATE(INDEX(DropdownLists!$H$2:$H$11,MATCH(1,COUNTIF('Ingest Template'!E12,"*"&DropdownLists!$I$2:$I$11&"*"),0)),CHAR(10),'Ingest Template'!F12,CHAR(10),'Ingest Template'!G12,CHAR(10),VLOOKUP('Ingest Template'!D12,DropdownLists!C:D,2,FALSE))} -> #N/A | E12: =CONCATENATE('Ingest Template'!H12,CHAR(10),'Ingest Template'!I12,CHAR(10),'Ingest Template'!J12,CHAR(10)) | F12: {=INDEX(DropdownLists!$O$2:$O$36,MATCH(1,COUNTIF(E12,"*"&DropdownLists!$N$2:$N$36&"*"),0))} | H12: {=INDEX(DropdownLists!$E$2:$E$276,MATCH('Ingest Template'!D12,DropdownLists!$C$2:$C$276,0))} -> #N/A | J12: {=iF('Ingest Template'!A12="Standard","Pristine Brand",INDEX(DropdownLists!$B$2:$B$246,MATCH('Ingest Template'!D12,DropdownLists!$C$2:$C$246,0)))} -> #N/A | K12: =iF('Ingest Template'!A12="Standard",'Ingest Template'!K12&CHAR(10)&'Ingest Template'!L12,"Competitive View") -> Competitive View | L12: t | M12: ='Ingest Template'!B12 | R12: ='Ingest Template'!D12 | S12: f | T12: ='Ingest Template'!V12 | U12: ='Ingest Template'!W12 | V12: =LOWER(SUBSTITUTE(SUBSTITUTE(SUBSTITUTE(SUBSTITUTE(SUBSTITUTE('Ingest Template'!X12,"https:",""),"www.",""),"/",""),"?hl=en",""),"instagram.com","")) | W12: {=IF( 'Ingest Template'!Y12="", SUBSTITUTE( INDEX(DropdownLists!$F$2:$F$277,MATCH('Ingest Template'!D12,DropdownLists!$C$2:$C$277,0)), CHAR(10), "|"&'Ingest Template'!C12&CHAR(10) )&"|"&'Ingest Template'!C12, SUBSTITUTE( INDEX(DropdownLists!$F$2:$F$277,MATCH('Ingest Template'!D12,DropdownLists!$C$2:$C$277,0)), CHAR(10), "|"&'Ingest Template'!C12&CHAR(10) )&"|"&'Ingest Template'!C12&CHAR(10)&'Ingest Template'!Y12 )} -> #N/A | X12: ='Ingest Template'!Z12 | Y12: =SUBSTITUTE(SUBSTITUTE(SUBSTITUTE('Ingest Template'!AA12,"http:",""),"https:",""),"/","") | Z12: {=IF('Ingest Template'!A12="Standard",(IF(ISBLANK('Ingest Template'!AB12),"", 'Ingest Template'!AB12&"|DAR")),(IF(ISBLANK('Ingest Template'!AB12),"", 'Ingest Template'!AB12&"|TV Ops")))} | AB12: ='Ingest Template'!R12 | AC12: ='Ingest Template'!T12 | AD12: ='Ingest Template'!S12 | AE12: ='Ingest Template'!U12 | AG12: {=IF('Ingest Template'!A12="Standard",(CONCATENATE(IF(ISBLANK('Ingest Template'!N12),"", 'Ingest Template'!N12&"|DAR"),CHAR(10), IF(ISBLANK('Ingest Template'!O12),"", 'Ingest Template'!O12&"|DAR"),CHAR(10), IF(ISBLANK('Ingest Template'!P12),"", 'Ingest Template'!P12&"|DAR"))),(CONCATENATE(IF(ISBLANK('Ingest Template'!N12),"", 'Ingest Template'!N12&"|TV Ops"),CHAR(10), IF(ISBLANK('Ingest Template'!O12),"", 'Ingest Template'!O12&"|TV Ops"),CHAR(10), IF(ISBLANK('Ingest Template'!P12),"", 'Ingest Template'!P12&"|TV Ops"))))} | AJ12: =if('Ingest Template'!A12="Standard",(IF(OR('Ingest Template'!F12 = "Program Type - Special", 'Ingest Template'!F12 = "Program Type - Live Event"),'Ingest Template'!M12& "|DAR|DAR|"&TEXT('Ingest Template'!C12-3, "yyyy-mm-dd")&"|"&TEXT('Ingest Template'!C12+3, "yyyy-mm-dd"),'Ingest Template'!M12& "|DAR|DAR|2021-01-01")),(IF(OR('Ingest Template'!F12 = "Program Type - Special", 'Ingest Template'!F12 = "Program Type - Live Event"),'Ingest Template'!M12& "|Operations - Core Title|Operations - Core Title|"&TEXT('Ingest Template'!C12-3, "yyyy-mm-dd")&"|"&TEXT('Ingest Template'!C12+3, "yyyy-mm-dd"),'Ingest Template'!M12& "|Operations - Core Title|Operations - Core Title"))) -> |Operations - Core Title|Operations - Core Title | AL12: =if('Ingest Template'!A12="Standard",(IF(OR('Ingest Template'!F12 = "Program Type - Special", 'Ingest Template'!F12 = "Program Type - Live Event"),'Ingest Template'!Q12&"|"&TEXT('Ingest Template'!C12-3, "yyyy-mm-dd")&"|"&TEXT('Ingest Template'!C12+3, "yyyy-mm-dd"),'Ingest Template'!Q12& "|2021-01-01")),(IF(OR('Ingest Template'!F12 = "Program Type - Special", 'Ingest Template'!F12 = "Program Type - Live Event"),'Ingest Template'!Q12& "|"&TEXT('Ingest Template'!C12-3, "yyyy-mm-dd")&"|"&TEXT('Ingest Template'!C12+3, "yyyy-mm-dd"),'Ingest Template'!Q12))) | AM12: ='Ingest Template'!AC12
B13: ='Ingest Template'!C13&IF('Ingest Template'!A13 = "Standard", " - DAR","") | C13: TV Shows | D13: {=CONCATENATE(INDEX(DropdownLists!$H$2:$H$11,MATCH(1,COUNTIF('Ingest Template'!E13,"*"&DropdownLists!$I$2:$I$11&"*"),0)),CHAR(10),'Ingest Template'!F13,CHAR(10),'Ingest Template'!G13,CHAR(10),VLOOKUP('Ingest Template'!D13,DropdownLists!C:D,2,FALSE))} -> #N/A | E13: =CONCATENATE('Ingest Template'!H13,CHAR(10),'Ingest Template'!I13,CHAR(10),'Ingest Template'!J13,CHAR(10)) | F13: {=INDEX(DropdownLists!$O$2:$O$36,MATCH(1,COUNTIF(E13,"*"&DropdownLists!$N$2:$N$36&"*"),0))} | H13: {=INDEX(DropdownLists!$E$2:$E$276,MATCH('Ingest Template'!D13,DropdownLists!$C$2:$C$276,0))} -> #N/A | J13: {=iF('Ingest Template'!A13="Standard","Pristine Brand",INDEX(DropdownLists!$B$2:$B$246,MATCH('Ingest Template'!D13,DropdownLists!$C$2:$C$246,0)))} -> #N/A | K13: =iF('Ingest Template'!A13="Standard",'Ingest Template'!K13&CHAR(10)&'Ingest Template'!L13,"Competitive View") -> Competitive View | L13: t | M13: ='Ingest Template'!B13 | R13: ='Ingest Template'!D13 | S13: f | T13: ='Ingest Template'!V13 | U13: ='Ingest Template'!W13 | V13: =LOWER(SUBSTITUTE(SUBSTITUTE(SUBSTITUTE(SUBSTITUTE(SUBSTITUTE('Ingest Template'!X13,"https:",""),"www.",""),"/",""),"?hl=en",""),"instagram.com","")) | W13: {=IF( 'Ingest Template'!Y13="", SUBSTITUTE( INDEX(DropdownLists!$F$2:$F$277,MATCH('Ingest Template'!D13,DropdownLists!$C$2:$C$277,0)), CHAR(10), "|"&'Ingest Template'!C13&CHAR(10) )&"|"&'Ingest Template'!C13, SUBSTITUTE( INDEX(DropdownLists!$F$2:$F$277,MATCH('Ingest Template'!D13,DropdownLists!$C$2:$C$277,0)), CHAR(10), "|"&'Ingest Template'!C13&CHAR(10) )&"|"&'Ingest Template'!C13&CHAR(10)&'Ingest Template'!Y13 )} -> #N/A | X13: ='Ingest Template'!Z13 | Y13: =SUBSTITUTE(SUBSTITUTE(SUBSTITUTE('Ingest Template'!AA13,"http:",""),"https:",""),"/","") | Z13: {=IF('Ingest Template'!A13="Standard",(IF(ISBLANK('Ingest Template'!AB13),"", 'Ingest Template'!AB13&"|DAR")),(IF(ISBLANK('Ingest Template'!AB13),"", 'Ingest Template'!AB13&"|TV Ops")))} | AB13: ='Ingest Template'!R13 | AC13: ='Ingest Template'!T13 | AD13: ='Ingest Template'!S13 | AE13: ='Ingest Template'!U13 | AG13: {=IF('Ingest Template'!A13="Standard",(CONCATENATE(IF(ISBLANK('Ingest Template'!N13),"", 'Ingest Template'!N13&"|DAR"),CHAR(10), IF(ISBLANK('Ingest Template'!O13),"", 'Ingest Template'!O13&"|DAR"),CHAR(10), IF(ISBLANK('Ingest Template'!P13),"", 'Ingest Template'!P13&"|DAR"))),(CONCATENATE(IF(ISBLANK('Ingest Template'!N13),"", 'Ingest Template'!N13&"|TV Ops"),CHAR(10), IF(ISBLANK('Ingest Template'!O13),"", 'Ingest Template'!O13&"|TV Ops"),CHAR(10), IF(ISBLANK('Ingest Template'!P13),"", 'Ingest Template'!P13&"|TV Ops"))))} | AJ13: =if('Ingest Template'!A13="Standard",(IF(OR('Ingest Template'!F13 = "Program Type - Special", 'Ingest Template'!F13 = "Program Type - Live Event"),'Ingest Template'!M13& "|DAR|DAR|"&TEXT('Ingest Template'!C13-3, "yyyy-mm-dd")&"|"&TEXT('Ingest Template'!C13+3, "yyyy-mm-dd"),'Ingest Template'!M13& "|DAR|DAR|2021-01-01")),(IF(OR('Ingest Template'!F13 = "Program Type - Special", 'Ingest Template'!F13 = "Program Type - Live Event"),'Ingest Template'!M13& "|Operations - Core Title|Operations - Core Title|"&TEXT('Ingest Template'!C13-3, "yyyy-mm-dd")&"|"&TEXT('Ingest Template'!C13+3, "yyyy-mm-dd"),'Ingest Template'!M13& "|Operations - Core Title|Operations - Core Title"))) -> |Operations - Core Title|Operations - Core Title | AL13: =if('Ingest Template'!A13="Standard",(IF(OR('Ingest Template'!F13 = "Program Type - Special", 'Ingest Template'!F13 = "Program Type - Live Event"),'Ingest Template'!Q13&"|"&TEXT('Ingest Template'!C13-3, "yyyy-mm-dd")&"|"&TEXT('Ingest Template'!C13+3, "yyyy-mm-dd"),'Ingest Template'!Q13& "|2021-01-01")),(IF(OR('Ingest Template'!F13 = "Program Type - Special", 'Ingest Template'!F13 = "Program Type - Live Event"),'Ingest Template'!Q13& "|"&TEXT('Ingest Template'!C13-3, "yyyy-mm-dd")&"|"&TEXT('Ingest Template'!C13+3, "yyyy-mm-dd"),'Ingest Template'!Q13))) | AM13: ='Ingest Template'!AC13
... B1008: ='Ingest Template'!C1008&IF('Ingest Template'!A1008 = "Standard", " - DAR","") | C1008: TV Shows | D1008: {=CONCATENATE(INDEX(DropdownLists!$H$2:$H$11,MATCH(1,COUNTIF('Ingest Template'!E1008,"*"&DropdownLists!$I$2:$I$11&"*"),0)),CHAR(10),'Ingest Template'!F1008,CHAR(10),'Ingest Template'!G1008,CHAR(10),VLOOKUP('Ingest Template'!D1008,DropdownLists!C:D,2,FALSE))} -> #N/A | E1008: =CONCATENATE('Ingest Template'!H1008,CHAR(10),'Ingest Template'!I1008,CHAR(10),'Ingest Template'!J1008,CHAR(10)) | F1008: {=INDEX(DropdownLists!$O$2:$O$36,MATCH(1,COUNTIF(E1008,"*"&DropdownLists!$N$2:$N$36&"*"),0))} | H1008: {=INDEX(DropdownLists!$E$2:$E$276,MATCH('Ingest Template'!D1008,DropdownLists!$C$2:$C$276,0))} -> #N/A | J1008: {=iF('Ingest Template'!A1008="Standard","Pristine Brand",INDEX(DropdownLists!$B$2:$B$246,MATCH('Ingest Template'!D1008,DropdownLists!$C$2:$C$246,0)))} -> #N/A | K1008: =iF('Ingest Template'!A1008="Standard",'Ingest Template'!K1008&CHAR(10)&'Ingest Template'!L1008,"Competitive View") -> Competitive View | L1008: t | M1008: ='Ingest Template'!B1008 | R1008: ='Ingest Template'!D1008 | S1008: f | T1008: ='Ingest Template'!V1008 | U1008: ='Ingest Template'!W1008 | V1008: =LOWER(SUBSTITUTE(SUBSTITUTE(SUBSTITUTE(SUBSTITUTE(SUBSTITUTE('Ingest Template'!X1008,"https:",""),"www.",""),"/",""),"?hl=en",""),"instagram.com","")) | W1008: {=IF( 'Ingest Template'!Y1008="", SUBSTITUTE( INDEX(DropdownLists!$F$2:$F$277,MATCH('Ingest Template'!D1008,DropdownLists!$C$2:$C$277,0)), CHAR(10), "|"&'Ingest Template'!C1008&CHAR(10) )&"|"&'Ingest Template'!C1008, SUBSTITUTE( INDEX(DropdownLists!$F$2:$F$277,MATCH('Ingest Template'!D1008,DropdownLists!$C$2:$C$277,0)), CHAR(10), "|"&'Ingest Template'!C1008&CHAR(10) )&"|"&'Ingest Template'!C1008&CHAR(10)&'Ingest Template'!Y1008 )} -> #N/A | X1008: ='Ingest Template'!Z1008 | Y1008: =SUBSTITUTE(SUBSTITUTE(SUBSTITUTE('Ingest Template'!AA1008,"http:",""),"https:",""),"/","") | Z1008: {=IF('Ingest Template'!A1008="Standard",(IF(ISBLANK('Ingest Template'!AB1008),"", 'Ingest Template'!AB1008&"|DAR")),(IF(ISBLANK('Ingest Template'!AB1008),"", 'Ingest Template'!AB1008&"|TV Ops")))} | AB1008: ='Ingest Template'!R1008 | AC1008: ='Ingest Template'!T1008 | AD1008: ='Ingest Template'!S1008 | AE1008: ='Ingest Template'!U1008 | AG1008: {=IF('Ingest Template'!A1008="Standard",(CONCATENATE(IF(ISBLANK('Ingest Template'!N1008),"", 'Ingest Template'!N1008&"|DAR"),CHAR(10), IF(ISBLANK('Ingest Template'!O1008),"", 'Ingest Template'!O1008&"|DAR"),CHAR(10), IF(ISBLANK('Ingest Template'!P1008),"", 'Ingest Template'!P1008&"|DAR"))),(CONCATENATE(IF(ISBLANK('Ingest Template'!N1008),"", 'Ingest Template'!N1008&"|TV Ops"),CHAR(10), IF(ISBLANK('Ingest Template'!O1008),"", 'Ingest Template'!O1008&"|TV Ops"),CHAR(10), IF(ISBLANK('Ingest Template'!P1008),"", 'Ingest Template'!P1008&"|TV Ops"))))} | AJ1008: =if('Ingest Template'!A1008="Standard",(IF(OR('Ingest Template'!F1008 = "Program Type - Special", 'Ingest Template'!F1008 = "Program Type - Live Event"),'Ingest Template'!M1008& "|DAR|DAR|"&TEXT('Ingest Template'!C1008-3, "yyyy-mm-dd")&"|"&TEXT('Ingest Template'!C1008+3, "yyyy-mm-dd"),'Ingest Template'!M1008& "|DAR|DAR|2021-01-01")),(IF(OR('Ingest Template'!F1008 = "Program Type - Special", 'Ingest Template'!F1008 = "Program Type - Live Event"),'Ingest Template'!M1008& "|Operations - Core Title|Operations - Core Title|"&TEXT('Ingest Template'!C1008-3, "yyyy-mm-dd")&"|"&TEXT('Ingest Template'!C1008+3, "yyyy-mm-dd"),'Ingest Template'!M1008& "|Operations - Core Title|Operations - Core Title"))) -> |Operations - Core Title|Operations - Core Title | AL1008: =if('Ingest Template'!A1008="Standard",(IF(OR('Ingest Template'!F1008 = "Program Type - Special", 'Ingest Template'!F1008 = "Program Type - Live Event"),'Ingest Template'!Q1008&"|"&TEXT('Ingest Template'!C1008-3, "yyyy-mm-dd")&"|"&TEXT('Ingest Template'!C1008+3, "yyyy-mm-dd"),'Ingest Template'!Q1008& "|2021-01-01")),(IF(OR('Ingest Template'!F1008 = "Program Type - Special", 'Ingest Template'!F1008 = "Program Type - Live Event"),'Ingest Template'!Q1008& "|"&TEXT('Ingest Template'!C1008-3, "yyyy-mm-dd")&"|"&TEXT('Ingest Template'!C1008+3, "yyyy-mm-dd"),'Ingest Template'!Q1008))) | AM1008: ='Ingest Template'!AC1008

Sheet Ingest Template
A1: Perspective | B1: Release Date | C1: Title | D1: Network | E1: Daypart | F1: Program Type | G1: Language Type | H1: Genre 1 | I1: Genre 2 | J1: Genre 3 | K1: TV Brand Sets | L1: Conglomerate Brand Sets | M1: Twitter Keyword (Search String) | N1: Twitter Hashtag 1 | O1: # 2 | P1: # 3 | Q1: Reddit Keyword (Search String) | R1: Wikipedia | S1: IMDB (URL) | T1: Rotten Tomatoes | U1: Metacritic | V1: Facebook Page (URL) | W1: Twitter Page (URL) | X1: Instagram Account (URL) | Y1: YouTube (Brand) | Z1: TikTok | AA1: Tumblr | AB1: Pinterest User (Handle) | AC1: URL Manager

Sheet Twitter Episodic Keyword Method
A1: Twitter Episodic Keyword Methodology
A2: 1. Default: | B2: (“title name”)(“Network/Studio Name” OR Network/Studio Handle OR Network/Studio Hashtag OR “Year of release" OR "All New" OR Episode OR Watch OR tv OR Show OR Series OR season OR binge OR Stream OR Film OR Movie OR Premiere OR Screening OR Feature OR Trailer OR Teaser OR theater OR release)
A3: 2. Tier 1 Modification (If the default keyword fails the 75% test) | B3: (“title name”)(“Network/Studio Name” OR Network/Studio Handle OR Network/Studio Hashtag)
A4: 2. Tier 2 Modification (If Tier 1 modification fails the 75% test) | B4: (“title name”)(“Network/Studio Name”)(network/Studio Handle OR Network/Studio Hashtag)
A5: 4. Use Human Judgement

Sheet TV Brand sets
B1: Episodic | D1: Episodic +
A3: Enter Network Below:
B4: Program Type | D4: Program Type
B5: Series & Mini-Series (exclude news & sports) | D5: TV Movie | E5: Special/Live Event/News/Sports series
A6: . | B6: =$A$5&" -- Episodic + Roll-Up" -> -- Episodic + Roll-Up | D6: LF // TV Universe | E6: =D6 -> LF // TV Universe
B7: =$A$5&"-- Episodic Network Roll-Up" -> -- Episodic Network Roll-Up | D7: LF // TV // Episodic Plus | E7: =D7 -> LF // TV // Episodic Plus
B8: LF // TV Universe | D8: =$A$5&" -- Episodic + Roll-Up" -> -- Episodic + Roll-Up | E8: =$A$5&" -- Episodic + Roll-Up" -> -- Episodic + Roll-Up
B9: LF // TV // Episodic | D9: LF // Film - Majors + Independents
B10: LF // TV // Episodic Plus

Sheet Conglomerate Brand Sets
B1: Brand Sets
A2: A&E | B2: A+E > TV Roll-up A+E > TV + Publishing Roll-up A+E > Film + TV + Publishing Roll-up
A3: ABC | B3: The Walt Disney Company > Overall Roll-up The Walt Disney Company > TV Roll-up The Walt Disney Company > TV Broadcast Roll-up The Walt Disney Company > TV + Publishing Roll-up The Walt Disney Company > Film + TV + Publishing Roll-up
A4: Acorn TV | B4: Acorn TV Network
A5: Adult Swim | B5: WarnerMedia > Overall Roll-up WarnerMedia > TV Roll-up WarnerMedia > TV Cable Roll-up WarnerMedia > TV + Publishing Roll-up WarnerMedia > Film + TV + Publishing Roll-up AT&T Overall Roll-Up
A6: ALLBLK | B6: ALLBLK TV Network
A7: Amazon Prime Video | B7: Amazon Prime Video TV Network Amazon Prime Video - Emerging Titles PV Monthly - Emerging Titles
A8: AMC | B8: AMCN > TV Roll-up AMCN > TV + Publishing Roll-up AMCN > Film + TV + Publishing Roll-up AMCN + BBCA Roll-Up AMC TV Network
A9: AMC - Episodic Only (Series & Mini-Series) | B9: AMCN > TV Roll-up AMCN > TV + Publishing Roll-up AMCN > Film + TV + Publishing Roll-up AMC [Custom]-- Episodic Network Roll-Up
A10: American Heroes Channel | B10: Discovery > TV Roll-up Discovery > TV + Publishing Roll-up Discovery > Film + TV + Publishing Roll-up
A11: Animal Planet | B11: Discovery > TV Roll-up Discovery > TV + Publishing Roll-up Discovery > Film + TV + Publishing Roll-up
A12: Apple TV+
A13: Audience Network | B13: AT&T > TV + Publishing Roll-up AT&T > Film + TV + Publishing Roll-up AT&T Communications Roll-up AT&T Overall Roll-Up
A14: BabyTV | B14: The Walt Disney Company > Overall Roll-up The Walt Disney Company > TV Roll-up The Walt Disney Company > TV Cable Roll-up The Walt Disney Company > TV + Publishing Roll-up The Walt Disney Company > Film + TV + Publishing Roll-up
A15: BBC America | B15: AMCN + BBCA Roll-Up BBC America TV Network
A16: BET | B16: Paramount > Overall Roll-up Paramount > TV Roll-up Paramount > TV Cable Roll-up Paramount > TV + Publishing Roll-up Paramount > Film + TV + Publishing Roll-up
A17: Boomerang | B17: WarnerMedia > Overall Roll-up WarnerMedia > TV Roll-up WarnerMedia > TV Cable Roll-up WarnerMedia > TV + Publishing Roll-up WarnerMedia > Film + TV + Publishing Roll-up AT&T Overall Roll-Up
A18: Bravo | B18: NBCUniversal > Overall Roll-up NBCUniversal > TV Roll-up NBCUniversal > TV Cable Roll-up NBCUniversal > TV + Publishing Roll-up NBCUniversal > Film + TV + Publishing Roll-up
A19: Cartoon Network | B19: WarnerMedia > Overall Roll-up WarnerMedia > TV Roll-up WarnerMedia > TV Cable Roll-up WarnerMedia > TV + Publishing Roll-up WarnerMedia > Film + TV + Publishing Roll-up AT&T Overall Roll-Up
A20: CBS | B20: Paramount > Overall Roll-up Paramount > TV Roll-up Paramount > TV Cable Roll-up Paramount > TV + Publishing Roll-up Paramount > Film + TV + Publishing Roll-up
A21: CBS | B21: Paramount > Overall Roll-up Paramount > TV Roll-up Paramount > TV Broadcast Roll-up Paramount > TV + Publishing Roll-up Paramount > Film + TV + Publishing Roll-up
A22: CBS All Access
A23: Centric | B23: Paramount > Overall Roll-up Paramount > TV Roll-up Paramount > TV Cable Roll-up Paramount > TV + Publishing Roll-up Paramount > Film + TV + Publishing Roll-up
A24: Chiller | B24: NBCUniversal > Overall Roll-up NBCUniversal > TV Roll-up NBCUniversal > TV Cable Roll-up NBCUniversal > TV + Publishing Roll-up NBCUniversal > Film + TV + Publishing Roll-up
A25: Cinemax | B25: WarnerMedia > Overall Roll-up WarnerMedia > TV Roll-up WarnerMedia > TV Cable Roll-up WarnerMedia > TV + Publishing Roll-up WarnerMedia > Film + TV + Publishing Roll-up AT&T Overall Roll-Up
A26: CMT | B26: Paramount > Overall Roll-up Paramount > TV Roll-up Paramount > TV Cable Roll-up Paramount > TV + Publishing Roll-up Paramount > Film + TV + Publishing Roll-up
A27: CNBC | B27: NBCUniversal > Overall Roll-up NBCUniversal > TV Roll-up NBCUniversal > TV Cable Roll-up NBCUniversal > TV + Publishing Roll-up NBCUniversal > Film + TV + Publishing Roll-up
A28: CNN | B28: WarnerMedia > Overall Roll-up WarnerMedia > TV Roll-up WarnerMedia > TV Cable Roll-up WarnerMedia > TV + Publishing Roll-up WarnerMedia > Film + TV + Publishing Roll-up AT&T Overall Roll-Up
A29: CNN en Espanol | B29: WarnerMedia > Overall Roll-up WarnerMedia > TV Roll-up WarnerMedia > TV Cable Roll-up WarnerMedia > TV + Publishing Roll-up WarnerMedia > Film + TV + Publishing Roll-up AT&T Overall Roll-Up
A30: CNN International | B30: WarnerMedia > Overall Roll-up WarnerMedia > TV Roll-up WarnerMedia > TV Cable Roll-up WarnerMedia > TV + Publishing Roll-up WarnerMedia > Film + TV + Publishing Roll-up AT&T Overall Roll-Up
A31: Comedy Central | B31: Paramount > Overall Roll-up Paramount > TV Roll-up Paramount > TV Cable Roll-up Paramount > TV + Publishing Roll-up Paramount > Film + TV + Publishing Roll-up
A32: Cooking Channel | B32: Discovery > TV Roll-up Discovery > TV + Publishing Roll-up Discovery > Film + TV + Publishing Roll-up
A33: Crackle
A34: Crime & Investigation Network | B34: A+E > TV Roll-up A+E > TV + Publishing Roll-up A+E > Film + TV + Publishing Roll-up
A35: Destination America | B35: Discovery > TV Roll-up Discovery > TV + Publishing Roll-up Discovery > Film + TV + Publishing Roll-up
A36: Discovery | B36: Discovery > TV Roll-up Discovery > TV + Publishing Roll-up Discovery > Film + TV + Publishing Roll-up
A37: Discovery en Español | B37: Discovery > TV Roll-up Discovery > TV + Publishing Roll-up Discovery > Film + TV + Publishing Roll-up
A38: Discovery Familia | B38: Discovery > TV Roll-up Discovery > TV + Publishing Roll-up Discovery > Film + TV + Publishing Roll-up
A39: Discovery Family | B39: Discovery > TV Roll-up Discovery > TV + Publishing Roll-up Discovery > Film + TV + Publishing Roll-up
A40: Discovery Life | B40: Discovery > TV Roll-up Discovery > TV + Publishing Roll-up Discovery > Film + TV + Publishing Roll-up
A41: Discovery+ | B41: Discovery > TV Roll-up Discovery > TV + Publishing Roll-up Discovery > Film + TV + Publishing Roll-up
A42: Disney Channel | B42: The Walt Disney Company > Overall Roll-up The Walt Disney Company > TV Roll-up The Walt Disney Company > TV Cable Roll-up The Walt Disney Company > TV + Publishing Roll-up The Walt Disney Company > Film + TV + Publishing Roll-up [DATG Ad Sales] DCWW Roll-up
A43: Disney Junior | B43: The Walt Disney Company > Overall Roll-up The Walt Disney Company > TV Roll-up The Walt Disney Company > TV Cable Roll-up The Walt Disney Company > TV + Publishing Roll-up The Walt Disney Company > Film + TV + Publishing Roll-up [DATG Ad Sales] DCWW Roll-up
A44: Disney XD | B44: The Walt Disney Company > Overall Roll-up The Walt Disney Company > TV Roll-up The Walt Disney Company > TV Cable Roll-up The Walt Disney Company > TV + Publishing Roll-up The Walt Disney Company > Film + TV + Publishing Roll-up [DATG Ad Sales] DCWW Roll-up
A45: Disney+ | B45: Disney+ - Emerging Titles PV Monthly - Emerging Titles
... A84: Logo TV | B84: Paramount > Overall Roll-up Paramount > TV Roll-up Paramount > TV Cable Roll-up Paramount > TV + Publishing Roll-up Paramount > Film + TV + Publishing Roll-up
A85: LOL Network
A86: MS Now | B86: NBCUniversal > Overall Roll-up NBCUniversal > TV Roll-up NBCUniversal > TV Cable Roll-up NBCUniversal > TV + Publishing Roll-up NBCUniversal > Film + TV + Publishing Roll-up
A87: MTV | B87: Paramount > Overall Roll-up Paramount > TV Roll-up Paramount > TV Cable Roll-up Paramount > TV + Publishing Roll-up Paramount > Film + TV + Publishing Roll-up
A88: MTV Classic | B88: Paramount > Overall Roll-up Paramount > TV Roll-up Paramount > TV Cable Roll-up Paramount > TV + Publishing Roll-up Paramount > Film + TV + Publishing Roll-up
A89: MTV Live | B89: Paramount > Overall Roll-up Paramount > TV Roll-up Paramount > TV Cable Roll-up Paramount > TV + Publishing Roll-up Paramount > Film + TV + Publishing Roll-up
A90: MTV Tres | B90: Paramount > Overall Roll-up Paramount > TV Roll-up Paramount > TV Cable Roll-up Paramount > TV + Publishing Roll-up Paramount > Film + TV + Publishing Roll-up
A91: MTV2 | B91: Paramount > Overall Roll-up Paramount > TV Roll-up Paramount > TV Cable Roll-up Paramount > TV + Publishing Roll-up Paramount > Film + TV + Publishing Roll-up
A92: MTVU | B92: Paramount > Overall Roll-up Paramount > TV Roll-up Paramount > TV Cable Roll-up Paramount > TV + Publishing Roll-up Paramount > Film + TV + Publishing Roll-up
A93: MyNetworkTV | B93: Fox Corporation > Overall Roll-up Fox Corporation > TV Roll-up Fox Corporation > TV Cable Roll-up Fox Corporation > TV + Publishing Roll-up Fox Corporation > Film + TV + Publishing Roll-up
A94: Nat Geo Mundo | B94: The Walt Disney Company > Overall Roll-up The Walt Disney Company > TV Roll-up The Walt Disney Company > TV Cable Roll-up The Walt Disney Company > TV + Publishing Roll-up The Walt Disney Company > Film + TV + Publishing Roll-up
A95: Nat Geo Wild | B95: The Walt Disney Company > Overall Roll-up The Walt Disney Company > TV Roll-up The Walt Disney Company > TV Cable Roll-up The Walt Disney Company > TV + Publishing Roll-up The Walt Disney Company > Film + TV + Publishing Roll-up
A96: National Geographic | B96: The Walt Disney Company > Overall Roll-up The Walt Disney Company > TV Roll-up The Walt Disney Company > TV Cable Roll-up The Walt Disney Company > TV + Publishing Roll-up The Walt Disney Company > Film + TV + Publishing Roll-up
A97: NBC | B97: NBCUniversal > Overall Roll-up NBCUniversal > TV Roll-up NBCUniversal > TV Broadcast Roll-up NBCUniversal > TV + Publishing Roll-up NBCUniversal > Film + TV + Publishing Roll-up
... A114: Smithsonian Channel | B114: Paramount > Overall Roll-up Paramount > TV Roll-up Paramount > TV Cable Roll-up Paramount > TV + Publishing Roll-up Paramount > Film + TV + Publishing Roll-up
A115: Spectrum
A116: Starz
A117: Sundance Now | B117: Sundance Now TV Network
A118: SundanceTV | B118: AMCN > TV Roll-up AMCN > TV + Publishing Roll-up AMCN > Film + TV + Publishing Roll-up AMCN + BBCA Roll-Up Sundance TV Network
A119: SundanceTV - Episodic Only (Series & Mini-Series) | B119: AMCN > TV Roll-up AMCN > TV + Publishing Roll-up AMCN > Film + TV + Publishing Roll-up SUNDANCETV [Custom] Episodic Network Roll-Up
A120: Syfy | B120: NBCUniversal > Overall Roll-up NBCUniversal > TV Roll-up NBCUniversal > TV Cable Roll-up NBCUniversal > TV + Publishing Roll-up NBCUniversal > Film + TV + Publishing Roll-up
A121: TBS | B121: WarnerMedia > Overall Roll-up WarnerMedia > TV Roll-up WarnerMedia > TV Cable Roll-up WarnerMedia > TV + Publishing Roll-up WarnerMedia > Film + TV + Publishing Roll-up AT&T Overall Roll-Up
A122: TeenNick | B122: Paramount > Overall Roll-up Paramount > TV Roll-up Paramount > TV Cable Roll-up Paramount > TV + Publishing Roll-up Paramount > Film + TV + Publishing Roll-up
A123: Telemundo | B123: NBCUniversal > Overall Roll-up NBCUniversal > TV Roll-up NBCUniversal > TV Broadcast Roll-up NBCUniversal > TV + Publishing Roll-up NBCUniversal > Film + TV + Publishing Roll-up
A124: The Movie Channel | B124: Paramount > Overall Roll-up Paramount > TV Roll-up Paramount > TV Cable Roll-up Paramount > TV + Publishing Roll-up Paramount > Film + TV + Publishing Roll-up
A125: The Travel Channel | B125: Discovery > TV Roll-up Discovery > TV + Publishing Roll-up Discovery > Film + TV + Publishing Roll-up
A126: The Weather Channel | B126: NBCUniversal > Overall Roll-up NBCUniversal > TV Roll-up NBCUniversal > TV Cable Roll-up NBCUniversal > TV + Publishing Roll-up NBCUniversal > Film + TV + Publishing Roll-up
A127: TLC | B127: Discovery > TV Roll-up Discovery > TV + Publishing Roll-up Discovery > Film + TV + Publishing Roll-up
A128: TNT | B128: WarnerMedia > Overall Roll-up WarnerMedia > TV Roll-up WarnerMedia > TV Cable Roll-up WarnerMedia > TV + Publishing Roll-up WarnerMedia > Film + TV + Publishing Roll-up AT&T Overall Roll-Up
... A138: WE tv | B138: AMCN > TV Roll-up AMCN > TV + Publishing Roll-up AMCN > Film + TV + Publishing Roll-up AMCN + BBCA Roll-Up WE tv Network
A139: YouTube Premium

Sheet Enterprise URL Manager Mapping
A1: https://docs.google.com/spreadsheets/d/1AAey3TzFsPA-MkFPbl3F4HUzbMUV_I-5Cg_irPoyJMU/edit#gid=360161018

Sheet DropdownLists
A1: Subscribers | B1: Companies | C1: Network | D1: Network Type | E1: Ticker Symbol | F1: YouTube (Company) | G1: Twitter Keyword String | H1: Title Sub Categories | I1: Daypart Times | K1: Genres | L1: Brand Sets | N1: List of Regular Genres (in Order of Operation) | O1: Mapped Primary Genre | P1: COPS Proposed Primary Genres | R1: Network | S1: Network Type | T1: Ticker Symbol | U1: YouTube (Company) | V1: Reddit Keyword String
A2: A+E Networks | B2: A&E Television Networks | C2: A&E | D2: Network - Ad Supported Cable | F2: https://www.youtube.com/user/AETV | G2: "A&E" OR @AETV OR #AETV | H2: Daypart - Early Morning | I2: Daypart - Early Morning (5:00am-9:00am) | K2: Action | L2: Customized List of WorldQuant Tracked Russell 3000 Brands | N2: Game Show | O2: Game Show | P2: Game Show | R2: A&E | S2: Network - Ad Supported Cable | U2: https://www.youtube.com/user/AETV | V2: "A&E" | @AETV | #AETV
A3: ABC | B3: American Broadcasting Company | C3: ABC | D3: Network - Broadcast | E3: DIS | F3: https://www.youtube.com/user/ABCNetwork | G3: "ABC" OR @ABCNetwork OR #ABC OR #ABCNetwork | H3: Daypart - Daytime | I3: Daypart - Daytime (9:00am-3:00pm) | K3: Adventure | L3: Miscellaneous | N3: Sport | O3: Sport | P3: Sport | R3: ABC | S3: Network - Broadcast | T3: DIS | U3: https://www.youtube.com/user/ABCNetwork | V3: "ABC" | @ABCNetwork | #ABC | #ABCNetwork
A4: Operations - Core Title | C4: ABCd | D4: Network - Streaming | E4: DIS | F4: https://www.youtube.com/channel/UCrv0IvSihq8SiaHG3GJtDFw | H4: Daypart - Early Fringe | I4: Daypart - Early Fringe (3:00pm-5:00pm) | K4: Animation | L4: Competitive View | N4: News | O4: News | P4: News | R4: ABCd | S4: Network - Streaming | T4: DIS | U4: https://www.youtube.com/channel/UCrv0IvSihq8SiaHG3GJtDFw
A5: Operations - Core Title | B5: Adult Swim | C5: Adult Swim | D5: Network - Ad Supported Cable | E5: T | F5: https://www.youtube.com/user/adultswim | G5: "Adult Swim" OR @adultswim OR #AdultSwim | H5: Daypart - Early News | I5: Daypart - Early News (5:00pm-7:00pm) | K5: Biography | L5: CNN Espanol Network Roll-up | N5: Talk Show | O5: Talk Show | P5: Talk Show | R5: Adult Swim | S5: Network - Ad Supported Cable | T5: T | U5: https://www.youtube.com/user/adultswim | V5: "Adult Swim" | @adultswim | #AdultSwim
A6: Operations - Core Title | C6: Al Jazeera America | D6: Network - Ad Supported Cable | F6: https://www.youtube.com/user/AlJazeeraAmerica | H6: Daypart - Prime Access | I6: Daypart - Prime Access (7:00pm-8:00pm) | K6: Comedy | L6: CSN Bay Area Network Roll-up | N6: Family | O6: Family | P6: Family | R6: Al Jazeera America | S6: Network - Ad Supported Cable | U6: https://www.youtube.com/user/AlJazeeraAmerica
A7: Amazon Prime Video | B7: Amazon Prime Video | C7: Amazon Prime Video | D7: Network - Streaming | E7: AMZN | F7: https://www.youtube.com/user/amazonstudios https://www.youtube.com/@AmazonMGMStudios | G7: "prime video" or "amazon studios" or "amazon mgm studios" or @primevideo or @amazonmgmstudio or @primemovies OR #primevideo or #amazonmgmstudios or #primemovies or #amazonstudios | H7: Daypart - Prime Time | I7: Daypart - Prime Time (8:00pm-11:00pm (M-Sat) / 7:00pm-11:00pm (Sun)) | K7: Crime | L7: CSN Chicago Network Roll-up | N7: Documentary | O7: Documentary | P7: Documentary | R7: Amazon Prime Video | S7: Network - Streaming | T7: AMZN | U7: https://www.youtube.com/user/amazonstudios | V7: "prime video" | "amazon studios" | "amazon mgm studios" | @primevideo | @amazonmgmstudio | @primemovies | #primevideo | #amazonmgmstudios | #primemovies | #amazonstudios
A8: Operations - Core Title | C8: AMC | D8: Network - Ad Supported Cable | E8: AMCX | F8: https://www.youtube.com/channel/UCmxURUIJXKnoC7_i1fPhs7Q | G8: "AMC" OR @AMC_TV OR #AMCTV | H8: Daypart - Late News | I8: Daypart - Late News (11:00pm-11:30pm) | K8: Documentary | L8: CSN Mid-Atlantic Network Roll-up | N8: Reality | O8: Reality | P8: Reality | R8: AMC | S8: Network - Ad Supported Cable | T8: AMCX | U8: https://www.youtube.com/channel/UCmxURUIJXKnoC7_i1fPhs7Q | V8: "AMC" | @AMC_TV | #AMCTV
A9: Warner Bros. | B9: American Heroes Channel | C9: American Heroes Channel | D9: Network - Ad Supported Cable | E9: DISCB | F9: https://www.youtube.com/user/MilitaryChannel | G9: "American Heroes Channel" OR @ahc_tv OR #AHCTV OR #AmericanHeroesChannel | H9: Daypart - Late Fringe | I9: Daypart - Late Fringe (11:30pm-2:00am) | K9: Drama | L9: CSN NE Network Roll-up | N9: Drama | O9: Drama | P9: Drama | R9: American Heroes Channel | S9: Network - Ad Supported Cable | T9: DISCB | U9: https://www.youtube.com/user/MilitaryChannel | V9: "American Heroes Channel" | @ahc_tv | #AHCTV | #AmericanHeroesChannel
A10: Warner Bros. | B10: Animal Planet | C10: Animal Planet | D10: Network - Ad Supported Cable | E10: DISCB | F10: https://www.youtube.com/user/AnimalPlanetTV | G10: "Animal Planet" OR @AnimalPlanet OR #AnimalPlanet | H10: Daypart - Post Late Fringe | I10: Daypart - Post Late Fringe (2:00am-5:00am) | K10: Family | L10: CSN Philadelphia Network Roll-up | N10: Comedy | O10: Comedy | P10: Comedy | R10: Animal Planet | S10: Network - Ad Supported Cable | T10: DISCB | U10: https://www.youtube.com/user/AnimalPlanetTV | V10: "Animal Planet" | @AnimalPlanet | #AnimalPlanet
A11: Operations - Core Title | C11: AOL | F11: https://www.youtube.com/user/aolonoriginals | H11: Daypart - Other | I11: Daypart - Other | K11: Fantasy | L11: Discovery en Espanol Network Roll-up | N11: Business | O11: News | R11: AOL | U11: https://www.youtube.com/user/aolonoriginals
A12: Apple Services | B12: Apple Services | C12: Apple TV+ | D12: Network - Streaming | E12: AAPL | F12: https://www.youtube.com/channel/UC1Myj674wRVXB9I4c6Hm5zA | G12: "Apple TV+" OR "Apple TV" OR @AppleTV OR #AppleTVPlus OR #AppleTV | H12: Program Type - Series | K12: Film Noir | L12: Discovery Max Network Roll-up | N12: Childrens | O12: Family | R12: Apple TV+ | S12: Network - Streaming | T12: AAPL | U12: https://www.youtube.com/channel/UC1Myj674wRVXB9I4c6Hm5zA | V12: "Apple TV+" | "Apple TV" | @AppleTV | #AppleTVPlus | #AppleTV
A13: Operations - Core Title | C13: Audience Network | D13: Network - Ad Supported Cable | F13: https://www.youtube.com/user/AudienceDIRECTV | G13: "Audience Network" OR #AudienceNetwork | H13: Program Type - Mini-Series | K13: Game Show | L13: Encore Espanol Network Roll-up | N13: Education | O13: Family | R13: Audience Network | S13: Network - Ad Supported Cable | U13: https://www.youtube.com/user/AudienceDIRECTV | V13: "Audience Network" | #AudienceNetwork
A14: Operations - Core Title | C14: AXS TV | F14: https://www.youtube.com/channel/UC63mcQWLH1qw9Jg2ED1Y8WA | G14: "AXS TV" OR @AXSTV OR #AXSTV | H14: Program Type - Special | K14: History | L14: PBS Kids Network Roll-up | N14: Music | O14: Family | R14: AXS TV | U14: https://www.youtube.com/channel/UC63mcQWLH1qw9Jg2ED1Y8WA | V14: "AXS TV" | @AXSTV | #AXSTV
A15: Operations - Core Title | C15: Azteca | D15: Network - Ad Supported Cable | F15: https://www.youtube.com/user/AzAmerica | H15: Program Type - TV Movie | K15: Horror | L15: Pivot Network Roll-up | N15: Awards | O15: Reality | R15: Azteca | S15: Network - Ad Supported Cable | U15: https://www.youtube.com/user/AzAmerica
A16: Operations - Core Title | C16: BBC America | D16: Network - Ad Supported Cable | F16: https://www.youtube.com/user/BBCAmericaTV | G16: "BBC America" OR @BBCAMERICA OR #BBCAmerica | H16: Program Type - Live Event | K16: Music | L16: Azteca Network Roll-up | N16: Biography | O16: Reality | R16: BBC America | S16: Network - Ad Supported Cable | U16: https://www.youtube.com/user/BBCAmericaTV | V16: "BBC America" | @BBCAMERICA | #BBCAmerica
A17: Operations - Core Title | C17: beIN Espanol | D17: Network - Ad Supported Cable | F17: https://www.youtube.com/user/BeINsportUSA | H17: Program Type - Block | K17: Musical | L17: beIN Espanol Network Roll-up | N17: History | O17: Reality | R17: beIN Espanol | S17: Network - Ad Supported Cable | U17: https://www.youtube.com/user/BeINsportUSA
A18: Viacom | B18: Viacom | C18: BET | D18: Network - Ad Supported Cable | E18: VIA | F18: https://www.youtube.com/user/BETNetworks | G18: "BET" OR @BET OR #BET OR #BETNetwork | H18: Network - Broadcast | K18: Mystery | L18: beIN Sports Network Roll-up | N18: Religion | O18: Reality | R18: BET | S18: Network - Ad Supported Cable | T18: VIA | U18: https://www.youtube.com/user/BETNetworks | V18: "BET" | @BET | #BET | #BETNetwork
A19: Viacom | B19: Viacom | C19: BET Her | D19: Network - Ad Supported Cable | E19: VIA | F19: https://www.youtube.com/channel/UCoRPneJymvaGJZAFSg8vDlg | G19: "BET Her" OR @BETherTV OR #BETherTV OR #BETher | H19: Network - Premium Cable | K19: News | L19: SEC Network Roll-up | N19: Cooking | O19: Reality | R19: BET Her | S19: Network - Ad Supported Cable | T19: VIA | U19: https://www.youtube.com/channel/UCoRPneJymvaGJZAFSg8vDlg | V19: "BET Her" | @BETherTV | #BETherTV | #BETher
A20: Viacom | B20: Viacom | C20: BET+ | D20: Network - Streaming | E20: VIA | F20: https://www.youtube.com/user/BETNetworks | G20: "BET+" OR #BETPlus OR @betplus | H20: Network - Streaming | K20: Reality | L20: Sky Atlantic Network Roll-up | N20: Action | O20: Drama | R20: BET+ | S20: Network - Streaming | T20: VIA | U20: https://www.youtube.com/user/BETNetworks | V20: "BET+" | #BETPlus
A21: Operations - Core Title | C21: Big Ten Network | D21: Network - Ad Supported Cable | F21: https://www.youtube.com/user/bigtennetwork | H21: Network - Ad Supported Cable | K21: Romance | L21: ESPN Deportes Network Roll-up | N21: Adventure | O21: Drama | R21: Big Ten Network | S21: Network - Ad Supported Cable | U21: https://www.youtube.com/user/bigtennetwork
A22: Operations - Core Title | C22: Bloomberg TV | D22: Network - Ad Supported Cable | F22: https://www.youtube.com/user/Bloomberg | H22: Language Type - English | K22: Sci Fi | L22: Estrella TV Network Roll-up | N22: Crime | O22: Drama | R22: Bloomberg TV | S22: Network - Ad Supported Cable | U22: https://www.youtube.com/user/Bloomberg
A23: Operations - Core Title | C23: Bounce TV | D23: Network - Ad Supported Cable | F23: https://www.youtube.com/user/BounceTVOurWay | G23: "Bounce TV" OR @bouncetv OR #BounceTV OR #Bounce | H23: Language Type - Other | K23: Short | L23: FOX Deportes Network Roll-up | N23: Fantasy | O23: Drama | R23: Bounce TV | S23: Network - Ad Supported Cable | U23: https://www.youtube.com/user/BounceTVOurWay | V23: "Bounce TV" | @bouncetv | #BounceTV | #Bounce
A24: NBCU Research - Entertainment Networks | B24: Bravo! | C24: Bravo | D24: Network - Ad Supported Cable | E24: CMCSA | F24: https://www.youtube.com/user/VideoByBravo | G24: "Bravo" OR @BravoTV OR #BravoTV OR #Bravo | K24: Sport | L24: Fox Play Network Roll-up | N24: Horror | O24: Drama | R24: Bravo | S24: Network - Ad Supported Cable | T24: CMCSA | U24: https://www.youtube.com/user/VideoByBravo | V24: "Bravo" | @BravoTV | #BravoTV | #Bravo
A25: Operations - Core Title | C25: BYUtv | D25: Network - Ad Supported Cable | F25: https://www.youtube.com/user/BYUTelevision | G25: "BYUtv" OR @byutv OR #BYUtv | K25: Talk Show | L25: Fox Sports 2 Network Roll-up | N25: Mystery | O25: Drama | R25: BYUtv | S25: Network - Ad Supported Cable | U25: https://www.youtube.com/user/BYUTelevision | V25: "BYUtv" | @byutv | #BYUtv
A26: Operations - Core Title | C26: Canal Sur TV | D26: Network - Ad Supported Cable | F26: https://www.youtube.com/user/canalsur | K26: Thriller | L26: Fox Sports 1 Network Roll-up | N26: Romance | O26: Drama | R26: Canal Sur TV | S26: Network - Ad Supported Cable | U26: https://www.youtube.com/user/canalsur
A27: Operations - Core Title | C27: Cartoon Network | D27: Network - Ad Supported Cable | E27: T | F27: https://www.youtube.com/user/cartoonnetwork | G27: "Cartoon Network" OR @cartoonnetwork OR #cartoonnetwork | K27: War | L27: Telecinco Network Roll-up | N27: Sci Fi | O27: Drama | R27: Cartoon Network | S27: Network - Ad Supported Cable | T27: T | U27: https://www.youtube.com/user/cartoonnetwork | V27: "Cartoon Network" | @cartoonnetwork | #cartoonnetwork
A28: Viacom | B28: Viacom | C28: CBS | D28: Network - Broadcast | E28: CBS | F28: https://www.youtube.com/user/CBS | G28: "CBS" OR @CBS OR #CBS | K28: Western | L28: TeleFutura Network Roll-up | N28: Thriller | O28: Drama | R28: CBS | S28: Network - Broadcast | T28: CBS | U28: https://www.youtube.com/user/CBS | V28: "CBS" | @CBS | #CBS
A29: Viacom | B29: Viacom | C29: CBS All Access | D29: Network - Streaming | E29: CBS | F29: https://www.youtube.com/channel/UCrRttZIypNTA1Mrfwo745Sg | G29: "CBS All Access" OR #CBSAllAccess | K29: Kids | L29: Unimas Network Roll-up | N29: War | O29: Drama | R29: CBS All Access | S29: Network - Streaming | T29: CBS | U29: https://www.youtube.com/channel/UCrRttZIypNTA1Mrfwo745Sg | V29: "CBS All Access" | #CBSAllAccess
A30: Operations - Core Title | C30: Chiller | D30: Network - Ad Supported Cable | E30: CMCSA | F30: https://www.youtube.com/user/chiller/ | K30: Reality Competition | L30: MundoMax Network Roll-up | N30: Western | O30: Drama | R30: Chiller | S30: Network - Ad Supported Cable | T30: CMCSA | U30: https://www.youtube.com/user/chiller/
A31: Operations - Core Title | C31: Cinemax | D31: Network - Premium Cable | E31: T | F31: https://www.youtube.com/user/Cinemax | G31: "Cinemax" OR @Cinemax OR #Cinemax | K31: Awards | L31: Nat Geo Mundo Network Roll-up | N31: Animation | O31: Family | R31: Cinemax | S31: Network - Premium Cable | T31: T | U31: https://www.youtube.com/user/Cinemax | V31: "Cinemax" | @Cinemax | #Cinemax
A32: Operations - Core Title | C32: Cloo | D32: Network - Ad Supported Cable | F32: https://www.youtube.com/user/ClooTV | K32: Variety | L32: NBC Deportes Network Roll-up | N32: Short | O32: N/A | R32: Cloo | S32: Network - Ad Supported Cable | U32: https://www.youtube.com/user/ClooTV
A33: Viacom | B33: Viacom | C33: CMT | D33: Network - Ad Supported Cable | E33: VIA | F33: https://www.youtube.com/user/cmtvideo | G33: "CMT" OR @CMT OR #CMT OR #countrymusictelevision OR #CMTmusicchannel OR #CMTmusic | K33: Cooking | L33: NBC Sports Network Network Roll-up | R33: CMT | S33: Network - Ad Supported Cable | T33: VIA | U33: https://www.youtube.com/user/cmtvideo | V33: "CMT" | @CMT | #CMT | #countrymusictelevision | #CMTmusicchannel | #CMTmusic
A34: CNBC | B34: CNBC | C34: CNBC | D34: Network - Ad Supported Cable | E34: CMCSA | F34: https://www.youtube.com/user/CNBCtv | G34: "CNBC" OR @CNBC OR #cnbc | K34: Comedy Drama | L34: NBC Universo Network Roll-up | R34: CNBC | S34: Network - Ad Supported Cable | T34: CMCSA | U34: https://www.youtube.com/user/CNBCtv | V34: "CNBC" | @CNBC | #cnbc
A35: CNBC | B35: CNBC | C35: CNBC World | D35: Network - Ad Supported Cable | E35: CMCSA | G35: "CNBC World" OR #cnbcworld | L35: Univision Network Roll-up | R35: CNBC World | S35: Network - Ad Supported Cable | T35: CMCSA | V35: "CNBC World" | #cnbcworld
A36: Operations - Core Title | C36: CNN | D36: Network - Ad Supported Cable | E36: T | F36: https://www.youtube.com/user/CNN | G36: "CNN" OR @CNN OR #cnn | L36: Univision tlnovelas Network Roll-up | R36: CNN | S36: Network - Ad Supported Cable | T36: T | U36: https://www.youtube.com/user/CNN | V36: "CNN" | @CNN | #cnn
A37: Operations - Core Title | C37: CNN Espanol | D37: Network - Ad Supported Cable | E37: T | F37: https://www.youtube.com/user/cnnenespanolcom | L37: Yahoo! Screen Network Roll-up | R37: CNN Espanol | S37: Network - Ad Supported Cable | T37: T | U37: https://www.youtube.com/user/cnnenespanolcom
A38: Viacom | B38: Viacom | C38: Comedy Central | D38: Network - Ad Supported Cable | E38: VIA | F38: https://www.youtube.com/user/comedycentral | G38: "Comedy Central" OR @ComedyCentral OR #comedycentral | L38: History Channel en Espanol Network Roll-up | R38: Comedy Central | S38: Network - Ad Supported Cable | T38: VIA | U38: https://www.youtube.com/user/comedycentral | V38: "Comedy Central" | @ComedyCentral | #comedycentral
A39: Operations - Core Title | C39: Cooking Channel | D39: Network - Ad Supported Cable | E39: DISCB | F39: https://www.youtube.com/user/CookingChannel | G39: "Cooking Channel" OR @CookingChannel OR #cookingchannel | L39: HBO Latino Network Roll-up | R39: Cooking Channel | S39: Network - Ad Supported Cable | T39: DISCB | U39: https://www.youtube.com/user/CookingChannel | V39: "Cooking Channel" | @CookingChannel | #cookingchannel
A40: Operations - Core Title | C40: Crackle | D40: Network - Streaming | F40: https://www.youtube.com/user/Crackle | G40: "Crackle" OR @Crackle_TV OR #crackletv OR #sonycrackle | L40: Golf Channel Network Roll-up | R40: Crackle | S40: Network - Streaming | U40: https://www.youtube.com/user/Crackle | V40: "Crackle" | @Crackle_TV | #crackletv | #sonycrackle
A41: Operations - Core Title | C41: Crime & Investigation | D41: Network - Ad Supported Cable | F41: https://www.youtube.com/user/CrimeandInvestigat | L41: Go90 Network Roll-up | R41: Crime & Investigation | S41: Network - Ad Supported Cable | U41: https://www.youtube.com/user/CrimeandInvestigat
A42: Operations - Core Title | C42: CSPAN | D42: Network - Ad Supported Cable | F42: https://www.youtube.com/user/CSPAN | G42: "CSPAN" OR @cspan OR #cspan | L42: Galavision Network Roll-up | R42: CSPAN | S42: Network - Ad Supported Cable | U42: https://www.youtube.com/user/CSPAN | V42: "CSPAN" | @cspan | #cspan
A43: Operations - Core Title | C43: CSPAN 2 | D43: Network - Ad Supported Cable | F43: https://www.youtube.com/user/CSPAN | L43: TBS Roll-Up - No Conan | R43: CSPAN 2 | S43: Network - Ad Supported Cable | U43: https://www.youtube.com/user/CSPAN
A44: Operations - Core Title | C44: Destination America | D44: Network - Ad Supported Cable | E44: DISCB | F44: https://www.youtube.com/user/DestinationAmerica | G44: "Destination America" OR @DestAmerica OR #destinationamerica | L44: TBS Roll-Up No Sports | R44: Destination America | S44: Network - Ad Supported Cable | T44: DISCB | U44: https://www.youtube.com/user/DestinationAmerica | V44: "Destination America" | @DestAmerica | #destinationamerica
A45: Operations - Core Title | C45: DIRECTV | F45: https://www.youtube.com/user/DIRECTV | L45: TNT Roll-Up No Sports | R45: DIRECTV | U45: https://www.youtube.com/user/DIRECTV
A46: Operations - Core Title | B46: Discovery Communications | C46: Discovery | D46: Network - Ad Supported Cable | E46: DISCB | F46: https://www.youtube.com/user/DiscoveryNetworks | G46: "Discovery Channel" OR @Discovery OR #discoverychannel | L46: TBS Roll-Up No Sports/Conan | R46: Discovery Channel | S46: Network - Ad Supported Cable | T46: DISCB | U46: https://www.youtube.com/user/DiscoveryNetworks | V46: "Discovery Channel" | @Discovery | #discoverychannel
A47: Operations - Core Title | B47: Discovery Communications | C47: Discovery en Espanol | D47: Network - Ad Supported Cable | E47: DISCB | F47: https://www.youtube.com/user/SUD | L47: LF // TV Universe // Episodic Plus | R47: Discovery en Espanol | S47: Network - Ad Supported Cable | T47: DISCB | U47: https://www.youtube.com/user/SUD
A48: Operations - Core Title | C48: Discovery Familia | D48: Network - Ad Supported Cable | E48: DISCB | F48: https://www.youtube.com/user/SUD | L48: LF // TV Universe // Episodic | R48: Discovery Familia | S48: Network - Ad Supported Cable | T48: DISCB | U48: https://www.youtube.com/user/SUD
A49: Operations - Core Title | C49: Discovery Family | D49: Network - Ad Supported Cable | E49: DISCB | F49: https://www.youtube.com/user/DiscoveryNetworks | G49: "Discovery Family" OR @discoveryfamily OR #discoveryfamily | L49: A&E-- Episodic Network Roll-Up | R49: Discovery Family | S49: Network - Ad Supported Cable | T49: DISCB | U49: https://www.youtube.com/user/DiscoveryNetworks | V49: "Discovery Family" | @discoveryfamily | #discoveryfamily
A50: Operations - Core Title | C50: Discovery Life | D50: Network - Ad Supported Cable | E50: DISCB | F50: https://www.youtube.com/user/DiscoveryHealth | G50: "Discovery Life" OR @disclifechannel OR #discoverylife | L50: ABC-- Episodic Network Roll-Up | R50: Discovery Life | S50: Network - Ad Supported Cable | T50: DISCB | U50: https://www.youtube.com/user/DiscoveryHealth | V50: "Discovery Life" | @disclifechannel | #discoverylife
A51: Disney Ad Sales | B51: Disney Channel | C51: Disney Channel | D51: Network - Ad Supported Cable | E51: DIS | F51: http://www.youtube.com/user/disneychannel | G51: "Disney Channel" OR @DisneyChannel OR #DisneyChannel | L51: Amazon Prime Video-- Episodic Network Roll-Up | R51: Disney Channel | S51: Network - Ad Supported Cable | T51: DIS | U51: http://www.youtube.com/user/disneychannel | V51: "Disney Channel" | @DisneyChannel | #DisneyChannel
A52: Disney Ad Sales | B52: Disney Channel | C52: Disney Junior | D52: Network - Ad Supported Cable | E52: DIS | F52: https://www.youtube.com/user/disneyjunior | G52: "Disney Junior" OR @DisneyJunior OR #DisneyJunior | L52: AMC-- Episodic Network Roll-Up | R52: Disney Junior | S52: Network - Ad Supported Cable | T52: DIS | U52: https://www.youtube.com/user/disneyjunior | V52: "Disney Junior" | @DisneyJunior | #DisneyJunior
A53: Disney Ad Sales | B53: Disney Channel | C53: Disney XD | D53: Network - Ad Supported Cable | E53: DIS | F53: https://www.youtube.com/user/disneyxd | G53: "Disney XD" OR @DisneyXD OR #DisneyXD | L53: American Heroes Channel-- Episodic Network Roll-Up | R53: Disney XD | S53: Network - Ad Supported Cable | T53: DIS | U53: https://www.youtube.com/user/disneyxd | V53: "Disney XD" | @DisneyXD | #DisneyXD
A54: Disney Ad Sales | B54: Disney+ | C54: Disney+ | D54: Network - Streaming | E54: DIS | F54: https://www.youtube.com/channel/UCIrgJInjLS2BhlHOMDW7v0g | G54: "Disney+" OR "Disney Plus" OR @DisneyPlus OR #DisneyPlus | L54: Animal Planet-- Episodic Network Roll-Up | R54: Disney+ | S54: Network - Streaming | T54: DIS | U54: https://www.youtube.com/user/disneysshows | V54: "Disney+" | "Disney Plus" | @DisneyPlus | #DisneyPlus
A55: Operations - Core Title | B55: Discovery Communications | C55: DIY | D55: Network - Ad Supported Cable | E55: DISCB | F55: https://www.youtube.com/user/DIYNetwork | L55: Aspire-- Episodic Network Roll-Up | R55: DIY | S55: Network - Ad Supported Cable | T55: DISCB | U55: https://www.youtube.com/user/DIYNetwork
A56: E! Entertainment | B56: E! Entertainment Television | C56: E! | D56: Network - Ad Supported Cable | E56: CMCSA | F56: https://www.youtube.com/user/EEntertainment | G56: "E! Entertainment" OR #Eentertainment OR @eentertainment | L56: Audience Network-- Episodic Network Roll-Up | R56: E! | S56: Network - Ad Supported Cable | T56: CMCSA | U56: https://www.youtube.com/user/EEntertainment | V56: "E! Entertainment" | #Eentertainment | @eentertainment
A57: Operations - Core Title | C57: Encore | D57: Network - Premium Cable | L57: AWE-- Episodic Network Roll-Up | R57: Encore | S57: Network - Premium Cable
A58: Operations - Core Title | C58: Encore Español | D58: Network - Premium Cable | L58: BBC America-- Episodic Network Roll-Up | R58: Encore Español | S58: Network - Premium Cable
A59: MGM Studios | B59: Metro-Goldwyn-Mayer | C59: MGM+ | D59: Network - Premium Cable | F59: https://www.youtube.com/user/EPIXHD | G59: "MGM+" OR @mgmplus OR #mgmplus | L59: BET-- Episodic Network Roll-Up | R59: MGM+ | S59: Network - Premium Cable | U59: https://www.youtube.com/user/EPIXHD | V59: "MGM+"
A60: Disney Ad Sales | B60: ESPN | C60: ESPN | D60: Network - Ad Supported Cable | E60: DIS | F60: https://www.youtube.com/user/ESPN | G60: "ESPN" OR @ESPN OR #ESPN | L60: Bounce TV-- Episodic Network Roll-Up | R60: ESPN | S60: Network - Ad Supported Cable | T60: DIS | U60: https://www.youtube.com/user/ESPN | V60: "ESPN"
A61: Disney Ad Sales | B61: ESPN | C61: ESPN Classic | D61: Network - Ad Supported Cable | E61: DIS | F61: https://www.youtube.com/user/ESPN | L61: Bravo-- Episodic Network Roll-Up | R61: ESPN Classic | S61: Network - Ad Supported Cable | T61: DIS | U61: https://www.youtube.com/user/ESPN
A62: Disney Ad Sales | B62: ESPN Deportes | C62: ESPN Deportes | D62: Network - Ad Supported Cable | E62: DIS | F62: https://www.youtube.com/user/espndeportesoficial | L62: BYUtv-- Episodic Network Roll-Up | R62: ESPN Deportes | S62: Network - Ad Supported Cable | T62: DIS | U62: https://www.youtube.com/user/espndeportesoficial
A63: Disney Ad Sales | B63: ESPN | C63: ESPN News | D63: Network - Ad Supported Cable | E63: DIS | F63: https://www.youtube.com/user/ESPN | L63: Cartoon Network-- Episodic Network Roll-Up | R63: ESPN News | S63: Network - Ad Supported Cable | T63: DIS | U63: https://www.youtube.com/user/ESPN
A64: Disney Ad Sales | B64: ESPN | C64: ESPN2 | D64: Network - Ad Supported Cable | E64: DIS | F64: https://www.youtube.com/user/ESPN | G64: "ESPN2" OR #ESPN2 | L64: CBS-- Episodic Network Roll-Up | R64: ESPN2 | S64: Network - Ad Supported Cable | T64: DIS | U64: https://www.youtube.com/user/ESPN | V64: "ESPN2" | #ESPN2
A65: Disney Ad Sales | B65: ESPN | C65: ESPNU | D65: Network - Ad Supported Cable | E65: DIS | F65: https://www.youtube.com/user/espnu | G65: "ESPNU" OR @ESPNU OR #ESPNU | L65: Bet Her-- Episodic Network Roll-Up | R65: ESPNU | S65: Network - Ad Supported Cable | T65: DIS | U65: https://www.youtube.com/user/espnu | V65: "ESPNU" | @ESPNU | #ESPNU
A66: Operations - Core Title | C66: Esquire | D66: Network - Ad Supported Cable | F66: https://www.youtube.com/user/G4TV | L66: Chiller-- Episodic Network Roll-Up | R66: Esquire | S66: Network - Ad Supported Cable | U66: https://www.youtube.com/user/G4TV
A67: Operations - Core Title | C67: Estrella TV | D67: Network - Ad Supported Cable | F67: https://www.youtube.com/user/canalestrellatv | L67: Cinemax-- Episodic Network Roll-Up | R67: Estrella TV | S67: Network - Ad Supported Cable | U67: https://www.youtube.com/user/canalestrellatv
A68: Operations - Core Title | C68: EVINE Live | D68: Network - Ad Supported Cable | F68: https://www.youtube.com/user/evinelive | L68: CMT-- Episodic Network Roll-Up | R68: EVINE Live | S68: Network - Ad Supported Cable | U68: https://www.youtube.com/user/evinelive
A69: Operations - Core Title | C69: EWTN | D69: Network - Ad Supported Cable | F69: https://www.youtube.com/user/EWTN | L69: Comedy Central-- Episodic Network Roll-Up | R69: EWTN | S69: Network - Ad Supported Cable | U69: https://www.youtube.com/user/EWTN
A70: Food Network | C70: Food Network | D70: Network - Ad Supported Cable | E70: DISCB | F70: https://www.youtube.com/user/FoodNetworkTV | G70: "Food Network" OR @FoodNetwork OR #foodnetwork | L70: Cooking Channel-- Episodic Network Roll-Up | R70: Food Network | S70: Network - Ad Supported Cable | T70: DISCB | U70: https://www.youtube.com/user/FoodNetworkTV | V70: "Food Network" | @FoodNetwork | #foodnetwork
A71: FOX | C71: FOX | D71: Network - Broadcast | E71: FOXA | F71: https://www.youtube.com/user/FoxBroadcasting | G71: "FOX" OR @FoxTV OR #FOXTV OR #FOX | L71: Crackle-- Episodic Network Roll-Up | R71: FOX | S71: Network - Broadcast | T71: FOXA | U71: https://www.youtube.com/user/FoxBroadcasting | V71: "FOX" | @FoxTV | #FOXTV | #FOX
A72: Operations - Core Title | C72: FOX Business | D72: Network - Ad Supported Cable | E72: FOXA | F72: https://www.youtube.com/user/FoxBusinessNetwork | G72: "FOX Business" OR @FoxBusiness OR #FoxBusiness OR #foxbusinessnetwork | L72: Destination America-- Episodic Network Roll-Up | R72: FOX Business | S72: Network - Ad Supported Cable | T72: FOXA | U72: https://www.youtube.com/user/FoxBusinessNetwork | V72: "FOX Business" | @FoxBusiness | #FoxBusiness | #foxbusinessnetwork
A73: Operations - Core Title | C73: Fox Deportes | D73: Network - Ad Supported Cable | E73: FOXA | F73: https://www.youtube.com/user/FOXDeportesUS | L73: Discovery Channel-- Episodic Network Roll-Up | R73: Fox Deportes | S73: Network - Ad Supported Cable | T73: FOXA | U73: https://www.youtube.com/user/FOXDeportesUS
A74: Operations - Core Title | C74: FOX News | D74: Network - Ad Supported Cable | E74: FOXA | F74: https://www.youtube.com/user/FoxNewsChannel | G74: "FOX News" OR @FoxNews OR #FoxNews | L74: Discovery Family-- Episodic Network Roll-Up | R74: FOX News | S74: Network - Ad Supported Cable | T74: FOXA | U74: https://www.youtube.com/user/FoxNewsChannel | V74: "FOX News" | @FoxNews | #FoxNews
A75: Operations - Core Title | C75: Fox Soccer | D75: Network - Ad Supported Cable | E75: FOXA | F75: https://www.youtube.com/user/FoxSports | L75: Discovery Life-- Episodic Network Roll-Up | R75: Fox Soccer | S75: Network - Ad Supported Cable | T75: FOXA | U75: https://www.youtube.com/user/FoxSports
A76: Operations - Core Title | C76: FOX Sports 1 | D76: Network - Ad Supported Cable | E76: FOXA | F76: https://www.youtube.com/user/FoxSports | G76: "FOX Sports 1" OR @FS1 OR #FS1 OR #foxsports1 | L76: Disney Channel-- Episodic Network Roll-Up | R76: FOX Sports 1 | S76: Network - Ad Supported Cable | T76: FOXA | U76: https://www.youtube.com/user/FoxSports | V76: "FOX Sports 1" | @FS1 | #FS1 | #foxsports1
A77: Operations - Core Title | C77: FOX Sports 2 | D77: Network - Ad Supported Cable | E77: FOXA | F77: https://www.youtube.com/user/FoxSports | G77: "FOX Sports 2" OR #FS2 OR #FoxSports2 | L77: Disney Junior-- Episodic Network Roll-Up | R77: FOX Sports 2 | S77: Network - Ad Supported Cable | T77: FOXA | U77: https://www.youtube.com/user/FoxSports | V77: "FOX Sports 2" | #FS2 | #FoxSports2
A78: Operations - Core Title | C78: Fox Sports Sun | D78: Network - Ad Supported Cable | F78: https://www.youtube.com/user/SunSportsFOXSportsFL | L78: Disney XD-- Episodic Network Roll-Up | R78: Fox Sports Sun | S78: Network - Ad Supported Cable | U78: https://www.youtube.com/user/SunSportsFOXSportsFL
A79: Freeform | B79: Freeform | C79: Freeform | D79: Network - Ad Supported Cable | E79: DIS | F79: https://www.youtube.com/channel/UCQ8RapbM0DvGham-zDZEeFA | G79: "Freeform" OR @FreeformTV OR #Freeform OR #freeformtv | L79: DIY Network-- Episodic Network Roll-Up | R79: Freeform | S79: Network - Ad Supported Cable | T79: DIS | U79: https://www.youtube.com/channel/UCQ8RapbM0DvGham-zDZEeFA | V79: "Freeform" | @FreeformTV | #Freeform | #freeformtv
A80: Operations - Core Title | C80: Fuse | D80: Network - Ad Supported Cable | F80: https://www.youtube.com/user/fuse | G80: "Fuse TV" OR "Fuse network" OR "on Fuse" OR @fusetv OR #fusetv OR #FuseNetwork OR #Fuse | L80: E! Network-- Episodic Network Roll-Up | R80: Fuse | S80: Network - Ad Supported Cable | U80: https://www.youtube.com/user/fuse | V80: "Fuse TV" | "Fuse network" | "on Fuse" | @fusetv | #fusetv | #FuseNetwork | #Fuse
C81: Fusion | D81: Network - Ad Supported Cable | G81: "Fusion TV" OR "Fusion network" OR "on Fusion" OR @fusiontv OR #fusiontv OR #FusionNetwork OR #Fusion | L81: Encore-- Episodic Network Roll-Up | R81: Fusion | S81: Network - Ad Supported Cable | V81: "Fusion TV" | "Fusion network" | "on Fusion" | @fusiontv | #fusiontv | #FusionNetwork | #Fusion
A82: FX Network | B82: FX Network | C82: FX | D82: Network - Ad Supported Cable | E82: DIS | F82: https://www.youtube.com/user/FXNetworks | G82: "FX" OR @FXNetworks OR #FX OR #FXNetwork | L82: Esquire TV-- Episodic Network Roll-Up | R82: FX | S82: Network - Ad Supported Cable | T82: DIS | U82: https://www.youtube.com/user/FXNetworks | V82: "FX" | @FXNetworks | #FX | #FXNetwork
A83: FX Network | B83: FX Network | C83: FX Movie | D83: Network - Ad Supported Cable | E83: DIS | F83: https://www.youtube.com/user/FXNetworks | L83: Food Network-- Episodic Network Roll-Up | R83: FX Movie | S83: Network - Ad Supported Cable | T83: DIS | U83: https://www.youtube.com/user/FXNetworks
A84: FX Network | B84: FX Network | C84: FXX | D84: Network - Ad Supported Cable | E84: DIS | F84: https://www.youtube.com/user/FXXNetwork | G84: "FXX" OR @FXX OR #FXX OR #fxxnetwork | L84: FOX-- Episodic Network Roll-Up | R84: FXX | S84: Network - Ad Supported Cable | T84: DIS | U84: https://www.youtube.com/user/FXXNetwork | V84: "FXX" | @FXX | #FXX | #fxxnetwork
A85: A+E Networks | B85: A&E Television Networks | C85: FYI | D85: Network - Ad Supported Cable | F85: https://www.youtube.com/user/fyi | G85: "FYI TV" OR "FYI Network" OR "on FYI" OR @FYI OR #fyitv OR #FYInetwork | L85: Freeform-- Episodic Network Roll-Up | R85: FYI | S85: Network - Ad Supported Cable | U85: https://www.youtube.com/user/fyi | V85: "FYI TV" | "FYI Network" | "on FYI" | @FYI | #fyitv | #FYInetwork
A86: Operations - Core Title | C86: G4 | D86: Network - Ad Supported Cable | L86: Fuse-- Episodic Network Roll-Up | R86: G4 | S86: Network - Ad Supported Cable
A87: Operations - Core Title | C87: Galavision | D87: Network - Ad Supported Cable | L87: Fusion-- Episodic Network Roll-Up | R87: Galavision | S87: Network - Ad Supported Cable
A88: Operations - Core Title | C88: GMA Pinoy TV | D88: Network - Ad Supported Cable | F88: https://www.youtube.com/user/GMAPinoyTVOnline | L88: FX-- Episodic Network Roll-Up | R88: GMA Pinoy TV | S88: Network - Ad Supported Cable | U88: https://www.youtube.com/user/GMAPinoyTVOnline
A89: Operations - Core Title | C89: Go90 | D89: Network - Streaming | F89: https://www.youtube.com/channel/UCa9gVui7SBECUX61bN1i2bg | L89: FXX-- Episodic Network Roll-Up | R89: Go90 | S89: Network - Streaming | U89: https://www.youtube.com/channel/UCa9gVui7SBECUX61bN1i2bg
A90: Operations - Core Title | C90: Golf Channel | D90: Network - Ad Supported Cable | E90: CMCSA | F90: https://www.youtube.com/user/GolfChannel | G90: "Golf Channel" OR @GolfChannel OR #GolfChannel | L90: FYI-- Episodic Network Roll-Up | R90: Golf Channel | S90: Network - Ad Supported Cable | T90: CMCSA | U90: https://www.youtube.com/user/GolfChannel | V90: "Golf Channel" | @GolfChannel | #GolfChannel
A91: Operations - Core Title | C91: Great American Family | D91: Network - Ad Supported Cable | F91: https://www.youtube.com/channel/UCjIRUzJ-6-4nyX3GIsfwOOg | G91: "Great American Family" OR "on GAF" OR @GAfamilyTV OR #greatamericanfamilychannel OR #GAFTV | L91: GAC-- Episodic Network Roll-Up | R91: Great American Family | S91: Network - Ad Supported Cable | U91: https://www.youtube.com/channel/UCjIRUzJ-6-4nyX3GIsfwOOg | V91: "Great American Family" | "on GAF" | @GAfamilyTV | #greatamericanfamilychannel | #GAFTV
A92: Game Show Network | C92: GSN | D92: Network - Ad Supported Cable | F92: https://www.youtube.com/user/GSNVideos | G92: "Game Show Network" OR "GSN" OR @GameShowNetwork OR #gameshownetwork OR #GSN | L92: GSN-- Episodic Network Roll-Up | R92: GSN | S92: Network - Ad Supported Cable | U92: https://www.youtube.com/user/GSNVideos | V92: "Game Show Network" | "GSN" | @GameShowNetwork | #gameshownetwork | #GSN
A93: Operations - Core Title | C93: H2 | D93: Network - Ad Supported Cable | F93: https://www.youtube.com/user/historychannel | L93: Hallmark Channel-- Episodic Network Roll-Up | R93: H2 | S93: Network - Ad Supported Cable | U93: https://www.youtube.com/user/historychannel
A94: Crown Media | B94: Crown Media | C94: Hallmark Channel | D94: Network - Ad Supported Cable | F94: https://www.youtube.com/user/HallmarkChannelUSA | G94: "Hallmark Channel" OR "on Hallmark" OR @hallmarkchannel OR #hallmarkchannel | L94: HBO-- Episodic Network Roll-Up | R94: Hallmark Channel | S94: Network - Ad Supported Cable | U94: https://www.youtube.com/user/HallmarkChannelUSA | V94: "Hallmark Channel" | "on Hallmark" | @hallmarkchannel | #hallmarkchannel
A95: Crown Media | B95: Crown Media | C95: Hallmark Movies & Mysteries | D95: Network - Ad Supported Cable | F95: https://www.youtube.com/user/HallmarkMovMysteries | G95: "Hallmark Movies & Mysteries" OR "Hallmark Movies and Mysteries" OR @hallmarkmovie OR #hallmarkmoviechannel OR #hallmarkmoviesandmysteries OR #HallmarkMovies OR #HallmarkMysteries | L95: HGTV-- Episodic Network Roll-Up | R95: Hallmark Movies & Mysteries | S95: Network - Ad Supported Cable | U95: https://www.youtube.com/user/HallmarkMovMysteries | V95: "Hallmark Movies & Mysteries" | "Hallmark Movies and Mysteries" | @hallmarkmovie | #hallmarkmoviechannel | #hallmarkmoviesandmysteries | #HallmarkMovies | #HallmarkMysteries
A96: Operations - Core Title | C96: HBO | D96: Network - Premium Cable | E96: T | F96: https://www.youtube.com/user/HBO | G96: "HBO" OR @HBO OR #HBO OR #HBOFamily | L96: HISTORY-- Episodic Network Roll-Up | R96: HBO | S96: Network - Premium Cable | T96: T | U96: https://www.youtube.com/user/HBO | V96: "HBO" | @HBO | #HBO | #HBOFamily
A97: Operations - Core Title | C97: HBO Latino | D97: Network - Premium Cable | E97: T | F97: https://www.youtube.com/user/HBOLatino | L97: Hulu-- Episodic Network Roll-Up | R97: HBO Latino | S97: Network - Premium Cable | T97: T | U97: https://www.youtube.com/user/HBOLatino
A98: Operations - Core Title | B98: HBO Max | C98: HBO Max | D98: Network - Streaming | E98: T | F98: https://www.youtube.com/channel/UCx-KWLTKlB83hDI6UKECtJQ | G98: "Max" OR @StreamOnMax OR #streamonmax OR #MaxFamily | L98: IFC-- Episodic Network Roll-Up | R98: Max | S98: Network - Streaming | T98: T | U98: https://www.youtube.com/channel/UCx-KWLTKlB83hDI6UKECtJQ | V98: "Max" | @streamonmax | #streamonmax | #MaxFamily
A99: Operations - Core Title | C99: HDNet Movies | D99: Network - Ad Supported Cable | L99: Investigation Discovery-- Episodic Network Roll-Up | R99: HDNet Movies | S99: Network - Ad Supported Cable
A100: Operations - Core Title | C100: HGTV | D100: Network - Ad Supported Cable | E100: DISCB | F100: https://www.youtube.com/user/HGTV | G100: "HGTV" OR @hgtv OR #hgtv | L100: Lifetime-- Episodic Network Roll-Up | R100: HGTV | S100: Network - Ad Supported Cable | T100: DISCB | U100: https://www.youtube.com/user/HGTV | V100: "HGTV" | @hgtv | #hgtv
...
