Workbook

Sheet BDR
A1: brand_id | B1: title | C1: title_category | D1: title_sub_category | E1: genre | F1: primary_genre | G1: rovi_id | H1: ticker_symbol | I1: title_content_windows | J1: companies | K1: brand_set | L1: active | M1: released_on | N1: box_office | O1: street_date | P1: gross_screen | Q1: opening_weekend_box_office | R1: network | S1: brand_listing_hidden | T1: facebook_page | U1: twitter_handle | V1: instagram_user | W1: youtube_channel_username | X1: tiktok_user | Y1: tumblr_page | Z1: pinterest_user_username | AA1: pinterest_board | AB1: wikipedia_page | AC1: rottentomatoes | AD1: imdb_id | AE1: metacritic | AF1: facebook_search_terms | AG1: twitter_search_terms | AH1: instagram_search_terms | AI1: tumblr_search_terms | AJ1: twitter_search_term_keywords | AK1: youtube_search_terms | AL1: reddit_search_terms | AM1: url_managers
B2: ='Ingest Template'!C2&IF('Ingest Template'!A2 = "Standard", " - DAR","") | C2: Video Game | D2: =CONCATENATE('Ingest Template'!E2&Char(10)&'Ingest Template'!G2&Char(10)&'Ingest Template'!H2&Char(10)&'Ingest Template'!I2&Char(10)&'Ingest Template'!J2&Char(10)&'Ingest Template'!K2&Char(10)&'Ingest Template'!L2) | E2: =('Ingest Template'!M2) | F2: {=INDEX(DropDown!$J$2:$J$63,MATCH(1,COUNTIF(E2,DropDown!$I$2:$I$63),0))} -> #N/A | J2: ='Ingest Template'!B2 | K2: =IF('Ingest Template'!A2="Standard",'Ingest Template'!N2,"Competitive View") -> Competitive View | L2: t | M2: ='Ingest Template'!D2 | R2: =CONCATENATE('Ingest Template'!F2) | S2: f | T2: ='Ingest Template'!W2 | U2: ='Ingest Template'!X2 | V2: =LOWER(SUBSTITUTE(SUBSTITUTE(SUBSTITUTE(SUBSTITUTE(SUBSTITUTE('Ingest Template'!Y2,"https:",""),"www.",""),"/",""),"?hl=en",""),"instagram.com","")) | W2: =(IFERROR(vlookup('Ingest Template'!F2,DropDown!D:E,2,false)&'Ingest Template'!C2,"")) | X2: ='Ingest Template'!AA2 | AB2: ='Ingest Template'!T2 | AD2: ='Ingest Template'!U2 | AE2: ='Ingest Template'!V2 | AG2: {=IF('Ingest Template'!A2="Standard",(CONCATENATE(IF(ISBLANK('Ingest Template'!O2),"", 'Ingest Template'!O2&"|DAR"),CHAR(10), IF(ISBLANK('Ingest Template'!P2),"", 'Ingest Template'!P2&"|DAR"),CHAR(10), IF(ISBLANK('Ingest Template'!Q2),"", 'Ingest Template'!Q2&"|DAR"))),(CONCATENATE(IF(ISBLANK('Ingest Template'!O2),"", 'Ingest Template'!O2&"|Operations - Core Title"),CHAR(10), IF(ISBLANK('Ingest Template'!P2),"", 'Ingest Template'!P2&"|Operations - Core Title"),CHAR(10), IF(ISBLANK('Ingest Template'!Q2),"", 'Ingest Template'!Q2&"|Operations - Core Title"))))} -> #|Operations - Core Title #videoGame|Operations - Core Title | AJ2: =if('Ingest Template'!A2="Standard",'Ingest Template'!R2& "|DAR|DAR|2021-01-01",'Ingest Template'!R2& "|Operations - Core Title|Operations - Core Title") -> #N/A | AL2: =if('Ingest Template'!A2="Standard",'Ingest Template'!S2& "|2021-01-01",'Ingest Template'!S2) -> #N/A
B3: ='Ingest Template'!C3&IF('Ingest Template'!A3 = "Standard", " - DAR","") | C3: Video Game | D3: =CONCATENATE('Ingest Template'!E3&Char(10)&'Ingest Template'!G3&Char(10)&'Ingest Template'!H3&Char(10)&'Ingest Template'!I3&Char(10)&'Ingest Template'!J3&Char(10)&'Ingest Template'!K3&Char(10)&'Ingest Template'!L3) | E3: =('Ingest Template'!M3) | F3: {=INDEX(DropDown!$J$2:$J$63,MATCH(1,COUNTIF(E3,DropDown!$I$2:$I$63),0))} -> #N/A | J3: ='Ingest Template'!B3 | K3: =IF('Ingest Template'!A3="Standard",'Ingest Template'!N3,"Competitive View") -> Competitive View | L3: t | M3: ='Ingest Template'!D3 | R3: =CONCATENATE('Ingest Template'!F3) | S3: f | T3: ='Ingest Template'!W3 | U3: ='Ingest Template'!X3 | V3: =LOWER(SUBSTITUTE(SUBSTITUTE(SUBSTITUTE(SUBSTITUTE(SUBSTITUTE('Ingest Template'!Y3,"https:",""),"www.",""),"/",""),"?hl=en",""),"instagram.com","")) | W3: =(IFERROR(vlookup('Ingest Template'!F3,DropDown!D:E,2,false)&'Ingest Template'!C3,"")) | X3: ='Ingest Template'!AA3 | AB3: ='Ingest Template'!T3 | AD3: ='Ingest Template'!U3 | AE3: ='Ingest Template'!V3 | AG3: {=IF('Ingest Template'!A3="Standard",(CONCATENATE(IF(ISBLANK('Ingest Template'!O3),"", 'Ingest Template'!O3&"|DAR"),CHAR(10), IF(ISBLANK('Ingest Template'!P3),"", 'Ingest Template'!P3&"|DAR"),CHAR(10), IF(ISBLANK('Ingest Template'!Q3),"", 'Ingest Template'!Q3&"|DAR"))),(CONCATENATE(IF(ISBLANK('Ingest Template'!O3),"", 'Ingest Template'!O3&"|Operations - Core Title"),CHAR(10), IF(ISBLANK('Ingest Template'!P3),"", 'Ingest Template'!P3&"|Operations - Core Title"),CHAR(10), IF(ISBLANK('Ingest Template'!Q3),"", 'Ingest Template'!Q3&"|Operations - Core Title"))))} -> #|Operations - Core Title #videoGame|Operations - Core Title | AJ3: =if('Ingest Template'!A3="Standard",'Ingest Template'!R3& "|DAR|DAR|2021-01-01",'Ingest Template'!R3& "|Operations - Core Title|Operations - Core Title") -> #N/A | AL3: =if('Ingest Template'!A3="Standard",'Ingest Template'!S3& "|2021-01-01",'Ingest Template'!S3) -> #N/A
B4: ='Ingest Template'!C4&IF('Ingest Template'!A4 = "Standard", " - DAR","") | C4: Video Game | D4: =CONCATENATE('Ingest Template'!E4&Char(10)&'Ingest Template'!G4&Char(10)&'Ingest Template'!H4&Char(10)&'Ingest Template'!I4&Char(10)&'Ingest Template'!J4&Char(10)&'Ingest Template'!K4&Char(10)&'Ingest Template'!L4) | E4: =('Ingest Template'!M4) | F4: {=INDEX(DropDown!$J$2:$J$63,MATCH(1,COUNTIF(E4,DropDown!$I$2:$I$63),0))} -> #N/A | J4: ='Ingest Template'!B4 | K4: =IF('Ingest Template'!A4="Standard",'Ingest Template'!N4,"Competitive View") -> Competitive View | L4: t | M4: ='Ingest Template'!D4 | R4: =CONCATENATE('Ingest Template'!F4) | S4: f | T4: ='Ingest Template'!W4 | U4: ='Ingest Template'!X4 | V4: =LOWER(SUBSTITUTE(SUBSTITUTE(SUBSTITUTE(SUBSTITUTE(SUBSTITUTE('Ingest Template'!Y4,"https:",""),"www.",""),"/",""),"?hl=en",""),"instagram.com","")) | W4: =(IFERROR(vlookup('Ingest Template'!F4,DropDown!D:E,2,false)&'Ingest Template'!C4,"")) | X4: ='Ingest Template'!AA4 | AB4: ='Ingest Template'!T4 | AD4: ='Ingest Template'!U4 | AE4: ='Ingest Template'!V4 | AG4: {=IF('Ingest Template'!A4="Standard",(CONCATENATE(IF(ISBLANK('Ingest Template'!O4),"", 'Ingest Template'!O4&"|DAR"),CHAR(10), IF(ISBLANK('Ingest Template'!P4),"", 'Ingest Template'!P4&"|DAR"),CHAR(10), IF(ISBLANK('Ingest Template'!Q4),"", 'Ingest Template'!Q4&"|DAR"))),(CONCATENATE(IF(ISBLANK('Ingest Template'!O4),"", 'Ingest Template'!O4&"|Operations - Core Title"),CHAR(10), IF(ISBLANK('Ingest Template'!P4),"", 'Ingest Template'!P4&"|Operations - Core Title"),CHAR(10), IF(ISBLANK('Ingest Template'!Q4),"", 'Ingest Template'!Q4&"|Operations - Core Title"))))} -> #|Operations - Core Title #videoGame|Operations - Core Title | AJ4: =if('Ingest Template'!A4="Standard",'Ingest Template'!R4& "|DAR|DAR|2021-01-01",'Ingest Template'!R4& "|Operations - Core Title|Operations - Core Title") -> #N/A | AL4: =if('Ingest Template'!A4="Standard",'Ingest Template'!S4& "|2021-01-01",'Ingest Template'!S4) -> #N/A
B5: ='Ingest Template'!C5&IF('Ingest Template'!A5 = "Standard", " - DAR","") | C5: Video Game | D5: =CONCATENATE('Ingest Template'!E5&Char(10)&'Ingest Template'!G5&Char(10)&'Ingest Template'!H5&Char(10)&'Ingest Template'!I5&Char(10)&'Ingest Template'!J5&Char(10)&'Ingest Template'!K5&Char(10)&'Ingest Template'!L5) | E5: =('Ingest Template'!M5) | F5: {=INDEX(DropDown!$J$2:$J$63,MATCH(1,COUNTIF(E5,DropDown!$I$2:$I$63),0))} -> #N/A | J5: ='Ingest Template'!B5 | K5: =IF('Ingest Template'!A5="Standard",'Ingest Template'!N5,"Competitive View") -> Competitive View | L5: t | M5: ='Ingest Template'!D5 | R5: =CONCATENATE('Ingest Template'!F5) | S5: f | T5: ='Ingest Template'!W5 | U5: ='Ingest Template'!X5 | V5: =LOWER(SUBSTITUTE(SUBSTITUTE(SUBSTITUTE(SUBSTITUTE(SUBSTITUTE('Ingest Template'!Y5,"https:",""),"www.",""),"/",""),"?hl=en",""),"instagram.com","")) | W5: =(IFERROR(vlookup('Ingest Template'!F5,DropDown!D:E,2,false)&'Ingest Template'!C5,"")) | X5: ='Ingest Template'!AA5 | AB5: ='Ingest Template'!T5 | AD5: ='Ingest Template'!U5 | AE5: ='Ingest Template'!V5 | AG5: {=IF('Ingest Template'!A5="Standard",(CONCATENATE(IF(ISBLANK('Ingest Template'!O5),"", 'Ingest Template'!O5&"|DAR"),CHAR(10), IF(ISBLANK('Ingest Template'!P5),"", 'Ingest Template'!P5&"|DAR"),CHAR(10), IF(ISBLANK('Ingest Template'!Q5),"", 'Ingest Template'!Q5&"|DAR"))),(CONCATENATE(IF(ISBLANK('Ingest Template'!O5),"", 'Ingest Template'!O5&"|Operations - Core Title"),CHAR(10), IF(ISBLANK('Ingest Template'!P5),"", 'Ingest Template'!P5&"|Operations - Core Title"),CHAR(10), IF(ISBLANK('Ingest Template'!Q5),"", 'Ingest Template'!Q5&"|Operations - Core Title"))))} -> #|Operations - Core Title #videoGame|Operations - Core Title | AJ5: =if('Ingest Template'!A5="Standard",'Ingest Template'!R5& "|DAR|DAR|2021-01-01",'Ingest Template'!R5& "|Operations - Core Title|Operations - Core Title") -> #N/A | AL5: =if('Ingest Template'!A5="Standard",'Ingest Template'!S5& "|2021-01-01",'Ingest Template'!S5) -> #N/A
B6: ='Ingest Template'!C6&IF('Ingest Template'!A6 = "Standard", " - DAR","") | C6: Video Game | D6: =CONCATENATE('Ingest Template'!E6&Char(10)&'Ingest Template'!G6&Char(10)&'Ingest Template'!H6&Char(10)&'Ingest Template'!I6&Char(10)&'Ingest Template'!J6&Char(10)&'Ingest Template'!K6&Char(10)&'Ingest Template'!L6) | E6: =('Ingest Template'!M6) | F6: {=INDEX(DropDown!$J$2:$J$63,MATCH(1,COUNTIF(E6,DropDown!$I$2:$I$63),0))} -> #N/A | J6: ='Ingest Template'!B6 | K6: =IF('Ingest Template'!A6="Standard",'Ingest Template'!N6,"Competitive View") -> Competitive View | L6: t | M6: ='Ingest Template'!D6 | R6: =CONCATENATE('Ingest Template'!F6) | S6: f | T6: ='Ingest Template'!W6 | U6: ='Ingest Template'!X6 | V6: =LOWER(SUBSTITUTE(SUBSTITUTE(SUBSTITUTE(SUBSTITUTE(SUBSTITUTE('Ingest Template'!Y6,"https:",""),"www.",""),"/",""),"?hl=en",""),"instagram.com","")) | W6: =(IFERROR(vlookup('Ingest Template'!F6,DropDown!D:E,2,false)&'Ingest Template'!C6,"")) | X6: ='Ingest Template'!AA6 | AB6: ='Ingest Template'!T6 | AD6: ='Ingest Template'!U6 | AE6: ='Ingest Template'!V6 | AG6: {=IF('Ingest Template'!A6="Standard",(CONCATENATE(IF(ISBLANK('Ingest Template'!O6),"", 'Ingest Template'!O6&"|DAR"),CHAR(10), IF(ISBLANK('Ingest Template'!P6),"", 'Ingest Template'!P6&"|DAR"),CHAR(10), IF(ISBLANK('Ingest Template'!Q6),"", 'Ingest Template'!Q6&"|DAR"))),(CONCATENATE(IF(ISBLANK('Ingest Template'!O6),"", 'Ingest Template'!O6&"|Operations - Core Title"),CHAR(10), IF(ISBLANK('Ingest Template'!P6),"", 'Ingest Template'!P6&"|Operations - Core Title"),CHAR(10), IF(ISBLANK('Ingest Template'!Q6),"", 'Ingest Template'!Q6&"|Operations - Core Title"))))} -> #|Operations - Core Title #videoGame|Operations - Core Title | AJ6: =if('Ingest Template'!A6="Standard",'Ingest Template'!R6& "|DAR|DAR|2021-01-01",'Ingest Template'!R6& "|Operations - Core Title|Operations - Core Title") -> #N/A | AL6: =if('Ingest Template'!A6="Standard",'Ingest Template'!S6& "|2021-01-01",'Ingest Template'!S6) -> #N/A
B7: ='Ingest Template'!C7&IF('Ingest Template'!A7 = "Standard", " - DAR","") | C7: Video Game | D7: =CONCATENATE('Ingest Template'!E7&Char(10)&'Ingest Template'!G7&Char(10)&'Ingest Template'!H7&Char(10)&'Ingest Template'!I7&Char(10)&'Ingest Template'!J7&Char(10)&'Ingest Template'!K7&Char(10)&'Ingest Template'!L7) | E7: =('Ingest Template'!M7) | F7: {=INDEX(DropDown!$J$2:$J$63,MATCH(1,COUNTIF(E7,DropDown!$I$2:$I$63),0))} -> #N/A | J7: ='Ingest Template'!B7 | K7: =IF('Ingest Template'!A7="Standard",'Ingest Template'!N7,"Competitive View") -> Competitive View | L7: t | M7: ='Ingest Template'!D7 | R7: =CONCATENATE('Ingest Template'!F7) | S7: f | T7: ='Ingest Template'!W7 | U7: ='Ingest Template'!X7 | V7: =LOWER(SUBSTITUTE(SUBSTITUTE(SUBSTITUTE(SUBSTITUTE(SUBSTITUTE('Ingest Template'!Y7,"https:",""),"www.",""),"/",""),"?hl=en",""),"instagram.com","")) | W7: =(IFERROR(vlookup('Ingest Template'!F7,DropDown!D:E,2,false)&'Ingest Template'!C7,"")) | X7: ='Ingest Template'!AA7 | AB7: ='Ingest Template'!T7 | AD7: ='Ingest Template'!U7 | AE7: ='Ingest Template'!V7 | AG7: {=IF('Ingest Template'!A7="Standard",(CONCATENATE(IF(ISBLANK('Ingest Template'!O7),"", 'Ingest Template'!O7&"|DAR"),CHAR(10), IF(ISBLANK('Ingest Template'!P7),"", 'Ingest Template'!P7&"|DAR"),CHAR(10), IF(ISBLANK('Ingest Template'!Q7),"", 'Ingest Template'!Q7&"|DAR"))),(CONCATENATE(IF(ISBLANK('Ingest Template'!O7),"", 'Ingest Template'!O7&"|Operations - Core Title"),CHAR(10), IF(ISBLANK('Ingest Template'!P7),"", 'Ingest Template'!P7&"|Operations - Core Title"),CHAR(10), IF(ISBLANK('Ingest Template'!Q7),"", 'Ingest Template'!Q7&"|Operations - Core Title"))))} -> #|Operations - Core Title #videoGame|Operations - Core Title | AJ7: =if('Ingest Template'!A7="Standard",'Ingest Template'!R7& "|DAR|DAR|2021-01-01",'Ingest Template'!R7& "|Operations - Core Title|Operations - Core Title") -> #N/A | AL7: =if('Ingest Template'!A7="Standard",'Ingest Template'!S7& "|2021-01-01",'Ingest Template'!S7) -> #N/A
B8: ='Ingest Template'!C8&IF('Ingest Template'!A8 = "Standard", " - DAR","") | C8: Video Game | D8: =CONCATENATE('Ingest Template'!E8&Char(10)&'Ingest Template'!G8&Char(10)&'Ingest Template'!H8&Char(10)&'Ingest Template'!I8&Char(10)&'Ingest Template'!J8&Char(10)&'Ingest Template'!K8&Char(10)&'Ingest Template'!L8) | E8: =('Ingest Template'!M8) | F8: {=INDEX(DropDown!$J$2:$J$63,MATCH(1,COUNTIF(E8,DropDown!$I$2:$I$63),0))} -> #N/A | J8: ='Ingest Template'!B8 | K8: =IF('Ingest Template'!A8="Standard",'Ingest Template'!N8,"Competitive View") -> Competitive View | L8: t | M8: ='Ingest Template'!D8 | R8: =CONCATENATE('Ingest Template'!F8) | S8: f | T8: ='Ingest Template'!W8 | U8: ='Ingest Template'!X8 | V8: =LOWER(SUBSTITUTE(SUBSTITUTE(SUBSTITUTE(SUBSTITUTE(SUBSTITUTE('Ingest Template'!Y8,"https:",""),"www.",""),"/",""),"?hl=en",""),"instagram.com","")) | W8: =(IFERROR(vlookup('Ingest Template'!F8,DropDown!D:E,2,false)&'Ingest Template'!C8,"")) | X8: ='Ingest Template'!AA8 | AB8: ='Ingest Template'!T8 | AD8: ='Ingest Template'!U8 | AE8: ='Ingest Template'!V8 | AG8: {=IF('Ingest Template'!A8="Standard",(CONCATENATE(IF(ISBLANK('Ingest Template'!O8),"", 'Ingest Template'!O8&"|DAR"),CHAR(10), IF(ISBLANK('Ingest Template'!P8),"", 'Ingest Template'!P8&"|DAR"),CHAR(10), IF(ISBLANK('Ingest Template'!Q8),"", 'Ingest Template'!Q8&"|DAR"))),(CONCATENATE(IF(ISBLANK('Ingest Template'!O8),"", 'Ingest Template'!O8&"|Operations - Core Title"),CHAR(10), IF(ISBLANK('Ingest Template'!P8),"", 'Ingest Template'!P8&"|Operations - Core Title"),CHAR(10), IF(ISBLANK('Ingest Template'!Q8),"", 'Ingest Template'!Q8&"|Operations - Core Title"))))} -> #|Operations - Core Title #videoGame|Operations - Core Title | AJ8: =if('Ingest Template'!A8="Standard",'Ingest Template'!R8& "|DAR|DAR|2021-01-01",'Ingest Template'!R8& "|Operations - Core Title|Operations - Core Title") -> #N/A | AL8: =if('Ingest Template'!A8="Standard",'Ingest Template'!S8& "|2021-01-01",'Ingest Template'!S8) -> #N/A
B9: ='Ingest Template'!C9&IF('Ingest Template'!A9 = "Standard", " - DAR","") | C9: Video Game | D9: =CONCATENATE('Ingest Template'!E9&Char(10)&'Ingest Template'!G9&Char(10)&'Ingest Template'!H9&Char(10)&'Ingest Template'!I9&Char(10)&'Ingest Template'!J9&Char(10)&'Ingest Template'!K9&Char(10)&'Ingest Template'!L9) | E9: =('Ingest Template'!M9) | F9: {=INDEX(DropDown!$J$2:$J$63,MATCH(1,COUNTIF(E9,DropDown!$I$2:$I$63),0))} -> #N/A | J9: ='Ingest Template'!B9 | K9: =IF('Ingest Template'!A9="Standard",'Ingest Template'!N9,"Competitive View") -> Competitive View | L9: t | M9: ='Ingest Template'!D9 | R9: =CONCATENATE('Ingest Template'!F9) | S9: f | T9: ='Ingest Template'!W9 | U9: ='Ingest Template'!X9 | V9: =LOWER(SUBSTITUTE(SUBSTITUTE(SUBSTITUTE(SUBSTITUTE(SUBSTITUTE('Ingest Template'!Y9,"https:",""),"www.",""),"/",""),"?hl=en",""),"instagram.com","")) | W9: =(IFERROR(vlookup('Ingest Template'!F9,DropDown!D:E,2,false)&'Ingest Template'!C9,"")) | X9: ='Ingest Template'!AA9 | AB9: ='Ingest Template'!T9 | AD9: ='Ingest Template'!U9 | AE9: ='Ingest Template'!V9 | AG9: {=IF('Ingest Template'!A9="Standard",(CONCATENATE(IF(ISBLANK('Ingest Template'!O9),"", 'Ingest Template'!O9&"|DAR"),CHAR(10), IF(ISBLANK('Ingest Template'!P9),"", 'Ingest Template'!P9&"|DAR"),CHAR(10), IF(ISBLANK('Ingest Template'!Q9),"", 'Ingest Template'!Q9&"|DAR"))),(CONCATENATE(IF(ISBLANK('Ingest Template'!O9),"", 'Ingest Template'!O9&"|Operations - Core Title"),CHAR(10), IF(ISBLANK('Ingest Template'!P9),"", 'Ingest Template'!P9&"|Operations - Core Title"),CHAR(10), IF(ISBLANK('Ingest Template'!Q9),"", 'Ingest Template'!Q9&"|Operations - Core Title"))))} -> #|Operations - Core Title #videoGame|Operations - Core Title | AJ9: =if('Ingest Template'!A9="Standard",'Ingest Template'!R9& "|DAR|DAR|2021-01-01",'Ingest Template'!R9& "|Operations - Core Title|Operations - Core Title") -> #N/A | AL9: =if('Ingest Template'!A9="Standard",'Ingest Template'!S9& "|2021-01-01",'Ingest Template'!S9) -> #N/A
B10: ='Ingest Template'!C10&IF('Ingest Template'!A10 = "Standard", " - DAR","") | C10: Video Game | D10: =CONCATENATE('Ingest Template'!E10&Char(10)&'Ingest Template'!G10&Char(10)&'Ingest Template'!H10&Char(10)&'Ingest Template'!I10&Char(10)&'Ingest Template'!J10&Char(10)&'Ingest Template'!K10&Char(10)&'Ingest Template'!L10) | E10: =('Ingest Template'!M10) | F10: {=INDEX(DropDown!$J$2:$J$63,MATCH(1,COUNTIF(E10,DropDown!$I$2:$I$63),0))} -> #N/A | J10: ='Ingest Template'!B10 | K10: =IF('Ingest Template'!A10="Standard",'Ingest Template'!N10,"Competitive View") -> Competitive View | L10: t | M10: ='Ingest Template'!D10 | R10: =CONCATENATE('Ingest Template'!F10) | S10: f | T10: ='Ingest Template'!W10 | U10: ='Ingest Template'!X10 | V10: =LOWER(SUBSTITUTE(SUBSTITUTE(SUBSTITUTE(SUBSTITUTE(SUBSTITUTE('Ingest Template'!Y10,"https:",""),"www.",""),"/",""),"?hl=en",""),"instagram.com","")) | W10: =(IFERROR(vlookup('Ingest Template'!F10,DropDown!D:E,2,false)&'Ingest Template'!C10,"")) | X10: ='Ingest Template'!AA10 | AB10: ='Ingest Template'!T10 | AD10: ='Ingest Template'!U10 | AE10: ='Ingest Template'!V10 | AG10: {=IF('Ingest Template'!A10="Standard",(CONCATENATE(IF(ISBLANK('Ingest Template'!O10),"", 'Ingest Template'!O10&"|DAR"),CHAR(10), IF(ISBLANK('Ingest Template'!P10),"", 'Ingest Template'!P10&"|DAR"),CHAR(10), IF(ISBLANK('Ingest Template'!Q10),"", 'Ingest Template'!Q10&"|DAR"))),(CONCATENATE(IF(ISBLANK('Ingest Template'!O10),"", 'Ingest Template'!O10&"|Operations - Core Title"),CHAR(10), IF(ISBLANK('Ingest Template'!P10),"", 'Ingest Template'!P10&"|Operations - Core Title"),CHAR(10), IF(ISBLANK('Ingest Template'!Q10),"", 'Ingest Template'!Q10&"|Operations - Core Title"))))} -> #|Operations - Core Title #videoGame|Operations - Core Title | AJ10: =if('Ingest Template'!A10="Standard",'Ingest Template'!R10& "|DAR|DAR|2021-01-01",'Ingest Template'!R10& "|Operations - Core Title|Operations - Core Title") -> #N/A | AL10: =if('Ingest Template'!A10="Standard",'Ingest Template'!S10& "|2021-01-01",'Ingest Template'!S10) -> #N/A
B11: ='Ingest Template'!C11&IF('Ingest Template'!A11 = "Standard", " - DAR","") | C11: Video Game | D11: =CONCATENATE('Ingest Template'!E11&Char(10)&'Ingest Template'!G11&Char(10)&'Ingest Template'!H11&Char(10)&'Ingest Template'!I11&Char(10)&'Ingest Template'!J11&Char(10)&'Ingest Template'!K11&Char(10)&'Ingest Template'!L11) | E11: =('Ingest Template'!M11) | F11: {=INDEX(DropDown!$J$2:$J$63,MATCH(1,COUNTIF(E11,DropDown!$I$2:$I$63),0))} -> #N/A | J11: ='Ingest Template'!B11 | K11: =IF('Ingest Template'!A11="Standard",'Ingest Template'!N11,"Competitive View") -> Competitive View | L11: t | M11: ='Ingest Template'!D11 | R11: =CONCATENATE('Ingest Template'!F11) | S11: f | T11: ='Ingest Template'!W11 | U11: ='Ingest Template'!X11 | V11: =LOWER(SUBSTITUTE(SUBSTITUTE(SUBSTITUTE(SUBSTITUTE(SUBSTITUTE('Ingest Template'!Y11,"https:",""),"www.",""),"/",""),"?hl=en",""),"instagram.com","")) | W11: =(IFERROR(vlookup('Ingest Template'!F11,DropDown!D:E,2,false)&'Ingest Template'!C11,"")) | X11: ='Ingest Template'!AA11 | AB11: ='Ingest Template'!T11 | AD11: ='Ingest Template'!U11 | AE11: ='Ingest Template'!V11 | AG11: {=IF('Ingest Template'!A11="Standard",(CONCATENATE(IF(ISBLANK('Ingest Template'!O11),"", 'Ingest Template'!O11&"|DAR"),CHAR(10), IF(ISBLANK('Ingest Template'!P11),"", 'Ingest Template'!P11&"|DAR"),CHAR(10), IF(ISBLANK('Ingest Template'!Q11),"", 'Ingest Template'!Q11&"|DAR"))),(CONCATENATE(IF(ISBLANK('Ingest Template'!O11),"", 'Ingest Template'!O11&"|Operations - Core Title"),CHAR(10), IF(ISBLANK('Ingest Template'!P11),"", 'Ingest Template'!P11&"|Operations - Core Title"),CHAR(10), IF(ISBLANK('Ingest Template'!Q11),"", 'Ingest Template'!Q11&"|Operations - Core Title"))))} -> #|Operations - Core Title #videoGame|Operations - Core Title | AJ11: =if('Ingest Template'!A11="Standard",'Ingest Template'!R11& "|DAR|DAR|2021-01-01",'Ingest Template'!R11& "|Operations - Core Title|Operations - Core Title") -> #N/A | AL11: =if('Ingest Template'!A11="Standard",'Ingest Template'!S11& "|2021-01-01",'Ingest Template'!S11) -> #N/A
B12: ='Ingest Template'!C11&IF('Ingest Template'!A11 = "Standard", " - DAR","") | C12: Video Game | D12: =CONCATENATE('Ingest Template'!E11&Char(10)&'Ingest Template'!G11&Char(10)&'Ingest Template'!H11&Char(10)&'Ingest Template'!I11&Char(10)&'Ingest Template'!J11&Char(10)&'Ingest Template'!K11&Char(10)&'Ingest Template'!L11) | E12: =('Ingest Template'!M11) | F12: {=INDEX(DropDown!$J$2:$J$63,MATCH(1,COUNTIF(E12,DropDown!$I$2:$I$63),0))} -> #N/A | J12: ='Ingest Template'!B12 | K12: =IF('Ingest Template'!A11="Standard",'Ingest Template'!N11,"Competitive View") -> Competitive View | L12: t | M12: ='Ingest Template'!D11 | R12: =CONCATENATE('Ingest Template'!F11) | S12: f | T12: ='Ingest Template'!W11 | V12: =LOWER(SUBSTITUTE(SUBSTITUTE(SUBSTITUTE(SUBSTITUTE(SUBSTITUTE('Ingest Template'!Y11,"https:",""),"www.",""),"/",""),"?hl=en",""),"instagram.com","")) | W12: =(IFERROR(vlookup('Ingest Template'!F11,DropDown!D:E,2,false)&'Ingest Template'!C11,"")) | X12: ='Ingest Template'!AA11 | AB12: ='Ingest Template'!T11 | AD12: ='Ingest Template'!U11 | AE12: ='Ingest Template'!V11 | AG12: {=IF('Ingest Template'!A11="Standard",(CONCATENATE(IF(ISBLANK('Ingest Template'!O11),"", 'Ingest Template'!O11&"|DAR"),CHAR(10), IF(ISBLANK('Ingest Template'!P11),"", 'Ingest Template'!P11&"|DAR"),CHAR(10), IF(ISBLANK('Ingest Template'!Q11),"", 'Ingest Template'!Q11&"|DAR"))),(CONCATENATE(IF(ISBLANK('Ingest Template'!O11),"", 'Ingest Template'!O11&"|Operations - Core Title"),CHAR(10), IF(ISBLANK('Ingest Template'!P11),"", 'Ingest Template'!P11&"|Operations - Core Title"),CHAR(10), IF(ISBLANK('Ingest Template'!Q11),"", 'Ingest Template'!Q11&"|Operations - Core Title"))))} -> #|Operations - Core Title #videoGame|Operations - Core Title | AJ12: =if('Ingest Template'!A11="Standard",'Ingest Template'!R11& "|DAR|DAR|2021-01-01",'Ingest Template'!R11& "|Operations - Core Title|Operations - Core Title") -> #N/A | AL12: =if('Ingest Template'!A11="Standard",'Ingest Template'!S11& "|2021-01-01",'Ingest Template'!S11) -> #N/A
B13: ='Ingest Template'!C12&IF('Ingest Template'!A12 = "Standard", " - DAR","") | C13: Video Game | D13: =CONCATENATE('Ingest Template'!E12&Char(10)&'Ingest Template'!G12&Char(10)&'Ingest Template'!H12&Char(10)&'Ingest Template'!I12&Char(10)&'Ingest Template'!J12&Char(10)&'Ingest Template'!K12&Char(10)&'Ingest Template'!L12) | E13: =('Ingest Template'!M12) | F13: {=INDEX(DropDown!$J$2:$J$63,MATCH(1,COUNTIF(E13,DropDown!$I$2:$I$63),0))} -> #N/A | J13: ='Ingest Template'!B13 | K13: =IF('Ingest Template'!A12="Standard",'Ingest Template'!N12,"Competitive View") -> Competitive View | L13: t | M13: ='Ingest Template'!D12 | R13: =CONCATENATE('Ingest Template'!F12) | S13: f | T13: ='Ingest Template'!W12 | V13: =LOWER(SUBSTITUTE(SUBSTITUTE(SUBSTITUTE(SUBSTITUTE(SUBSTITUTE('Ingest Template'!Y12,"https:",""),"www.",""),"/",""),"?hl=en",""),"instagram.com","")) | W13: =(IFERROR(vlookup('Ingest Template'!F12,DropDown!D:E,2,false)&'Ingest Template'!C12,"")) | X13: ='Ingest Template'!AA12 | AB13: ='Ingest Template'!T12 | AD13: ='Ingest Template'!U12 | AE13: ='Ingest Template'!V12 | AG13: {=IF('Ingest Template'!A12="Standard",(CONCATENATE(IF(ISBLANK('Ingest Template'!O12),"", 'Ingest Template'!O12&"|DAR"),CHAR(10), IF(ISBLANK('Ingest Template'!P12),"", 'Ingest Template'!P12&"|DAR"),CHAR(10), IF(ISBLANK('Ingest Template'!Q12),"", 'Ingest Template'!Q12&"|DAR"))),(CONCATENATE(IF(ISBLANK('Ingest Template'!O12),"", 'Ingest Template'!O12&"|Operations - Core Title"),CHAR(10), IF(ISBLANK('Ingest Template'!P12),"", 'Ingest Template'!P12&"|Operations - Core Title"),CHAR(10), IF(ISBLANK('Ingest Template'!Q12),"", 'Ingest Template'!Q12&"|Operations - Core Title"))))} -> #|Operations - Core Title #videoGame|Operations - Core Title | AJ13: =if('Ingest Template'!A12="Standard",'Ingest Template'!R12& "|DAR|DAR|2021-01-01",'Ingest Template'!R12& "|Operations - Core Title|Operations - Core Title") -> #N/A | AL13: =if('Ingest Template'!A12="Standard",'Ingest Template'!S12& "|2021-01-01",'Ingest Template'!S12) -> #N/A
B14: ='Ingest Template'!C13&IF('Ingest Template'!A13 = "Standard", " - DAR","") | C14: Video Game | D14: =CONCATENATE('Ingest Template'!E13&Char(10)&'Ingest Template'!G13&Char(10)&'Ingest Template'!H13&Char(10)&'Ingest Template'!I13&Char(10)&'Ingest Template'!J13&Char(10)&'Ingest Template'!K13&Char(10)&'Ingest Template'!L13) | E14: =('Ingest Template'!M13) | F14: {=INDEX(DropDown!$J$2:$J$63,MATCH(1,COUNTIF(E14,DropDown!$I$2:$I$63),0))} -> #N/A | J14: ='Ingest Template'!B14 | K14: =IF('Ingest Template'!A13="Standard",'Ingest Template'!N13,"Competitive View") -> Competitive View | L14: t | M14: ='Ingest Template'!D13 | R14: =CONCATENATE('Ingest Template'!F13) | S14: f | T14: ='Ingest Template'!W13 | V14: =LOWER(SUBSTITUTE(SUBSTITUTE(SUBSTITUTE(SUBSTITUTE(SUBSTITUTE('Ingest Template'!Y13,"https:",""),"www.",""),"/",""),"?hl=en",""),"instagram.com","")) | W14: =(IFERROR(vlookup('Ingest Template'!F13,DropDown!D:E,2,false)&'Ingest Template'!C13,"")) | X14: ='Ingest Template'!AA13 | AB14: ='Ingest Template'!T13 | AD14: ='Ingest Template'!U13 | AE14: ='Ingest Template'!V13 | AG14: {=IF('Ingest Template'!A13="Standard",(CONCATENATE(IF(ISBLANK('Ingest Template'!O13),"", 'Ingest Template'!O13&"|DAR"),CHAR(10), IF(ISBLANK('Ingest Template'!P13),"", 'Ingest Template'!P13&"|DAR"),CHAR(10), IF(ISBLANK('Ingest Template'!Q13),"", 'Ingest Template'!Q13&"|DAR"))),(CONCATENATE(IF(ISBLANK('Ingest Template'!O13),"", 'Ingest Template'!O13&"|Operations - Core Title"),CHAR(10), IF(ISBLANK('Ingest Template'!P13),"", 'Ingest Template'!P13&"|Operations - Core Title"),CHAR(10), IF(ISBLANK('Ingest Template'!Q13),"", 'Ingest Template'!Q13&"|Operations - Core Title"))))} -> #|Operations - Core Title #videoGame|Operations - Core Title | AJ14: =if('Ingest Template'!A13="Standard",'Ingest Template'!R13& "|DAR|DAR|2021-01-01",'Ingest Template'!R13& "|Operations - Core Title|Operations - Core Title") -> #N/A | AL14: =if('Ingest Template'!A13="Standard",'Ingest Template'!S13& "|2021-01-01",'Ingest Template'!S13) -> #N/A
B15: ='Ingest Template'!C14&IF('Ingest Template'!A14 = "Standard", " - DAR","") | C15: Video Game | D15: =CONCATENATE('Ingest Template'!E14&Char(10)&'Ingest Template'!G14&Char(10)&'Ingest Template'!H14&Char(10)&'Ingest Template'!I14&Char(10)&'Ingest Template'!J14&Char(10)&'Ingest Template'!K14&Char(10)&'Ingest Template'!L14) | E15: =('Ingest Template'!M14) | F15: {=INDEX(DropDown!$J$2:$J$63,MATCH(1,COUNTIF(E15,DropDown!$I$2:$I$63),0))} -> #N/A | J15: ='Ingest Template'!B15 | K15: =IF('Ingest Template'!A14="Standard",'Ingest Template'!N14,"Competitive View") -> Competitive View | L15: t | M15: ='Ingest Template'!D14 | R15: =CONCATENATE('Ingest Template'!F14) | S15: f | T15: ='Ingest Template'!W14 | V15: =LOWER(SUBSTITUTE(SUBSTITUTE(SUBSTITUTE(SUBSTITUTE(SUBSTITUTE('Ingest Template'!Y14,"https:",""),"www.",""),"/",""),"?hl=en",""),"instagram.com","")) | W15: =(IFERROR(vlookup('Ingest Template'!F14,DropDown!D:E,2,false)&'Ingest Template'!C14,"")) | X15: ='Ingest Template'!AA14 | AB15: ='Ingest Template'!T14 | AD15: ='Ingest Template'!U14 | AE15: ='Ingest Template'!V14 | AG15: {=IF('Ingest Template'!A14="Standard",(CONCATENATE(IF(ISBLANK('Ingest Template'!O14),"", 'Ingest Template'!O14&"|DAR"),CHAR(10), IF(ISBLANK('Ingest Template'!P14),"", 'Ingest Template'!P14&"|DAR"),CHAR(10), IF(ISBLANK('Ingest Template'!Q14),"", 'Ingest Template'!Q14&"|DAR"))),(CONCATENATE(IF(ISBLANK('Ingest Template'!O14),"", 'Ingest Template'!O14&"|Operations - Core Title"),CHAR(10), IF(ISBLANK('Ingest Template'!P14),"", 'Ingest Template'!P14&"|Operations - Core Title"),CHAR(10), IF(ISBLANK('Ingest Template'!Q14),"", 'Ingest Template'!Q14&"|Operations - Core Title"))))} -> #|Operations - Core Title #videoGame|Operations - Core Title | AJ15: =if('Ingest Template'!A14="Standard",'Ingest Template'!R14& "|DAR|DAR|2021-01-01",'Ingest Template'!R14& "|Operations - Core Title|Operations - Core Title") -> #N/A | AL15: =if('Ingest Template'!A14="Standard",'Ingest Template'!S14& "|2021-01-01",'Ingest Template'!S14) -> #N/A
B16: ='Ingest Template'!C16&IF('Ingest Template'!A16 = "Standard", " - DAR","") | C16: Video Game | D16: =CONCATENATE('Ingest Template'!E16&Char(10)&'Ingest Template'!G16&Char(10)&'Ingest Template'!H16&Char(10)&'Ingest Template'!I16&Char(10)&'Ingest Template'!J16&Char(10)&'Ingest Template'!K16&Char(10)&'Ingest Template'!L16) | E16: =('Ingest Template'!M16) | F16: {=INDEX(DropDown!$J$2:$J$63,MATCH(1,COUNTIF(E16,DropDown!$I$2:$I$63),0))} -> #N/A | J16: ='Ingest Template'!B16 | K16: =IF('Ingest Template'!A16="Standard",'Ingest Template'!N16,"Competitive View") -> Competitive View | L16: t | M16: ='Ingest Template'!D16 | R16: =CONCATENATE('Ingest Template'!F16) | S16: f | T16: ='Ingest Template'!W16 | V16: =LOWER(SUBSTITUTE(SUBSTITUTE(SUBSTITUTE(SUBSTITUTE(SUBSTITUTE('Ingest Template'!Y16,"https:",""),"www.",""),"/",""),"?hl=en",""),"instagram.com","")) | W16: =(IFERROR(vlookup('Ingest Template'!F16,DropDown!D:E,2,false)&'Ingest Template'!C16,"")) | X16: ='Ingest Template'!AA16 | AB16: ='Ingest Template'!T16 | AD16: ='Ingest Template'!U16 | AE16: ='Ingest Template'!V16 | AG16: {=IF('Ingest Template'!A16="Standard",(CONCATENATE(IF(ISBLANK('Ingest Template'!O16),"", 'Ingest Template'!O16&"|DAR"),CHAR(10), IF(ISBLANK('Ingest Template'!P16),"", 'Ingest Template'!P16&"|DAR"),CHAR(10), IF(ISBLANK('Ingest Template'!Q16),"", 'Ingest Template'!Q16&"|DAR"))),(CONCATENATE(IF(ISBLANK('Ingest Template'!O16),"", 'Ingest Template'!O16&"|Operations - Core Title"),CHAR(10), IF(ISBLANK('Ingest Template'!P16),"", 'Ingest Template'!P16&"|Operations - Core Title"),CHAR(10), IF(ISBLANK('Ingest Template'!Q16),"", 'Ingest Template'!Q16&"|Operations - Core Title"))))} -> #|Operations - Core Title #videoGame|Operations - Core Title | AJ16: =if('Ingest Template'!A16="Standard",'Ingest Template'!R16& "|DAR|DAR|2021-01-01",'Ingest Template'!R16& "|Operations - Core Title|Operations - Core Title") -> #N/A | AL16: =if('Ingest Template'!A16="Standard",'Ingest Template'!S16& "|2021-01-01",'Ingest Template'!S16) -> #N/A
B17: ='Ingest Template'!C17&IF('Ingest Template'!A17 = "Standard", " - DAR","") | C17: Video Game | D17: =CONCATENATE('Ingest Template'!E17&Char(10)&'Ingest Template'!G17&Char(10)&'Ingest Template'!H17&Char(10)&'Ingest Template'!I17&Char(10)&'Ingest Template'!J17&Char(10)&'Ingest Template'!K17&Char(10)&'Ingest Template'!L17) | E17: =('Ingest Template'!M17) | F17: {=INDEX(DropDown!$J$2:$J$63,MATCH(1,COUNTIF(E17,DropDown!$I$2:$I$63),0))} -> #N/A | J17: ='Ingest Template'!B17 | K17: =IF('Ingest Template'!A17="Standard",'Ingest Template'!N17,"Competitive View") -> Competitive View | L17: t | M17: ='Ingest Template'!D17 | R17: =CONCATENATE('Ingest Template'!F17) | S17: f | T17: ='Ingest Template'!W17 | V17: =LOWER(SUBSTITUTE(SUBSTITUTE(SUBSTITUTE(SUBSTITUTE(SUBSTITUTE('Ingest Template'!Y17,"https:",""),"www.",""),"/",""),"?hl=en",""),"instagram.com","")) | W17: =(IFERROR(vlookup('Ingest Template'!F17,DropDown!D:E,2,false)&'Ingest Template'!C17,"")) | X17: ='Ingest Template'!AA17 | AB17: ='Ingest Template'!T17 | AD17: ='Ingest Template'!U17 | AE17: ='Ingest Template'!V17 | AG17: {=IF('Ingest Template'!A17="Standard",(CONCATENATE(IF(ISBLANK('Ingest Template'!O17),"", 'Ingest Template'!O17&"|DAR"),CHAR(10), IF(ISBLANK('Ingest Template'!P17),"", 'Ingest Template'!P17&"|DAR"),CHAR(10), IF(ISBLANK('Ingest Template'!Q17),"", 'Ingest Template'!Q17&"|DAR"))),(CONCATENATE(IF(ISBLANK('Ingest Template'!O17),"", 'Ingest Template'!O17&"|Operations - Core Title"),CHAR(10), IF(ISBLANK('Ingest Template'!P17),"", 'Ingest Template'!P17&"|Operations - Core Title"),CHAR(10), IF(ISBLANK('Ingest Template'!Q17),"", 'Ingest Template'!Q17&"|Operations - Core Title"))))} -> #|Operations - Core Title #videoGame|Operations - Core Title | AJ17: =if('Ingest Template'!A17="Standard",'Ingest Template'!R17& "|DAR|DAR|2021-01-01",'Ingest Template'!R17& "|Operations - Core Title|Operations - Core Title") -> #N/A | AL17: =if('Ingest Template'!A17="Standard",'Ingest Template'!S17& "|2021-01-01",'Ingest Template'!S17) -> #N/A
B18: ='Ingest Template'!C18&IF('Ingest Template'!A18 = "Standard", " - DAR","") | C18: Video Game | D18: =CONCATENATE('Ingest Template'!E18&Char(10)&'Ingest Template'!G18&Char(10)&'Ingest Template'!H18&Char(10)&'Ingest Template'!I18&Char(10)&'Ingest Template'!J18&Char(10)&'Ingest Template'!K18&Char(10)&'Ingest Template'!L18) | E18: =('Ingest Template'!M18) | F18: {=INDEX(DropDown!$J$2:$J$63,MATCH(1,COUNTIF(E18,DropDown!$I$2:$I$63),0))} -> #N/A | J18: ='Ingest Template'!B18 | K18: =IF('Ingest Template'!A18="Standard",'Ingest Template'!N18,"Competitive View") -> Competitive View | L18: t | M18: ='Ingest Template'!D18 | R18: =CONCATENATE('Ingest Template'!F18) | S18: f | T18: ='Ingest Template'!W18 | V18: =LOWER(SUBSTITUTE(SUBSTITUTE(SUBSTITUTE(SUBSTITUTE(SUBSTITUTE('Ingest Template'!Y18,"https:",""),"www.",""),"/",""),"?hl=en",""),"instagram.com","")) | W18: =(IFERROR(vlookup('Ingest Template'!F18,DropDown!D:E,2,false)&'Ingest Template'!C18,"")) | X18: ='Ingest Template'!AA18 | AB18: ='Ingest Template'!T18 | AD18: ='Ingest Template'!U18 | AE18: ='Ingest Template'!V18 | AG18: {=IF('Ingest Template'!A18="Standard",(CONCATENATE(IF(ISBLANK('Ingest Template'!O18),"", 'Ingest Template'!O18&"|DAR"),CHAR(10), IF(ISBLANK('Ingest Template'!P18),"", 'Ingest Template'!P18&"|DAR"),CHAR(10), IF(ISBLANK('Ingest Template'!Q18),"", 'Ingest Template'!Q18&"|DAR"))),(CONCATENATE(IF(ISBLANK('Ingest Template'!O18),"", 'Ingest Template'!O18&"|Operations - Core Title"),CHAR(10), IF(ISBLANK('Ingest Template'!P18),"", 'Ingest Template'!P18&"|Operations - Core Title"),CHAR(10), IF(ISBLANK('Ingest Template'!Q18),"", 'Ingest Template'!Q18&"|Operations - Core Title"))))} -> #|Operations - Core Title #videoGame|Operations - Core Title | AJ18: =if('Ingest Template'!A18="Standard",'Ingest Template'!R18& "|DAR|DAR|2021-01-01",'Ingest Template'!R18& "|Operations - Core Title|Operations - Core Title") -> #N/A | AL18: =if('Ingest Template'!A18="Standard",'Ingest Template'!S18& "|2021-01-01",'Ingest Template'!S18) -> #N/A
B19: ='Ingest Template'!C19&IF('Ingest Template'!A19 = "Standard", " - DAR","") | C19: Video Game | D19: =CONCATENATE('Ingest Template'!E19&Char(10)&'Ingest Template'!G19&Char(10)&'Ingest Template'!H19&Char(10)&'Ingest Template'!I19&Char(10)&'Ingest Template'!J19&Char(10)&'Ingest Template'!K19&Char(10)&'Ingest Template'!L19) | E19: =('Ingest Template'!M19) | F19: {=INDEX(DropDown!$J$2:$J$63,MATCH(1,COUNTIF(E19,DropDown!$I$2:$I$63),0))} -> #N/A | J19: ='Ingest Template'!B19 | K19: =IF('Ingest Template'!A19="Standard",'Ingest Template'!N19,"Competitive View") -> Competitive View | L19: t | M19: ='Ingest Template'!D19 | R19: =CONCATENATE('Ingest Template'!F19) | S19: f | T19: ='Ingest Template'!W19 | V19: =LOWER(SUBSTITUTE(SUBSTITUTE(SUBSTITUTE(SUBSTITUTE(SUBSTITUTE('Ingest Template'!Y19,"https:",""),"www.",""),"/",""),"?hl=en",""),"instagram.com","")) | W19: =(IFERROR(vlookup('Ingest Template'!F19,DropDown!D:E,2,false)&'Ingest Template'!C19,"")) | X19: ='Ingest Template'!AA19 | AB19: ='Ingest Template'!T19 | AD19: ='Ingest Template'!U19 | AE19: ='Ingest Template'!V19 | AG19: {=IF('Ingest Template'!A19="Standard",(CONCATENATE(IF(ISBLANK('Ingest Template'!O19),"", 'Ingest Template'!O19&"|DAR"),CHAR(10), IF(ISBLANK('Ingest Template'!P19),"", 'Ingest Template'!P19&"|DAR"),CHAR(10), IF(ISBLANK('Ingest Template'!Q19),"", 'Ingest Template'!Q19&"|DAR"))),(CONCATENATE(IF(ISBLANK('Ingest Template'!O19),"", 'Ingest Template'!O19&"|Operations - Core Title"),CHAR(10), IF(ISBLANK('Ingest Template'!P19),"", 'Ingest Template'!P19&"|Operations - Core Title"),CHAR(10), IF(ISBLANK('Ingest Template'!Q19),"", 'Ingest Template'!Q19&"|Operations - Core Title"))))} -> #|Operations - Core Title #videoGame|Operations - Core Title | AJ19: =if('Ingest Template'!A19="Standard",'Ingest Template'!R19& "|DAR|DAR|2021-01-01",'Ingest Template'!R19& "|Operations - Core Title|Operations - Core Title") -> #N/A | AL19: =if('Ingest Template'!A19="Standard",'Ingest Template'!S19& "|2021-01-01",'Ingest Template'!S19) -> #N/A
B20: ='Ingest Template'!C20&IF('Ingest Template'!A20 = "Standard", " - DAR","") | C20: Video Game | D20: =CONCATENATE('Ingest Template'!E20&Char(10)&'Ingest Template'!G20&Char(10)&'Ingest Template'!H20&Char(10)&'Ingest Template'!I20&Char(10)&'Ingest Template'!J20&Char(10)&'Ingest Template'!K20&Char(10)&'Ingest Template'!L20) | E20: =('Ingest Template'!M20) | F20: {=INDEX(DropDown!$J$2:$J$63,MATCH(1,COUNTIF(E20,DropDown!$I$2:$I$63),0))} -> #N/A | J20: ='Ingest Template'!B20 | K20: =IF('Ingest Template'!A20="Standard",'Ingest Template'!N20,"Competitive View") -> Competitive View | L20: t | M20: ='Ingest Template'!D20 | R20: =CONCATENATE('Ingest Template'!F20) | S20: f | T20: ='Ingest Template'!W20 | V20: =LOWER(SUBSTITUTE(SUBSTITUTE(SUBSTITUTE(SUBSTITUTE(SUBSTITUTE('Ingest Template'!Y20,"https:",""),"www.",""),"/",""),"?hl=en",""),"instagram.com","")) | W20: =(IFERROR(vlookup('Ingest Template'!F20,DropDown!D:E,2,false)&'Ingest Template'!C20,"")) | X20: ='Ingest Template'!AA20 | AB20: ='Ingest Template'!T20 | AD20: ='Ingest Template'!U20 | AE20: ='Ingest Template'!V20 | AG20: {=IF('Ingest Template'!A20="Standard",(CONCATENATE(IF(ISBLANK('Ingest Template'!O20),"", 'Ingest Template'!O20&"|DAR"),CHAR(10), IF(ISBLANK('Ingest Template'!P20),"", 'Ingest Template'!P20&"|DAR"),CHAR(10), IF(ISBLANK('Ingest Template'!Q20),"", 'Ingest Template'!Q20&"|DAR"))),(CONCATENATE(IF(ISBLANK('Ingest Template'!O20),"", 'Ingest Template'!O20&"|Operations - Core Title"),CHAR(10), IF(ISBLANK('Ingest Template'!P20),"", 'Ingest Template'!P20&"|Operations - Core Title"),CHAR(10), IF(ISBLANK('Ingest Template'!Q20),"", 'Ingest Template'!Q20&"|Operations - Core Title"))))} -> #|Operations - Core Title #videoGame|Operations - Core Title | AJ20: =if('Ingest Template'!A20="Standard",'Ingest Template'!R20& "|DAR|DAR|2021-01-01",'Ingest Template'!R20& "|Operations - Core Title|Operations - Core Title") -> #N/A | AL20: =if('Ingest Template'!A20="Standard",'Ingest Template'!S20& "|2021-01-01",'Ingest Template'!S20) -> #N/A
B21: ='Ingest Template'!C21&IF('Ingest Template'!A21 = "Standard", " - DAR","") | C21: Video Game | D21: =CONCATENATE('Ingest Template'!E21&Char(10)&'Ingest Template'!G21&Char(10)&'Ingest Template'!H21&Char(10)&'Ingest Template'!I21&Char(10)&'Ingest Template'!J21&Char(10)&'Ingest Template'!K21&Char(10)&'Ingest Template'!L21) | E21: =('Ingest Template'!M21) | F21: {=INDEX(DropDown!$J$2:$J$63,MATCH(1,COUNTIF(E21,DropDown!$I$2:$I$63),0))} -> #N/A | J21: ='Ingest Template'!B21 | K21: =IF('Ingest Template'!A21="Standard",'Ingest Template'!N21,"Competitive View") -> Competitive View | L21: t | M21: ='Ingest Template'!D21 | R21: =CONCATENATE('Ingest Template'!F21) | S21: f | T21: ='Ingest Template'!W21 | V21: =LOWER(SUBSTITUTE(SUBSTITUTE(SUBSTITUTE(SUBSTITUTE(SUBSTITUTE('Ingest Template'!Y21,"https:",""),"www.",""),"/",""),"?hl=en",""),"instagram.com","")) | W21: =(IFERROR(vlookup('Ingest Template'!F21,DropDown!D:E,2,false)&'Ingest Template'!C21,"")) | X21: ='Ingest Template'!AA21 | AB21: ='Ingest Template'!T21 | AD21: ='Ingest Template'!U21 | AE21: ='Ingest Template'!V21 | AG21: {=IF('Ingest Template'!A21="Standard",(CONCATENATE(IF(ISBLANK('Ingest Template'!O21),"", 'Ingest Template'!O21&"|DAR"),CHAR(10), IF(ISBLANK('Ingest Template'!P21),"", 'Ingest Template'!P21&"|DAR"),CHAR(10), IF(ISBLANK('Ingest Template'!Q21),"", 'Ingest Template'!Q21&"|DAR"))),(CONCATENATE(IF(ISBLANK('Ingest Template'!O21),"", 'Ingest Template'!O21&"|Operations - Core Title"),CHAR(10), IF(ISBLANK('Ingest Template'!P21),"", 'Ingest Template'!P21&"|Operations - Core Title"),CHAR(10), IF(ISBLANK('Ingest Template'!Q21),"", 'Ingest Template'!Q21&"|Operations - Core Title"))))} -> #|Operations - Core Title #videoGame|Operations - Core Title | AJ21: =if('Ingest Template'!A21="Standard",'Ingest Template'!R21& "|DAR|DAR|2021-01-01",'Ingest Template'!R21& "|Operations - Core Title|Operations - Core Title") -> #N/A | AL21: =if('Ingest Template'!A21="Standard",'Ingest Template'!S21& "|2021-01-01",'Ingest Template'!S21) -> #N/A
B22: ='Ingest Template'!C22&IF('Ingest Template'!A22 = "Standard", " - DAR","") | C22: Video Game | D22: =CONCATENATE('Ingest Template'!E22&Char(10)&'Ingest Template'!G22&Char(10)&'Ingest Template'!H22&Char(10)&'Ingest Template'!I22&Char(10)&'Ingest Template'!J22&Char(10)&'Ingest Template'!K22&Char(10)&'Ingest Template'!L22) | E22: =('Ingest Template'!M22) | F22: {=INDEX(DropDown!$J$2:$J$63,MATCH(1,COUNTIF(E22,DropDown!$I$2:$I$63),0))} -> #N/A | J22: ='Ingest Template'!B22 | K22: =IF('Ingest Template'!A22="Standard",'Ingest Template'!N22,"Competitive View") -> Competitive View | L22: t | M22: ='Ingest Template'!D22 | R22: =CONCATENATE('Ingest Template'!F22) | S22: f | T22: ='Ingest Template'!W22 | V22: =LOWER(SUBSTITUTE(SUBSTITUTE(SUBSTITUTE(SUBSTITUTE(SUBSTITUTE('Ingest Template'!Y22,"https:",""),"www.",""),"/",""),"?hl=en",""),"instagram.com","")) | W22: =(IFERROR(vlookup('Ingest Template'!F22,DropDown!D:E,2,false)&'Ingest Template'!C22,"")) | X22: ='Ingest Template'!AA22 | AB22: ='Ingest Template'!T22 | AD22: ='Ingest Template'!U22 | AE22: ='Ingest Template'!V22 | AG22: {=IF('Ingest Template'!A22="Standard",(CONCATENATE(IF(ISBLANK('Ingest Template'!O22),"", 'Ingest Template'!O22&"|DAR"),CHAR(10), IF(ISBLANK('Ingest Template'!P22),"", 'Ingest Template'!P22&"|DAR"),CHAR(10), IF(ISBLANK('Ingest Template'!Q22),"", 'Ingest Template'!Q22&"|DAR"))),(CONCATENATE(IF(ISBLANK('Ingest Template'!O22),"", 'Ingest Template'!O22&"|Operations - Core Title"),CHAR(10), IF(ISBLANK('Ingest Template'!P22),"", 'Ingest Template'!P22&"|Operations - Core Title"),CHAR(10), IF(ISBLANK('Ingest Template'!Q22),"", 'Ingest Template'!Q22&"|Operations - Core Title"))))} -> #|Operations - Core Title #videoGame|Operations - Core Title | AJ22: =if('Ingest Template'!A22="Standard",'Ingest Template'!R22& "|DAR|DAR|2021-01-01",'Ingest Template'!R22& "|Operations - Core Title|Operations - Core Title") -> #N/A | AL22: =if('Ingest Template'!A22="Standard",'Ingest Template'!S22& "|2021-01-01",'Ingest Template'!S22) -> #N/A
B23: ='Ingest Template'!C23&IF('Ingest Template'!A23 = "Standard", " - DAR","") | C23: Video Game | D23: =CONCATENATE('Ingest Template'!E23&Char(10)&'Ingest Template'!G23&Char(10)&'Ingest Template'!H23&Char(10)&'Ingest Template'!I23&Char(10)&'Ingest Template'!J23&Char(10)&'Ingest Template'!K23&Char(10)&'Ingest Template'!L23) | E23: =('Ingest Template'!M23) | F23: {=INDEX(DropDown!$J$2:$J$63,MATCH(1,COUNTIF(E23,DropDown!$I$2:$I$63),0))} -> #N/A | J23: ='Ingest Template'!B23 | K23: =IF('Ingest Template'!A23="Standard",'Ingest Template'!N23,"Competitive View") -> Competitive View | L23: t | M23: ='Ingest Template'!D23 | R23: =CONCATENATE('Ingest Template'!F23) | S23: f | T23: ='Ingest Template'!W23 | V23: =LOWER(SUBSTITUTE(SUBSTITUTE(SUBSTITUTE(SUBSTITUTE(SUBSTITUTE('Ingest Template'!Y23,"https:",""),"www.",""),"/",""),"?hl=en",""),"instagram.com","")) | W23: =(IFERROR(vlookup('Ingest Template'!F23,DropDown!D:E,2,false)&'Ingest Template'!C23,"")) | X23: ='Ingest Template'!AA23 | AB23: ='Ingest Template'!T23 | AD23: ='Ingest Template'!U23 | AE23: ='Ingest Template'!V23 | AG23: {=IF('Ingest Template'!A23="Standard",(CONCATENATE(IF(ISBLANK('Ingest Template'!O23),"", 'Ingest Template'!O23&"|DAR"),CHAR(10), IF(ISBLANK('Ingest Template'!P23),"", 'Ingest Template'!P23&"|DAR"),CHAR(10), IF(ISBLANK('Ingest Template'!Q23),"", 'Ingest Template'!Q23&"|DAR"))),(CONCATENATE(IF(ISBLANK('Ingest Template'!O23),"", 'Ingest Template'!O23&"|Operations - Core Title"),CHAR(10), IF(ISBLANK('Ingest Template'!P23),"", 'Ingest Template'!P23&"|Operations - Core Title"),CHAR(10), IF(ISBLANK('Ingest Template'!Q23),"", 'Ingest Template'!Q23&"|Operations - Core Title"))))} -> #|Operations - Core Title #videoGame|Operations - Core Title | AJ23: =if('Ingest Template'!A23="Standard",'Ingest Template'!R23& "|DAR|DAR|2021-01-01",'Ingest Template'!R23& "|Operations - Core Title|Operations - Core Title") -> #N/A | AL23: =if('Ingest Template'!A23="Standard",'Ingest Template'!S23& "|2021-01-01",'Ingest Template'!S23) -> #N/A
B24: ='Ingest Template'!C24&IF('Ingest Template'!A24 = "Standard", " - DAR","") | C24: Video Game | D24: =CONCATENATE('Ingest Template'!E24&Char(10)&'Ingest Template'!G24&Char(10)&'Ingest Template'!H24&Char(10)&'Ingest Template'!I24&Char(10)&'Ingest Template'!J24&Char(10)&'Ingest Template'!K24&Char(10)&'Ingest Template'!L24) | E24: =('Ingest Template'!M24) | F24: {=INDEX(DropDown!$J$2:$J$63,MATCH(1,COUNTIF(E24,DropDown!$I$2:$I$63),0))} -> #N/A | J24: ='Ingest Template'!B24 | K24: =IF('Ingest Template'!A24="Standard",'Ingest Template'!N24,"Competitive View") -> Competitive View | L24: t | M24: ='Ingest Template'!D24 | R24: =CONCATENATE('Ingest Template'!F24) | S24: f | T24: ='Ingest Template'!W24 | V24: =LOWER(SUBSTITUTE(SUBSTITUTE(SUBSTITUTE(SUBSTITUTE(SUBSTITUTE('Ingest Template'!Y24,"https:",""),"www.",""),"/",""),"?hl=en",""),"instagram.com","")) | W24: =(IFERROR(vlookup('Ingest Template'!F24,DropDown!D:E,2,false)&'Ingest Template'!C24,"")) | X24: ='Ingest Template'!AA24 | AB24: ='Ingest Template'!T24 | AD24: ='Ingest Template'!U24 | AE24: ='Ingest Template'!V24 | AG24: {=IF('Ingest Template'!A24="Standard",(CONCATENATE(IF(ISBLANK('Ingest Template'!O24),"", 'Ingest Template'!O24&"|DAR"),CHAR(10), IF(ISBLANK('Ingest Template'!P24),"", 'Ingest Template'!P24&"|DAR"),CHAR(10), IF(ISBLANK('Ingest Template'!Q24),"", 'Ingest Template'!Q24&"|DAR"))),(CONCATENATE(IF(ISBLANK('Ingest Template'!O24),"", 'Ingest Template'!O24&"|Operations - Core Title"),CHAR(10), IF(ISBLANK('Ingest Template'!P24),"", 'Ingest Template'!P24&"|Operations - Core Title"),CHAR(10), IF(ISBLANK('Ingest Template'!Q24),"", 'Ingest Template'!Q24&"|Operations - Core Title"))))} -> #|Operations - Core Title #videoGame|Operations - Core Title | AJ24: =if('Ingest Template'!A24="Standard",'Ingest Template'!R24& "|DAR|DAR|2021-01-01",'Ingest Template'!R24& "|Operations - Core Title|Operations - Core Title") -> #N/A | AL24: =if('Ingest Template'!A24="Standard",'Ingest Template'!S24& "|2021-01-01",'Ingest Template'!S24) -> #N/A
B25: ='Ingest Template'!C25&IF('Ingest Template'!A25 = "Standard", " - DAR","") | C25: Video Game | D25: =CONCATENATE('Ingest Template'!E25&Char(10)&'Ingest Template'!G25&Char(10)&'Ingest Template'!H25&Char(10)&'Ingest Template'!I25&Char(10)&'Ingest Template'!J25&Char(10)&'Ingest Template'!K25&Char(10)&'Ingest Template'!L25) | E25: =('Ingest Template'!M25) | F25: {=INDEX(DropDown!$J$2:$J$63,MATCH(1,COUNTIF(E25,DropDown!$I$2:$I$63),0))} -> #N/A | J25: ='Ingest Template'!B25 | K25: =IF('Ingest Template'!A25="Standard",'Ingest Template'!N25,"Competitive View") -> Competitive View | L25: t | M25: ='Ingest Template'!D25 | R25: =CONCATENATE('Ingest Template'!F25) | S25: f | T25: ='Ingest Template'!W25 | V25: =LOWER(SUBSTITUTE(SUBSTITUTE(SUBSTITUTE(SUBSTITUTE(SUBSTITUTE('Ingest Template'!Y25,"https:",""),"www.",""),"/",""),"?hl=en",""),"instagram.com","")) | W25: =(IFERROR(vlookup('Ingest Template'!F25,DropDown!D:E,2,false)&'Ingest Template'!C25,"")) | X25: ='Ingest Template'!AA25 | AB25: ='Ingest Template'!T25 | AD25: ='Ingest Template'!U25 | AE25: ='Ingest Template'!V25 | AG25: {=IF('Ingest Template'!A25="Standard",(CONCATENATE(IF(ISBLANK('Ingest Template'!O25),"", 'Ingest Template'!O25&"|DAR"),CHAR(10), IF(ISBLANK('Ingest Template'!P25),"", 'Ingest Template'!P25&"|DAR"),CHAR(10), IF(ISBLANK('Ingest Template'!Q25),"", 'Ingest Template'!Q25&"|DAR"))),(CONCATENATE(IF(ISBLANK('Ingest Template'!O25),"", 'Ingest Template'!O25&"|Operations - Core Title"),CHAR(10), IF(ISBLANK('Ingest Template'!P25),"", 'Ingest Template'!P25&"|Operations - Core Title"),CHAR(10), IF(ISBLANK('Ingest Template'!Q25),"", 'Ingest Template'!Q25&"|Operations - Core Title"))))} -> #|Operations - Core Title #videoGame|Operations - Core Title | AJ25: =if('Ingest Template'!A25="Standard",'Ingest Template'!R25& "|DAR|DAR|2021-01-01",'Ingest Template'!R25& "|Operations - Core Title|Operations - Core Title") -> #N/A | AL25: =if('Ingest Template'!A25="Standard",'Ingest Template'!S25& "|2021-01-01",'Ingest Template'!S25) -> #N/A
B26: ='Ingest Template'!C26&IF('Ingest Template'!A26 = "Standard", " - DAR","") | C26: Video Game | D26: =CONCATENATE('Ingest Template'!E26&Char(10)&'Ingest Template'!G26&Char(10)&'Ingest Template'!H26&Char(10)&'Ingest Template'!I26&Char(10)&'Ingest Template'!J26&Char(10)&'Ingest Template'!K26&Char(10)&'Ingest Template'!L26) | E26: =('Ingest Template'!M26) | F26: {=INDEX(DropDown!$J$2:$J$63,MATCH(1,COUNTIF(E26,DropDown!$I$2:$I$63),0))} -> #N/A | J26: ='Ingest Template'!B26 | K26: =IF('Ingest Template'!A26="Standard",'Ingest Template'!N26,"Competitive View") -> Competitive View | L26: t | M26: ='Ingest Template'!D26 | R26: =CONCATENATE('Ingest Template'!F26) | S26: f | T26: ='Ingest Template'!W26 | V26: =LOWER(SUBSTITUTE(SUBSTITUTE(SUBSTITUTE(SUBSTITUTE(SUBSTITUTE('Ingest Template'!Y26,"https:",""),"www.",""),"/",""),"?hl=en",""),"instagram.com","")) | W26: =(IFERROR(vlookup('Ingest Template'!F26,DropDown!D:E,2,false)&'Ingest Template'!C26,"")) | X26: ='Ingest Template'!AA26 | AB26: ='Ingest Template'!T26 | AD26: ='Ingest Template'!U26 | AE26: ='Ingest Template'!V26 | AG26: {=IF('Ingest Template'!A26="Standard",(CONCATENATE(IF(ISBLANK('Ingest Template'!O26),"", 'Ingest Template'!O26&"|DAR"),CHAR(10), IF(ISBLANK('Ingest Template'!P26),"", 'Ingest Template'!P26&"|DAR"),CHAR(10), IF(ISBLANK('Ingest Template'!Q26),"", 'Ingest Template'!Q26&"|DAR"))),(CONCATENATE(IF(ISBLANK('Ingest Template'!O26),"", 'Ingest Template'!O26&"|Operations - Core Title"),CHAR(10), IF(ISBLANK('Ingest Template'!P26),"", 'Ingest Template'!P26&"|Operations - Core Title"),CHAR(10), IF(ISBLANK('Ingest Template'!Q26),"", 'Ingest Template'!Q26&"|Operations - Core Title"))))} -> #|Operations - Core Title #videoGame|Operations - Core Title | AJ26: =if('Ingest Template'!A26="Standard",'Ingest Template'!R26& "|DAR|DAR|2021-01-01",'Ingest Template'!R26& "|Operations - Core Title|Operations - Core Title") -> #N/A | AL26: =if('Ingest Template'!A26="Standard",'Ingest Template'!S26& "|2021-01-01",'Ingest Template'!S26) -> #N/A
B27: ='Ingest Template'!C27&IF('Ingest Template'!A27 = "Standard", " - DAR","") | C27: Video Game | D27: =CONCATENATE('Ingest Template'!E27&Char(10)&'Ingest Template'!G27&Char(10)&'Ingest Template'!H27&Char(10)&'Ingest Template'!I27&Char(10)&'Ingest Template'!J27&Char(10)&'Ingest Template'!K27&Char(10)&'Ingest Template'!L27) | E27: =('Ingest Template'!M27) | F27: {=INDEX(DropDown!$J$2:$J$63,MATCH(1,COUNTIF(E27,DropDown!$I$2:$I$63),0))} -> #N/A | J27: ='Ingest Template'!B27 | K27: =IF('Ingest Template'!A27="Standard",'Ingest Template'!N27,"Competitive View") -> Competitive View | L27: t | M27: ='Ingest Template'!D27 | R27: =CONCATENATE('Ingest Template'!F27) | S27: f | T27: ='Ingest Template'!W27 | V27: =LOWER(SUBSTITUTE(SUBSTITUTE(SUBSTITUTE(SUBSTITUTE(SUBSTITUTE('Ingest Template'!Y27,"https:",""),"www.",""),"/",""),"?hl=en",""),"instagram.com","")) | W27: =(IFERROR(vlookup('Ingest Template'!F27,DropDown!D:E,2,false)&'Ingest Template'!C27,"")) | X27: ='Ingest Template'!AA27 | AB27: ='Ingest Template'!T27 | AD27: ='Ingest Template'!U27 | AE27: ='Ingest Template'!V27 | AG27: {=IF('Ingest Template'!A27="Standard",(CONCATENATE(IF(ISBLANK('Ingest Template'!O27),"", 'Ingest Template'!O27&"|DAR"),CHAR(10), IF(ISBLANK('Ingest Template'!P27),"", 'Ingest Template'!P27&"|DAR"),CHAR(10), IF(ISBLANK('Ingest Template'!Q27),"", 'Ingest Template'!Q27&"|DAR"))),(CONCATENATE(IF(ISBLANK('Ingest Template'!O27),"", 'Ingest Template'!O27&"|Operations - Core Title"),CHAR(10), IF(ISBLANK('Ingest Template'!P27),"", 'Ingest Template'!P27&"|Operations - Core Title"),CHAR(10), IF(ISBLANK('Ingest Template'!Q27),"", 'Ingest Template'!Q27&"|Operations - Core Title"))))} -> #|Operations - Core Title #videoGame|Operations - Core Title | AJ27: =if('Ingest Template'!A27="Standard",'Ingest Template'!R27& "|DAR|DAR|2021-01-01",'Ingest Template'!R27& "|Operations - Core Title|Operations - Core Title") -> #N/A | AL27: =if('Ingest Template'!A27="Standard",'Ingest Template'!S27& "|2021-01-01",'Ingest Template'!S27) -> #N/A
... B125: ='Ingest Template'!C125&IF('Ingest Template'!A125 = "Standard", " - DAR","") | C125: Video Game | D125: =CONCATENATE('Ingest Template'!E125&Char(10)&'Ingest Template'!G125&Char(10)&'Ingest Template'!H125&Char(10)&'Ingest Template'!I125&Char(10)&'Ingest Template'!J125&Char(10)&'Ingest Template'!K125&Char(10)&'Ingest Template'!L125) | E125: =('Ingest Template'!M125) | F125: {=INDEX(DropDown!$J$2:$J$63,MATCH(1,COUNTIF(E125,DropDown!$I$2:$I$63),0))} -> #N/A | J125: ='Ingest Template'!B125 | K125: =IF('Ingest Template'!A125="Standard",'Ingest Template'!N125,"Competitive View") -> Competitive View | L125: t | M125: ='Ingest Template'!D125 | R125: =CONCATENATE('Ingest Template'!F125) | S125: f | T125: ='Ingest Template'!W125 | V125: =LOWER(SUBSTITUTE(SUBSTITUTE(SUBSTITUTE(SUBSTITUTE(SUBSTITUTE('Ingest Template'!Y125,"https:",""),"www.",""),"/",""),"?hl=en",""),"instagram.com","")) | W125: =(IFERROR(vlookup('Ingest Template'!F125,DropDown!D:E,2,false)&'Ingest Template'!C125,"")) | X125: ='Ingest Template'!AA125 | AB125: ='Ingest Template'!T125 | AD125: ='Ingest Template'!U125 | AE125: ='Ingest Template'!V125 | AG125: {=IF('Ingest Template'!A125="Standard",(CONCATENATE(IF(ISBLANK('Ingest Template'!O125),"", 'Ingest Template'!O125&"|DAR"),CHAR(10), IF(ISBLANK('Ingest Template'!P125),"", 'Ingest Template'!P125&"|DAR"),CHAR(10), IF(ISBLANK('Ingest Template'!Q125),"", 'Ingest Template'!Q125&"|DAR"))),(CONCATENATE(IF(ISBLANK('Ingest Template'!O125),"", 'Ingest Template'!O125&"|Operations - Core Title"),CHAR(10), IF(ISBLANK('Ingest Template'!P125),"", 'Ingest Template'!P125&"|Operations - Core Title"),CHAR(10), IF(ISBLANK('Ingest Template'!Q125),"", 'Ingest Template'!Q125&"|Operations - Core Title"))))} -> #|Operations - Core Title #videoGame|Operations - Core Title | AJ125: =if('Ingest Template'!A125="Standard",'Ingest Template'!R125& "|DAR|DAR|2021-01-01",'Ingest Template'!R125& "|Operations - Core Title|Operations - Core Title") -> #N/A | AL125: =if('Ingest Template'!A125="Standard",'Ingest Template'!S125& "|2021-01-01",'Ingest Template'!S125) -> #N/A
B126: ='Ingest Template'!C125&IF('Ingest Template'!A125 = "Standard", " - DAR","") | C126: Video Game | D126: =CONCATENATE('Ingest Template'!E126&Char(10)&'Ingest Template'!G126&Char(10)&'Ingest Template'!H126&Char(10)&'Ingest Template'!I126&Char(10)&'Ingest Template'!J126&Char(10)&'Ingest Template'!K126&Char(10)&'Ingest Template'!L126) | E126: =('Ingest Template'!M126) | F126: {=INDEX(DropDown!$J$2:$J$63,MATCH(1,COUNTIF(E126,DropDown!$I$2:$I$63),0))} -> #N/A | J126: ='Ingest Template'!B126 | K126: =IF('Ingest Template'!A125="Standard",'Ingest Template'!N125,"Competitive View") -> Competitive View | L126: t | M126: ='Ingest Template'!D125 | R126: =CONCATENATE('Ingest Template'!F125) | S126: f | T126: ='Ingest Template'!W125 | V126: =LOWER(SUBSTITUTE(SUBSTITUTE(SUBSTITUTE(SUBSTITUTE(SUBSTITUTE('Ingest Template'!Y125,"https:",""),"www.",""),"/",""),"?hl=en",""),"instagram.com","")) | W126: =(IFERROR(vlookup('Ingest Template'!F126,DropDown!D:E,2,false)&'Ingest Template'!C126,"")) | X126: ='Ingest Template'!AA125 | AB126: ='Ingest Template'!T125 | AD126: ='Ingest Template'!U125 | AE126: ='Ingest Template'!V125 | AG126: {=IF('Ingest Template'!A125="Standard",(CONCATENATE(IF(ISBLANK('Ingest Template'!O125),"", 'Ingest Template'!O125&"|DAR"),CHAR(10), IF(ISBLANK('Ingest Template'!P125),"", 'Ingest Template'!P125&"|DAR"),CHAR(10), IF(ISBLANK('Ingest Template'!Q125),"", 'Ingest Template'!Q125&"|DAR"))),(CONCATENATE(IF(ISBLANK('Ingest Template'!O125),"", 'Ingest Template'!O125&"|Operations - Core Title"),CHAR(10), IF(ISBLANK('Ingest Template'!P125),"", 'Ingest Template'!P125&"|Operations - Core Title"),CHAR(10), IF(ISBLANK('Ingest Template'!Q125),"", 'Ingest Template'!Q125&"|Operations - Core Title"))))} -> #|Operations - Core Title #videoGame|Operations - Core Title | AJ126: =if('Ingest Template'!A125="Standard",'Ingest Template'!R125& "|DAR|DAR|2021-01-01",'Ingest Template'!R125& "|Operations - Core Title|Operations - Core Title") -> #N/A | AL126: =if('Ingest Template'!A125="Standard",'Ingest Template'!S125& "|2021-01-01",'Ingest Template'!S125) -> #N/A
B127: ='Ingest Template'!C126&IF('Ingest Template'!A126 = "Standard", " - DAR","") | C127: Video Game | D127: =CONCATENATE('Ingest Template'!E127&Char(10)&'Ingest Template'!G127&Char(10)&'Ingest Template'!H127&Char(10)&'Ingest Template'!I127&Char(10)&'Ingest Template'!J127&Char(10)&'Ingest Template'!K127&Char(10)&'Ingest Template'!L127) | E127: =('Ingest Template'!M127) | F127: {=INDEX(DropDown!$J$2:$J$63,MATCH(1,COUNTIF(E127,DropDown!$I$2:$I$63),0))} -> #N/A | J127: ='Ingest Template'!B127 | K127: =IF('Ingest Template'!A126="Standard",'Ingest Template'!N126,"Competitive View") -> Competitive View | L127: t | M127: ='Ingest Template'!D126 | R127: =CONCATENATE('Ingest Template'!F126) | S127: f | T127: ='Ingest Template'!W126 | V127: =LOWER(SUBSTITUTE(SUBSTITUTE(SUBSTITUTE(SUBSTITUTE(SUBSTITUTE('Ingest Template'!Y126,"https:",""),"www.",""),"/",""),"?hl=en",""),"instagram.com","")) | W127: =(IFERROR(vlookup('Ingest Template'!F127,DropDown!D:E,2,false)&'Ingest Template'!C127,"")) | X127: ='Ingest Template'!AA126 | AB127: ='Ingest Template'!T126 | AD127: ='Ingest Template'!U126 | AE127: ='Ingest Template'!V126 | AG127: {=IF('Ingest Template'!A126="Standard",(CONCATENATE(IF(ISBLANK('Ingest Template'!O126),"", 'Ingest Template'!O126&"|DAR"),CHAR(10), IF(ISBLANK('Ingest Template'!P126),"", 'Ingest Template'!P126&"|DAR"),CHAR(10), IF(ISBLANK('Ingest Template'!Q126),"", 'Ingest Template'!Q126&"|DAR"))),(CONCATENATE(IF(ISBLANK('Ingest Template'!O126),"", 'Ingest Template'!O126&"|Operations - Core Title"),CHAR(10), IF(ISBLANK('Ingest Template'!P126),"", 'Ingest Template'!P126&"|Operations - Core Title"),CHAR(10), IF(ISBLANK('Ingest Template'!Q126),"", 'Ingest Template'!Q126&"|Operations - Core Title"))))} -> #|Operations - Core Title #videoGame|Operations - Core Title | AJ127: =if('Ingest Template'!A126="Standard",'Ingest Template'!R126& "|DAR|DAR|2021-01-01",'Ingest Template'!R126& "|Operations - Core Title|Operations - Core Title") -> #N/A | AL127: =if('Ingest Template'!A126="Standard",'Ingest Template'!S126& "|2021-01-01",'Ingest Template'!S126) -> #N/A
B128: ='Ingest Template'!C127&IF('Ingest Template'!A127 = "Standard", " - DAR","") | C128: Video Game | D128: =CONCATENATE('Ingest Template'!E128&Char(10)&'Ingest Template'!G128&Char(10)&'Ingest Template'!H128&Char(10)&'Ingest Template'!I128&Char(10)&'Ingest Template'!J128&Char(10)&'Ingest Template'!K128&Char(10)&'Ingest Template'!L128) | E128: =('Ingest Template'!M128) | F128: {=INDEX(DropDown!$J$2:$J$63,MATCH(1,COUNTIF(E128,DropDown!$I$2:$I$63),0))} -> #N/A | J128: ='Ingest Template'!B128 | K128: =IF('Ingest Template'!A127="Standard",'Ingest Template'!N127,"Competitive View") -> Competitive View | L128: t | M128: ='Ingest Template'!D127 | R128: =CONCATENATE('Ingest Template'!F127) | S128: f | T128: ='Ingest Template'!W127 | V128: =LOWER(SUBSTITUTE(SUBSTITUTE(SUBSTITUTE(SUBSTITUTE(SUBSTITUTE('Ingest Template'!Y127,"https:",""),"www.",""),"/",""),"?hl=en",""),"instagram.com","")) | W128: =(IFERROR(vlookup('Ingest Template'!F128,DropDown!D:E,2,false)&'Ingest Template'!C128,"")) | X128: ='Ingest Template'!AA127 | AB128: ='Ingest Template'!T127 | AD128: ='Ingest Template'!U127 | AE128: ='Ingest Template'!V127 | AG128: {=IF('Ingest Template'!A127="Standard",(CONCATENATE(IF(ISBLANK('Ingest Template'!O127),"", 'Ingest Template'!O127&"|DAR"),CHAR(10), IF(ISBLANK('Ingest Template'!P127),"", 'Ingest Template'!P127&"|DAR"),CHAR(10), IF(ISBLANK('Ingest Template'!Q127),"", 'Ingest Template'!Q127&"|DAR"))),(CONCATENATE(IF(ISBLANK('Ingest Template'!O127),"", 'Ingest Template'!O127&"|Operations - Core Title"),CHAR(10), IF(ISBLANK('Ingest Template'!P127),"", 'Ingest Template'!P127&"|Operations - Core Title"),CHAR(10), IF(ISBLANK('Ingest Template'!Q127),"", 'Ingest Template'!Q127&"|Operations - Core Title"))))} -> #|Operations - Core Title #videoGame|Operations - Core Title | AJ128: =if('Ingest Template'!A127="Standard",'Ingest Template'!R127& "|DAR|DAR|2021-01-01",'Ingest Template'!R127& "|Operations - Core Title|Operations - Core Title") -> #N/A | AL128: =if('Ingest Template'!A127="Standard",'Ingest Template'!S127& "|2021-01-01",'Ingest Template'!S127) -> #N/A
B129: ='Ingest Template'!C128&IF('Ingest Template'!A128 = "Standard", " - DAR","") | C129: Video Game | D129: =CONCATENATE('Ingest Template'!E129&Char(10)&'Ingest Template'!G129&Char(10)&'Ingest Template'!H129&Char(10)&'Ingest Template'!I129&Char(10)&'Ingest Template'!J129&Char(10)&'Ingest Template'!K129&Char(10)&'Ingest Template'!L129) | E129: =('Ingest Template'!M129) | F129: {=INDEX(DropDown!$J$2:$J$63,MATCH(1,COUNTIF(E129,DropDown!$I$2:$I$63),0))} -> #N/A | J129: ='Ingest Template'!B129 | K129: =IF('Ingest Template'!A128="Standard",'Ingest Template'!N128,"Competitive View") -> Competitive View | L129: t | M129: ='Ingest Template'!D128 | R129: =CONCATENATE('Ingest Template'!F128) | S129: f | T129: ='Ingest Template'!W128 | V129: =LOWER(SUBSTITUTE(SUBSTITUTE(SUBSTITUTE(SUBSTITUTE(SUBSTITUTE('Ingest Template'!Y128,"https:",""),"www.",""),"/",""),"?hl=en",""),"instagram.com","")) | W129: =(IFERROR(vlookup('Ingest Template'!F129,DropDown!D:E,2,false)&'Ingest Template'!C129,"")) | X129: ='Ingest Template'!AA128 | AB129: ='Ingest Template'!T128 | AD129: ='Ingest Template'!U128 | AE129: ='Ingest Template'!V128 | AG129: {=IF('Ingest Template'!A128="Standard",(CONCATENATE(IF(ISBLANK('Ingest Template'!O128),"", 'Ingest Template'!O128&"|DAR"),CHAR(10), IF(ISBLANK('Ingest Template'!P128),"", 'Ingest Template'!P128&"|DAR"),CHAR(10), IF(ISBLANK('Ingest Template'!Q128),"", 'Ingest Template'!Q128&"|DAR"))),(CONCATENATE(IF(ISBLANK('Ingest Template'!O128),"", 'Ingest Template'!O128&"|Operations - Core Title"),CHAR(10), IF(ISBLANK('Ingest Template'!P128),"", 'Ingest Template'!P128&"|Operations - Core Title"),CHAR(10), IF(ISBLANK('Ingest Template'!Q128),"", 'Ingest Template'!Q128&"|Operations - Core Title"))))} -> #|Operations - Core Title #videoGame|Operations - Core Title | AJ129: =if('Ingest Template'!A128="Standard",'Ingest Template'!R128& "|DAR|DAR|2021-01-01",'Ingest Template'!R128& "|Operations - Core Title|Operations - Core Title") -> #N/A | AL129: =if('Ingest Template'!A128="Standard",'Ingest Template'!S128& "|2021-01-01",'Ingest Template'!S128) -> #N/A
B130: ='Ingest Template'!C129&IF('Ingest Template'!A129 = "Standard", " - DAR","") | C130: Video Game | D130: =CONCATENATE('Ingest Template'!E130&Char(10)&'Ingest Template'!G130&Char(10)&'Ingest Template'!H130&Char(10)&'Ingest Template'!I130&Char(10)&'Ingest Template'!J130&Char(10)&'Ingest Template'!K130&Char(10)&'Ingest Template'!L130) | E130: =('Ingest Template'!M130) | F130: {=INDEX(DropDown!$J$2:$J$63,MATCH(1,COUNTIF(E130,DropDown!$I$2:$I$63),0))} -> #N/A | J130: ='Ingest Template'!B130 | K130: =IF('Ingest Template'!A129="Standard",'Ingest Template'!N129,"Competitive View") -> Competitive View | L130: t | M130: ='Ingest Template'!D129 | R130: =CONCATENATE('Ingest Template'!F129) | S130: f | T130: ='Ingest Template'!W129 | V130: =LOWER(SUBSTITUTE(SUBSTITUTE(SUBSTITUTE(SUBSTITUTE(SUBSTITUTE('Ingest Template'!Y129,"https:",""),"www.",""),"/",""),"?hl=en",""),"instagram.com","")) | W130: =(IFERROR(vlookup('Ingest Template'!F130,DropDown!D:E,2,false)&'Ingest Template'!C130,"")) | X130: ='Ingest Template'!AA129 | AB130: ='Ingest Template'!T129 | AD130: ='Ingest Template'!U129 | AE130: ='Ingest Template'!V129 | AG130: {=IF('Ingest Template'!A129="Standard",(CONCATENATE(IF(ISBLANK('Ingest Template'!O129),"", 'Ingest Template'!O129&"|DAR"),CHAR(10), IF(ISBLANK('Ingest Template'!P129),"", 'Ingest Template'!P129&"|DAR"),CHAR(10), IF(ISBLANK('Ingest Template'!Q129),"", 'Ingest Template'!Q129&"|DAR"))),(CONCATENATE(IF(ISBLANK('Ingest Template'!O129),"", 'Ingest Template'!O129&"|Operations - Core Title"),CHAR(10), IF(ISBLANK('Ingest Template'!P129),"", 'Ingest Template'!P129&"|Operations - Core Title"),CHAR(10), IF(ISBLANK('Ingest Template'!Q129),"", 'Ingest Template'!Q129&"|Operations - Core Title"))))} -> #|Operations - Core Title #videoGame|Operations - Core Title | AJ130: =if('Ingest Template'!A129="Standard",'Ingest Template'!R129& "|DAR|DAR|2021-01-01",'Ingest Template'!R129& "|Operations - Core Title|Operations - Core Title") -> #N/A | AL130: =if('Ingest Template'!A129="Standard",'Ingest Template'!S129& "|2021-01-01",'Ingest Template'!S129) -> #N/A
B131: ='Ingest Template'!C130&IF('Ingest Template'!A130 = "Standard", " - DAR","") | C131: Video Game | D131: =CONCATENATE('Ingest Template'!E131&Char(10)&'Ingest Template'!G131&Char(10)&'Ingest Template'!H131&Char(10)&'Ingest Template'!I131&Char(10)&'Ingest Template'!J131&Char(10)&'Ingest Template'!K131&Char(10)&'Ingest Template'!L131) | E131: =('Ingest Template'!M131) | F131: {=INDEX(DropDown!$J$2:$J$63,MATCH(1,COUNTIF(E131,DropDown!$I$2:$I$63),0))} -> #N/A | J131: ='Ingest Template'!B131 | K131: =IF('Ingest Template'!A130="Standard",'Ingest Template'!N130,"Competitive View") -> Competitive View | L131: t | M131: ='Ingest Template'!D130 | R131: =CONCATENATE('Ingest Template'!F130) | S131: f | T131: ='Ingest Template'!W130 | V131: =LOWER(SUBSTITUTE(SUBSTITUTE(SUBSTITUTE(SUBSTITUTE(SUBSTITUTE('Ingest Template'!Y130,"https:",""),"www.",""),"/",""),"?hl=en",""),"instagram.com","")) | W131: =(IFERROR(vlookup('Ingest Template'!F131,DropDown!D:E,2,false)&'Ingest Template'!C131,"")) | X131: ='Ingest Template'!AA130 | AB131: ='Ingest Template'!T130 | AD131: ='Ingest Template'!U130 | AE131: ='Ingest Template'!V130 | AG131: {=IF('Ingest Template'!A130="Standard",(CONCATENATE(IF(ISBLANK('Ingest Template'!O130),"", 'Ingest Template'!O130&"|DAR"),CHAR(10), IF(ISBLANK('Ingest Template'!P130),"", 'Ingest Template'!P130&"|DAR"),CHAR(10), IF(ISBLANK('Ingest Template'!Q130),"", 'Ingest Template'!Q130&"|DAR"))),(CONCATENATE(IF(ISBLANK('Ingest Template'!O130),"", 'Ingest Template'!O130&"|Operations - Core Title"),CHAR(10), IF(ISBLANK('Ingest Template'!P130),"", 'Ingest Template'!P130&"|Operations - Core Title"),CHAR(10), IF(ISBLANK('Ingest Template'!Q130),"", 'Ingest Template'!Q130&"|Operations - Core Title"))))} -> #|Operations - Core Title #videoGame|Operations - Core Title | AJ131: =if('Ingest Template'!A130="Standard",'Ingest Template'!R130& "|DAR|DAR|2021-01-01",'Ingest Template'!R130& "|Operations - Core Title|Operations - Core Title") -> #N/A | AL131: =if('Ingest Template'!A130="Standard",'Ingest Template'!S130& "|2021-01-01",'Ingest Template'!S130) -> #N/A
B132: ='Ingest Template'!C131&IF('Ingest Template'!A131 = "Standard", " - DAR","") | C132: Video Game | D132: =CONCATENATE('Ingest Template'!E132&Char(10)&'Ingest Template'!G132&Char(10)&'Ingest Template'!H132&Char(10)&'Ingest Template'!I132&Char(10)&'Ingest Template'!J132&Char(10)&'Ingest Template'!K132&Char(10)&'Ingest Template'!L132) | E132: =('Ingest Template'!M132) | F132: {=INDEX(DropDown!$J$2:$J$63,MATCH(1,COUNTIF(E132,DropDown!$I$2:$I$63),0))} -> #N/A | J132: ='Ingest Template'!B132 | K132: =IF('Ingest Template'!A131="Standard",'Ingest Template'!N131,"Competitive View") -> Competitive View | L132: t | M132: ='Ingest Template'!D131 | R132: =CONCATENATE('Ingest Template'!F131) | S132: f | T132: ='Ingest Template'!W131 | V132: =LOWER(SUBSTITUTE(SUBSTITUTE(SUBSTITUTE(SUBSTITUTE(SUBSTITUTE('Ingest Template'!Y131,"https:",""),"www.",""),"/",""),"?hl=en",""),"instagram.com","")) | W132: =(IFERROR(vlookup('Ingest Template'!F132,DropDown!D:E,2,false)&'Ingest Template'!C132,"")) | X132: ='Ingest Template'!AA131 | AB132: ='Ingest Template'!T131 | AD132: ='Ingest Template'!U131 | AE132: ='Ingest Template'!V131 | AG132: {=IF('Ingest Template'!A131="Standard",(CONCATENATE(IF(ISBLANK('Ingest Template'!O131),"", 'Ingest Template'!O131&"|DAR"),CHAR(10), IF(ISBLANK('Ingest Template'!P131),"", 'Ingest Template'!P131&"|DAR"),CHAR(10), IF(ISBLANK('Ingest Template'!Q131),"", 'Ingest Template'!Q131&"|DAR"))),(CONCATENATE(IF(ISBLANK('Ingest Template'!O131),"", 'Ingest Template'!O131&"|Operations - Core Title"),CHAR(10), IF(ISBLANK('Ingest Template'!P131),"", 'Ingest Template'!P131&"|Operations - Core Title"),CHAR(10), IF(ISBLANK('Ingest Template'!Q131),"", 'Ingest Template'!Q131&"|Operations - Core Title"))))} -> #|Operations - Core Title #videoGame|Operations - Core Title | AJ132: =if('Ingest Template'!A131="Standard",'Ingest Template'!R131& "|DAR|DAR|2021-01-01",'Ingest Template'!R131& "|Operations - Core Title|Operations - Core Title") -> #N/A | AL132: =if('Ingest Template'!A131="Standard",'Ingest Template'!S131& "|2021-01-01",'Ingest Template'!S131) -> #N/A
B133: ='Ingest Template'!C132&IF('Ingest Template'!A132 = "Standard", " - DAR","") | C133: Video Game | D133: =CONCATENATE('Ingest Template'!E133&Char(10)&'Ingest Template'!G133&Char(10)&'Ingest Template'!H133&Char(10)&'Ingest Template'!I133&Char(10)&'Ingest Template'!J133&Char(10)&'Ingest Template'!K133&Char(10)&'Ingest Template'!L133) | E133: =('Ingest Template'!M133) | F133: {=INDEX(DropDown!$J$2:$J$63,MATCH(1,COUNTIF(E133,DropDown!$I$2:$I$63),0))} -> #N/A | J133: ='Ingest Template'!B133 | K133: =IF('Ingest Template'!A132="Standard",'Ingest Template'!N132,"Competitive View") -> Competitive View | L133: t | M133: ='Ingest Template'!D132 | R133: =CONCATENATE('Ingest Template'!F132) | S133: f | T133: ='Ingest Template'!W132 | V133: =LOWER(SUBSTITUTE(SUBSTITUTE(SUBSTITUTE(SUBSTITUTE(SUBSTITUTE('Ingest Template'!Y132,"https:",""),"www.",""),"/",""),"?hl=en",""),"instagram.com","")) | W133: =(IFERROR(vlookup('Ingest Template'!F133,DropDown!D:E,2,false)&'Ingest Template'!C133,"")) | X133: ='Ingest Template'!AA132 | AB133: ='Ingest Template'!T132 | AD133: ='Ingest Template'!U132 | AE133: ='Ingest Template'!V132 | AG133: {=IF('Ingest Template'!A132="Standard",(CONCATENATE(IF(ISBLANK('Ingest Template'!O132),"", 'Ingest Template'!O132&"|DAR"),CHAR(10), IF(ISBLANK('Ingest Template'!P132),"", 'Ingest Template'!P132&"|DAR"),CHAR(10), IF(ISBLANK('Ingest Template'!Q132),"", 'Ingest Template'!Q132&"|DAR"))),(CONCATENATE(IF(ISBLANK('Ingest Template'!O132),"", 'Ingest Template'!O132&"|Operations - Core Title"),CHAR(10), IF(ISBLANK('Ingest Template'!P132),"", 'Ingest Template'!P132&"|Operations - Core Title"),CHAR(10), IF(ISBLANK('Ingest Template'!Q132),"", 'Ingest Template'!Q132&"|Operations - Core Title"))))} -> #|Operations - Core Title #videoGame|Operations - Core Title | AJ133: =if('Ingest Template'!A132="Standard",'Ingest Template'!R132& "|DAR|DAR|2021-01-01",'Ingest Template'!R132& "|Operations - Core Title|Operations - Core Title") -> #N/A | AL133: =if('Ingest Template'!A132="Standard",'Ingest Template'!S132& "|2021-01-01",'Ingest Template'!S132) -> #N/A
B134: ='Ingest Template'!C133&IF('Ingest Template'!A133 = "Standard", " - DAR","") | C134: Video Game | D134: =CONCATENATE('Ingest Template'!E134&Char(10)&'Ingest Template'!G134&Char(10)&'Ingest Template'!H134&Char(10)&'Ingest Template'!I134&Char(10)&'Ingest Template'!J134&Char(10)&'Ingest Template'!K134&Char(10)&'Ingest Template'!L134) | E134: =('Ingest Template'!M134) | F134: {=INDEX(DropDown!$J$2:$J$63,MATCH(1,COUNTIF(E134,DropDown!$I$2:$I$63),0))} -> #N/A | J134: ='Ingest Template'!B134 | K134: =IF('Ingest Template'!A133="Standard",'Ingest Template'!N133,"Competitive View") -> Competitive View | L134: t | M134: ='Ingest Template'!D133 | R134: =CONCATENATE('Ingest Template'!F133) | S134: f | T134: ='Ingest Template'!W133 | V134: =LOWER(SUBSTITUTE(SUBSTITUTE(SUBSTITUTE(SUBSTITUTE(SUBSTITUTE('Ingest Template'!Y133,"https:",""),"www.",""),"/",""),"?hl=en",""),"instagram.com","")) | W134: =(IFERROR(vlookup('Ingest Template'!F134,DropDown!D:E,2,false)&'Ingest Template'!C134,"")) | X134: ='Ingest Template'!AA133 | AB134: ='Ingest Template'!T133 | AD134: ='Ingest Template'!U133 | AE134: ='Ingest Template'!V133 | AG134: {=IF('Ingest Template'!A133="Standard",(CONCATENATE(IF(ISBLANK('Ingest Template'!O133),"", 'Ingest Template'!O133&"|DAR"),CHAR(10), IF(ISBLANK('Ingest Template'!P133),"", 'Ingest Template'!P133&"|DAR"),CHAR(10), IF(ISBLANK('Ingest Template'!Q133),"", 'Ingest Template'!Q133&"|DAR"))),(CONCATENATE(IF(ISBLANK('Ingest Template'!O133),"", 'Ingest Template'!O133&"|Operations - Core Title"),CHAR(10), IF(ISBLANK('Ingest Template'!P133),"", 'Ingest Template'!P133&"|Operations - Core Title"),CHAR(10), IF(ISBLANK('Ingest Template'!Q133),"", 'Ingest Template'!Q133&"|Operations - Core Title"))))} -> #|Operations - Core Title #videoGame|Operations - Core Title | AJ134: =if('Ingest Template'!A133="Standard",'Ingest Template'!R133& "|DAR|DAR|2021-01-01",'Ingest Template'!R133& "|Operations - Core Title|Operations - Core Title") -> #N/A | AL134: =if('Ingest Template'!A133="Standard",'Ingest Template'!S133& "|2021-01-01",'Ingest Template'!S133) -> #N/A
B135: ='Ingest Template'!C134&IF('Ingest Template'!A134 = "Standard", " - DAR","") | C135: Video Game | D135: =CONCATENATE('Ingest Template'!E135&Char(10)&'Ingest Template'!G135&Char(10)&'Ingest Template'!H135&Char(10)&'Ingest Template'!I135&Char(10)&'Ingest Template'!J135&Char(10)&'Ingest Template'!K135&Char(10)&'Ingest Template'!L135) | E135: =('Ingest Template'!M135) | F135: {=INDEX(DropDown!$J$2:$J$63,MATCH(1,COUNTIF(E135,DropDown!$I$2:$I$63),0))} -> #N/A | J135: ='Ingest Template'!B135 | K135: =IF('Ingest Template'!A134="Standard",'Ingest Template'!N134,"Competitive View") -> Competitive View | L135: t | M135: ='Ingest Template'!D134 | R135: =CONCATENATE('Ingest Template'!F134) | S135: f | T135: ='Ingest Template'!W134 | V135: =LOWER(SUBSTITUTE(SUBSTITUTE(SUBSTITUTE(SUBSTITUTE(SUBSTITUTE('Ingest Template'!Y134,"https:",""),"www.",""),"/",""),"?hl=en",""),"instagram.com","")) | W135: =(IFERROR(vlookup('Ingest Template'!F135,DropDown!D:E,2,false)&'Ingest Template'!C135,"")) | X135: ='Ingest Template'!AA134 | AB135: ='Ingest Template'!T134 | AD135: ='Ingest Template'!U134 | AE135: ='Ingest Template'!V134 | AG135: {=IF('Ingest Template'!A134="Standard",(CONCATENATE(IF(ISBLANK('Ingest Template'!O134),"", 'Ingest Template'!O134&"|DAR"),CHAR(10), IF(ISBLANK('Ingest Template'!P134),"", 'Ingest Template'!P134&"|DAR"),CHAR(10), IF(ISBLANK('Ingest Template'!Q134),"", 'Ingest Template'!Q134&"|DAR"))),(CONCATENATE(IF(ISBLANK('Ingest Template'!O134),"", 'Ingest Template'!O134&"|Operations - Core Title"),CHAR(10), IF(ISBLANK('Ingest Template'!P134),"", 'Ingest Template'!P134&"|Operations - Core Title"),CHAR(10), IF(ISBLANK('Ingest Template'!Q134),"", 'Ingest Template'!Q134&"|Operations - Core Title"))))} -> #|Operations - Core Title #videoGame|Operations - Core Title | AJ135: =if('Ingest Template'!A134="Standard",'Ingest Template'!R134& "|DAR|DAR|2021-01-01",'Ingest Template'!R134& "|Operations - Core Title|Operations - Core Title") -> #N/A | AL135: =if('Ingest Template'!A134="Standard",'Ingest Template'!S134& "|2021-01-01",'Ingest Template'!S134) -> #N/A
B136: ='Ingest Template'!C135&IF('Ingest Template'!A135 = "Standard", " - DAR","") | C136: Video Game | D136: =CONCATENATE('Ingest Template'!E136&Char(10)&'Ingest Template'!G136&Char(10)&'Ingest Template'!H136&Char(10)&'Ingest Template'!I136&Char(10)&'Ingest Template'!J136&Char(10)&'Ingest Template'!K136&Char(10)&'Ingest Template'!L136) | E136: =('Ingest Template'!M136) | F136: {=INDEX(DropDown!$J$2:$J$63,MATCH(1,COUNTIF(E136,DropDown!$I$2:$I$63),0))} -> #N/A | J136: ='Ingest Template'!B136 | K136: =IF('Ingest Template'!A135="Standard",'Ingest Template'!N135,"Competitive View") -> Competitive View | L136: t | M136: ='Ingest Template'!D135 | R136: =CONCATENATE('Ingest Template'!F135) | S136: f | T136: ='Ingest Template'!W135 | V136: =LOWER(SUBSTITUTE(SUBSTITUTE(SUBSTITUTE(SUBSTITUTE(SUBSTITUTE('Ingest Template'!Y135,"https:",""),"www.",""),"/",""),"?hl=en",""),"instagram.com","")) | W136: =(IFERROR(vlookup('Ingest Template'!F136,DropDown!D:E,2,false)&'Ingest Template'!C136,"")) | X136: ='Ingest Template'!AA135 | AB136: ='Ingest Template'!T135 | AD136: ='Ingest Template'!U135 | AE136: ='Ingest Template'!V135 | AG136: {=IF('Ingest Template'!A135="Standard",(CONCATENATE(IF(ISBLANK('Ingest Template'!O135),"", 'Ingest Template'!O135&"|DAR"),CHAR(10), IF(ISBLANK('Ingest Template'!P135),"", 'Ingest Template'!P135&"|DAR"),CHAR(10), IF(ISBLANK('Ingest Template'!Q135),"", 'Ingest Template'!Q135&"|DAR"))),(CONCATENATE(IF(ISBLANK('Ingest Template'!O135),"", 'Ingest Template'!O135&"|Operations - Core Title"),CHAR(10), IF(ISBLANK('Ingest Template'!P135),"", 'Ingest Template'!P135&"|Operations - Core Title"),CHAR(10), IF(ISBLANK('Ingest Template'!Q135),"", 'Ingest Template'!Q135&"|Operations - Core Title"))))} -> #|Operations - Core Title #videoGame|Operations - Core Title | AJ136: =if('Ingest Template'!A135="Standard",'Ingest Template'!R135& "|DAR|DAR|2021-01-01",'Ingest Template'!R135& "|Operations - Core Title|Operations - Core Title") -> #N/A | AL136: =if('Ingest Template'!A135="Standard",'Ingest Template'!S135& "|2021-01-01",'Ingest Template'!S135) -> #N/A
B137: ='Ingest Template'!C136&IF('Ingest Template'!A136 = "Standard", " - DAR","") | C137: Video Game | D137: =CONCATENATE('Ingest Template'!E137&Char(10)&'Ingest Template'!G137&Char(10)&'Ingest Template'!H137&Char(10)&'Ingest Template'!I137&Char(10)&'Ingest Template'!J137&Char(10)&'Ingest Template'!K137&Char(10)&'Ingest Template'!L137) | E137: =('Ingest Template'!M137) | F137: {=INDEX(DropDown!$J$2:$J$63,MATCH(1,COUNTIF(E137,DropDown!$I$2:$I$63),0))} -> #N/A | J137: ='Ingest Template'!B137 | K137: =IF('Ingest Template'!A136="Standard",'Ingest Template'!N136,"Competitive View") -> Competitive View | L137: t | M137: ='Ingest Template'!D136 | R137: =CONCATENATE('Ingest Template'!F136) | S137: f | T137: ='Ingest Template'!W136 | V137: =LOWER(SUBSTITUTE(SUBSTITUTE(SUBSTITUTE(SUBSTITUTE(SUBSTITUTE('Ingest Template'!Y136,"https:",""),"www.",""),"/",""),"?hl=en",""),"instagram.com","")) | W137: =(IFERROR(vlookup('Ingest Template'!F137,DropDown!D:E,2,false)&'Ingest Template'!C137,"")) | X137: ='Ingest Template'!AA136 | AB137: ='Ingest Template'!T136 | AD137: ='Ingest Template'!U136 | AE137: ='Ingest Template'!V136 | AG137: {=IF('Ingest Template'!A136="Standard",(CONCATENATE(IF(ISBLANK('Ingest Template'!O136),"", 'Ingest Template'!O136&"|DAR"),CHAR(10), IF(ISBLANK('Ingest Template'!P136),"", 'Ingest Template'!P136&"|DAR"),CHAR(10), IF(ISBLANK('Ingest Template'!Q136),"", 'Ingest Template'!Q136&"|DAR"))),(CONCATENATE(IF(ISBLANK('Ingest Template'!O136),"", 'Ingest Template'!O136&"|Operations - Core Title"),CHAR(10), IF(ISBLANK('Ingest Template'!P136),"", 'Ingest Template'!P136&"|Operations - Core Title"),CHAR(10), IF(ISBLANK('Ingest Template'!Q136),"", 'Ingest Template'!Q136&"|Operations - Core Title"))))} -> #|Operations - Core Title #videoGame|Operations - Core Title | AJ137: =if('Ingest Template'!A136="Standard",'Ingest Template'!R136& "|DAR|DAR|2021-01-01",'Ingest Template'!R136& "|Operations - Core Title|Operations - Core Title") -> #N/A | AL137: =if('Ingest Template'!A136="Standard",'Ingest Template'!S136& "|2021-01-01",'Ingest Template'!S136) -> #N/A
... B1000: ='Ingest Template'!C999&IF('Ingest Template'!A999 = "Standard", " - DAR","") | C1000: Video Game | D1000: =CONCATENATE('Ingest Template'!E1000&Char(10)&'Ingest Template'!G1000&Char(10)&'Ingest Template'!H1000&Char(10)&'Ingest Template'!I1000&Char(10)&'Ingest Template'!J1000&Char(10)&'Ingest Template'!K1000&Char(10)&'Ingest Template'!L1000) | E1000: =('Ingest Template'!M1000) | F1000: {=INDEX(DropDown!$J$2:$J$63,MATCH(1,COUNTIF(E1000,DropDown!$I$2:$I$63),0))} -> #N/A | J1000: ='Ingest Template'!B1000 | K1000: =IF('Ingest Template'!A999="Standard",'Ingest Template'!N999,"Competitive View") -> Competitive View | L1000: t | M1000: ='Ingest Template'!D999 | R1000: =CONCATENATE('Ingest Template'!F999) | S1000: f | T1000: ='Ingest Template'!W999 | V1000: =LOWER(SUBSTITUTE(SUBSTITUTE(SUBSTITUTE(SUBSTITUTE(SUBSTITUTE('Ingest Template'!Y999,"https:",""),"www.",""),"/",""),"?hl=en",""),"instagram.com","")) | W1000: =(IFERROR(vlookup('Ingest Template'!F1000,DropDown!D:E,2,false)&'Ingest Template'!C1000,"")) | X1000: ='Ingest Template'!AA999 | AB1000: ='Ingest Template'!T999 | AD1000: ='Ingest Template'!U999 | AE1000: ='Ingest Template'!V999 | AG1000: {=IF('Ingest Template'!A999="Standard",(CONCATENATE(IF(ISBLANK('Ingest Template'!O999),"", 'Ingest Template'!O999&"|DAR"),CHAR(10), IF(ISBLANK('Ingest Template'!P999),"", 'Ingest Template'!P999&"|DAR"),CHAR(10), IF(ISBLANK('Ingest Template'!Q999),"", 'Ingest Template'!Q999&"|DAR"))),(CONCATENATE(IF(ISBLANK('Ingest Template'!O999),"", 'Ingest Template'!O999&"|Operations - Core Title"),CHAR(10), IF(ISBLANK('Ingest Template'!P999),"", 'Ingest Template'!P999&"|Operations - Core Title"),CHAR(10), IF(ISBLANK('Ingest Template'!Q999),"", 'Ingest Template'!Q999&"|Operations - Core Title"))))} -> #|Operations - Core Title #videoGame|Operations - Core Title | AJ1000: =if('Ingest Template'!A999="Standard",'Ingest Template'!R999& "|DAR|DAR|2021-01-01",'Ingest Template'!R999& "|Operations - Core Title|Operations - Core Title") -> #N/A | AL1000: =if('Ingest Template'!A999="Standard",'Ingest Template'!S999& "|2021-01-01",'Ingest Template'!S999) -> #N/A

Sheet Ingest Template
A1: Perspective | B1: Company | C1: Title | D1: Release Date | E1: Developer | F1: Publisher | G1: Platform 1 | H1: Platform 2 | I1: Platform 3 | J1: Platform 4 | K1: Platform 5 | L1: Platform 6 | M1: Genre 1 | N1: Video Game Brand Set | O1: Twitter Hashtag 1 | P1: Twitter Hashtag 2 | Q1: Twitter Hashtag 3 | R1: Twitter Keyword (Search String) | S1: Reddit Keyword (Search String) | T1: Wikipedia | U1: IMDB (URL) | V1: Metacritic | W1: Facebook Page (URL) | X1: Twitter Page (URL) | Y1: Instagram Handle | Z1: YouTube (Brand) | AA1: TikTok | AB1: URL Manager
N2: LF // Video Games // Games | O2: =Substitute(Substitute(Substitute(Substitute(Substitute(Substitute(Substitute(Substitute(Substitute(Substitute(Substitute(Substitute("#" & C2, " ", ""), ":", ""), "," ,""), "-", ""), "!", ""), "'", ""), ".", ""), "&", "and"), "+", "plus"), "\", ""), "(", ""), ")", "") -> # | P2: =Substitute(Substitute(Substitute(Substitute(Substitute(Substitute(Substitute(Substitute(Substitute(Substitute(Substitute(Substitute("#" & C2, " ", ""), ":", ""), "," ,""), "-", ""), "!", ""), "'", ""), ".", ""), "&", "and"), "+", "plus"), "\", ""), "(", ""), ")", "")&"videoGame" -> #videoGame | R2: ="("""&C2&""") ("&Vlookup(E2,DropDown!B:C,2,FALSE)& " OR ""Video Game"" OR Playstation OR iOS OR PS4 OR PS5 OR Xbox OR Switch OR Swtich 2 OR PC)" -> #N/A | S2: ="("""&C2&""") ("&Vlookup(E2,DropDown!K:L,2,FALSE)& " | ""Video Game"" | Playstation | iOS | PS4 | PS5 | Xbox | Switch | Switch 2 | PC)" -> #N/A
N3: LF // Video Games // Games | O3: =Substitute(Substitute(Substitute(Substitute(Substitute(Substitute(Substitute(Substitute(Substitute(Substitute(Substitute(Substitute("#" & C3, " ", ""), ":", ""), "," ,""), "-", ""), "!", ""), "'", ""), ".", ""), "&", "and"), "+", "plus"), "\", ""), "(", ""), ")", "") -> # | P3: =Substitute(Substitute(Substitute(Substitute(Substitute(Substitute(Substitute(Substitute(Substitute(Substitute(Substitute(Substitute("#" & C3, " ", ""), ":", ""), "," ,""), "-", ""), "!", ""), "'", ""), ".", ""), "&", "and"), "+", "plus"), "\", ""), "(", ""), ")", "")&"videoGame" -> #videoGame | R3: ="("""&C3&""") ("&Vlookup(E3,DropDown!B:C,2,FALSE)& " OR ""Video Game"" OR Playstation OR iOS OR PS4 OR PS5 OR Xbox OR Switch OR Swtich 2 OR PC)" -> #N/A | S3: ="("""&C3&""") ("&Vlookup(E3,DropDown!K:L,2,FALSE)& " | ""Video Game"" | Playstation | iOS | PS4 | PS5 | Xbox | Switch | Switch 2 | PC)" -> #N/A
N4: LF // Video Games // Games | O4: =Substitute(Substitute(Substitute(Substitute(Substitute(Substitute(Substitute(Substitute(Substitute(Substitute(Substitute(Substitute("#" & C4, " ", ""), ":", ""), "," ,""), "-", ""), "!", ""), "'", ""), ".", ""), "&", "and"), "+", "plus"), "\", ""), "(", ""), ")", "") -> # | P4: =Substitute(Substitute(Substitute(Substitute(Substitute(Substitute(Substitute(Substitute(Substitute(Substitute(Substitute(Substitute("#" & C4, " ", ""), ":", ""), "," ,""), "-", ""), "!", ""), "'", ""), ".", ""), "&", "and"), "+", "plus"), "\", ""), "(", ""), ")", "")&"videoGame" -> #videoGame | R4: ="("""&C4&""") ("&Vlookup(E4,DropDown!B:C,2,FALSE)& " OR ""Video Game"" OR Playstation OR iOS OR PS4 OR PS5 OR Xbox OR Switch OR Swtich 2 OR PC)" -> #N/A | S4: ="("""&C4&""") ("&Vlookup(E4,DropDown!K:L,2,FALSE)& " | ""Video Game"" | Playstation | iOS | PS4 | PS5 | Xbox | Switch | Switch 2 | PC)" -> #N/A
N5: LF // Video Games // Games | O5: =Substitute(Substitute(Substitute(Substitute(Substitute(Substitute(Substitute(Substitute(Substitute(Substitute(Substitute(Substitute("#" & C5, " ", ""), ":", ""), "," ,""), "-", ""), "!", ""), "'", ""), ".", ""), "&", "and"), "+", "plus"), "\", ""), "(", ""), ")", "") -> # | P5: =Substitute(Substitute(Substitute(Substitute(Substitute(Substitute(Substitute(Substitute(Substitute(Substitute(Substitute(Substitute("#" & C5, " ", ""), ":", ""), "," ,""), "-", ""), "!", ""), "'", ""), ".", ""), "&", "and"), "+", "plus"), "\", ""), "(", ""), ")", "")&"videoGame" -> #videoGame | R5: ="("""&C5&""") ("&Vlookup(E5,DropDown!B:C,2,FALSE)& " OR ""Video Game"" OR Playstation OR iOS OR PS4 OR PS5 OR Xbox OR Switch OR Swtich 2 OR PC)" -> #N/A | S5: ="("""&C5&""") ("&Vlookup(E5,DropDown!K:L,2,FALSE)& " | ""Video Game"" | Playstation | iOS | PS4 | PS5 | Xbox | Switch | Switch 2 | PC)" -> #N/A
N6: LF // Video Games // Games | O6: =Substitute(Substitute(Substitute(Substitute(Substitute(Substitute(Substitute(Substitute(Substitute(Substitute(Substitute(Substitute("#" & C6, " ", ""), ":", ""), "," ,""), "-", ""), "!", ""), "'", ""), ".", ""), "&", "and"), "+", "plus"), "\", ""), "(", ""), ")", "") -> # | P6: =Substitute(Substitute(Substitute(Substitute(Substitute(Substitute(Substitute(Substitute(Substitute(Substitute(Substitute(Substitute("#" & C6, " ", ""), ":", ""), "," ,""), "-", ""), "!", ""), "'", ""), ".", ""), "&", "and"), "+", "plus"), "\", ""), "(", ""), ")", "")&"videoGame" -> #videoGame | R6: ="("""&C6&""") ("&Vlookup(E6,DropDown!B:C,2,FALSE)& " OR ""Video Game"" OR Playstation OR iOS OR PS4 OR PS5 OR Xbox OR Switch OR Swtich 2 OR PC)" -> #N/A | S6: ="("""&C6&""") ("&Vlookup(E6,DropDown!K:L,2,FALSE)& " | ""Video Game"" | Playstation | iOS | PS4 | PS5 | Xbox | Switch | Switch 2 | PC)" -> #N/A
N7: LF // Video Games // Games | O7: =Substitute(Substitute(Substitute(Substitute(Substitute(Substitute(Substitute(Substitute(Substitute(Substitute(Substitute(Substitute("#" & C7, " ", ""), ":", ""), "," ,""), "-", ""), "!", ""), "'", ""), ".", ""), "&", "and"), "+", "plus"), "\", ""), "(", ""), ")", "") -> # | P7: =Substitute(Substitute(Substitute(Substitute(Substitute(Substitute(Substitute(Substitute(Substitute(Substitute(Substitute(Substitute("#" & C7, " ", ""), ":", ""), "," ,""), "-", ""), "!", ""), "'", ""), ".", ""), "&", "and"), "+", "plus"), "\", ""), "(", ""), ")", "")&"videoGame" -> #videoGame | R7: ="("""&C7&""") ("&Vlookup(E7,DropDown!B:C,2,FALSE)& " OR ""Video Game"" OR Playstation OR iOS OR PS4 OR PS5 OR Xbox OR Switch OR Swtich 2 OR PC)" -> #N/A | S7: ="("""&C7&""") ("&Vlookup(E7,DropDown!K:L,2,FALSE)& " | ""Video Game"" | Playstation | iOS | PS4 | PS5 | Xbox | Switch | Switch 2 | PC)" -> #N/A
N8: LF // Video Games // Games | O8: =Substitute(Substitute(Substitute(Substitute(Substitute(Substitute(Substitute(Substitute(Substitute(Substitute(Substitute(Substitute("#" & C8, " ", ""), ":", ""), "," ,""), "-", ""), "!", ""), "'", ""), ".", ""), "&", "and"), "+", "plus"), "\", ""), "(", ""), ")", "") -> # | P8: =Substitute(Substitute(Substitute(Substitute(Substitute(Substitute(Substitute(Substitute(Substitute(Substitute(Substitute(Substitute("#" & C8, " ", ""), ":", ""), "," ,""), "-", ""), "!", ""), "'", ""), ".", ""), "&", "and"), "+", "plus"), "\", ""), "(", ""), ")", "")&"videoGame" -> #videoGame | R8: ="("""&C8&""") ("&Vlookup(E8,DropDown!B:C,2,FALSE)& " OR ""Video Game"" OR Playstation OR iOS OR PS4 OR PS5 OR Xbox OR Switch OR Swtich 2 OR PC)" -> #N/A | S8: ="("""&C8&""") ("&Vlookup(E8,DropDown!K:L,2,FALSE)& " | ""Video Game"" | Playstation | iOS | PS4 | PS5 | Xbox | Switch | Switch 2 | PC)" -> #N/A
N9: LF // Video Games // Games | O9: =Substitute(Substitute(Substitute(Substitute(Substitute(Substitute(Substitute(Substitute(Substitute(Substitute(Substitute(Substitute("#" & C9, " ", ""), ":", ""), "," ,""), "-", ""), "!", ""), "'", ""), ".", ""), "&", "and"), "+", "plus"), "\", ""), "(", ""), ")", "") -> # | P9: =Substitute(Substitute(Substitute(Substitute(Substitute(Substitute(Substitute(Substitute(Substitute(Substitute(Substitute(Substitute("#" & C9, " ", ""), ":", ""), "," ,""), "-", ""), "!", ""), "'", ""), ".", ""), "&", "and"), "+", "plus"), "\", ""), "(", ""), ")", "")&"videoGame" -> #videoGame | R9: ="("""&C9&""") ("&Vlookup(E9,DropDown!B:C,2,FALSE)& " OR ""Video Game"" OR Playstation OR iOS OR PS4 OR PS5 OR Xbox OR Switch OR Swtich 2 OR PC)" -> #N/A | S9: ="("""&C9&""") ("&Vlookup(E9,DropDown!K:L,2,FALSE)& " | ""Video Game"" | Playstation | iOS | PS4 | PS5 | Xbox | Switch | Switch 2 | PC)" -> #N/A
N10: LF // Video Games // Games | O10: =Substitute(Substitute(Substitute(Substitute(Substitute(Substitute(Substitute(Substitute(Substitute(Substitute(Substitute(Substitute("#" & C10, " ", ""), ":", ""), "," ,""), "-", ""), "!", ""), "'", ""), ".", ""), "&", "and"), "+", "plus"), "\", ""), "(", ""), ")", "") -> # | P10: =Substitute(Substitute(Substitute(Substitute(Substitute(Substitute(Substitute(Substitute(Substitute(Substitute(Substitute(Substitute("#" & C10, " ", ""), ":", ""), "," ,""), "-", ""), "!", ""), "'", ""), ".", ""), "&", "and"), "+", "plus"), "\", ""), "(", ""), ")", "")&"videoGame" -> #videoGame | R10: ="("""&C10&""") ("&Vlookup(E10,DropDown!B:C,2,FALSE)& " OR ""Video Game"" OR Playstation OR iOS OR PS4 OR PS5 OR Xbox OR Switch OR Swtich 2 OR PC)" -> #N/A | S10: ="("""&C10&""") ("&Vlookup(E10,DropDown!K:L,2,FALSE)& " | ""Video Game"" | Playstation | iOS | PS4 | PS5 | Xbox | Switch | Switch 2 | PC)" -> #N/A
N11: LF // Video Games // Games | O11: =Substitute(Substitute(Substitute(Substitute(Substitute(Substitute(Substitute(Substitute(Substitute(Substitute(Substitute(Substitute("#" & C11, " ", ""), ":", ""), "," ,""), "-", ""), "!", ""), "'", ""), ".", ""), "&", "and"), "+", "plus"), "\", ""), "(", ""), ")", "") -> # | P11: =Substitute(Substitute(Substitute(Substitute(Substitute(Substitute(Substitute(Substitute(Substitute(Substitute(Substitute(Substitute("#" & C11, " ", ""), ":", ""), "," ,""), "-", ""), "!", ""), "'", ""), ".", ""), "&", "and"), "+", "plus"), "\", ""), "(", ""), ")", "")&"videoGame" -> #videoGame | R11: ="("""&C11&""") ("&Vlookup(E11,DropDown!B:C,2,FALSE)& " OR ""Video Game"" OR Playstation OR iOS OR PS4 OR PS5 OR Xbox OR Switch OR Swtich 2 OR PC)" -> #N/A | S11: ="("""&C11&""") ("&Vlookup(E11,DropDown!K:L,2,FALSE)& " | ""Video Game"" | Playstation | iOS | PS4 | PS5 | Xbox | Switch | Switch 2 | PC)" -> #N/A
N12: LF // Video Games // Games | O12: =Substitute(Substitute(Substitute(Substitute(Substitute(Substitute(Substitute(Substitute(Substitute(Substitute(Substitute(Substitute("#" & C12, " ", ""), ":", ""), "," ,""), "-", ""), "!", ""), "'", ""), ".", ""), "&", "and"), "+", "plus"), "\", ""), "(", ""), ")", "") -> # | P12: =Substitute(Substitute(Substitute(Substitute(Substitute(Substitute(Substitute(Substitute(Substitute(Substitute(Substitute(Substitute("#" & C12, " ", ""), ":", ""), "," ,""), "-", ""), "!", ""), "'", ""), ".", ""), "&", "and"), "+", "plus"), "\", ""), "(", ""), ")", "")&"videoGame" -> #videoGame | R12: ="("""&C12&""") ("&Vlookup(E12,DropDown!B:C,2,FALSE)& " OR ""Video Game"" OR Playstation OR iOS OR PS4 OR PS5 OR Xbox OR Switch OR Swtich 2 OR PC)" -> #N/A | S12: ="("""&C12&""") ("&Vlookup(E12,DropDown!K:L,2,FALSE)& " | ""Video Game"" | Playstation | iOS | PS4 | PS5 | Xbox | Switch | Switch 2 | PC)" -> #N/A
N13: LF // Video Games // Games | O13: =Substitute(Substitute(Substitute(Substitute(Substitute(Substitute(Substitute(Substitute(Substitute(Substitute(Substitute(Substitute("#" & C13, " ", ""), ":", ""), "," ,""), "-", ""), "!", ""), "'", ""), ".", ""), "&", "and"), "+", "plus"), "\", ""), "(", ""), ")", "") -> # | P13: =Substitute(Substitute(Substitute(Substitute(Substitute(Substitute(Substitute(Substitute(Substitute(Substitute(Substitute(Substitute("#" & C13, " ", ""), ":", ""), "," ,""), "-", ""), "!", ""), "'", ""), ".", ""), "&", "and"), "+", "plus"), "\", ""), "(", ""), ")", "")&"videoGame" -> #videoGame | R13: ="("""&C13&""") ("&Vlookup(E13,DropDown!B:C,2,FALSE)& " OR ""Video Game"" OR Playstation OR iOS OR PS4 OR PS5 OR Xbox OR Switch OR Swtich 2 OR PC)" -> #N/A | S13: ="("""&C13&""") ("&Vlookup(E13,DropDown!K:L,2,FALSE)& " | ""Video Game"" | Playstation | iOS | PS4 | PS5 | Xbox | Switch | Switch 2 | PC)" -> #N/A
... N999: LF // Video Games // Games | O999: =Substitute(Substitute(Substitute(Substitute(Substitute(Substitute(Substitute(Substitute(Substitute(Substitute(Substitute(Substitute("#" & C999, " ", ""), ":", ""), "," ,""), "-", ""), "!", ""), "'", ""), ".", ""), "&", "and"), "+", "plus"), "\", ""), "(", ""), ")", "") -> # | P999: =Substitute(Substitute(Substitute(Substitute(Substitute(Substitute(Substitute(Substitute(Substitute(Substitute(Substitute(Substitute("#" & C999, " ", ""), ":", ""), "," ,""), "-", ""), "!", ""), "'", ""), ".", ""), "&", "and"), "+", "plus"), "\", ""), "(", ""), ")", "")&"videoGame" -> #videoGame | R999: ="("""&C999&""") ("&Vlookup(E999,DropDown!B:C,2,FALSE)& " OR ""Video Game"" OR Playstation OR iOS OR PS4 OR PS5 OR Xbox OR Switch OR Swtich 2 OR PC)" -> #N/A | S999: ="("""&C999&""") ("&Vlookup(E999,DropDown!K:L,2,FALSE)& " | ""Video Game"" | Playstation | iOS | PS4 | PS5 | Xbox | Switch | Switch 2 | PC)" -> #N/A

Sheet Twitter Keyword Methodology
A1: Twitter Episodic Keyword Methodology
A2: Default: | B2: (“Video Game”) (“Video Game Developer” OR #VideoGameDeveloper” OR “Video Game” OR “Playstation” OR “PS4” OR “PS5” OR “Xbox” OR “Switch” OR “Switch 2” “PC”)
A3: Tier 1 Modification: | B3: (“Video Game”) (“Video Game Developer” OR #DeveloperHashtag)
A4: Tier 2 Modification: | B4: (“Video Game”) ("Video Game")

Sheet DropDown
A1: Perspective | B1: Developer | C1: Developer Twitter Keyword | D1: Publisher | E1: Publisher YouTube (Company) | F1: Publisher Twitter Keyword | H1: Platform | I1: Mapped Genres | J1: Primary Genres | K1: Developer | L1: Developer Reddit Keyword | N1: Developer | O1: Developer YouTube (Company)
A2: Extended | B2: Developer - Square Enix | C2: #SquareEnix OR "Square Enix" | D2: @unepic_fran | E2: https://www.youtube.com/channel/UC4mHEEWg05Q6AEhO3YrwxEQ| | F2: #@unepicfran OR "@unepic fran" | H2: Platform - Game Boy | I2: 4x | J2: Strategy | K2: Developer - Square Enix | L2: #SquareEnix | "Square Enix" | N2: Developer - Square Enix | O2: https://www.youtube.com/user/squareenix|
A3: Standard | B3: Developer - Higgs Games | C3: #HiggsGames OR "Higgs Games" | D3: 101XP | E3: https://www.youtube.com/channel/UCq8CmBF81yeQHZYUQZBhq6g| | F3: #101XP OR "101XP" | H3: Platform - Mobile | I3: Action | J3: Action | K3: Developer - Higgs Games | L3: #HiggsGames | "Higgs Games" | N3: Developer - Higgs Games | O3: https://www.youtube.com/channel/UCTcri43S8Mbzb0bWY4Optqw|
B4: Developer - FUN Labs | C4: #FUNLabs OR "FUN Labs" | D4: 1047 Games | E4: https://www.youtube.com/channel/UCdUA8I1gJ606kBa9MfTZIyw| | F4: #1047Games OR "1047 Games" | H4: Platform - PC | I4: Action Rpg | J4: Rpgs | K4: Developer - FUN Labs | L4: #FUNLabs | "FUN Labs" | N4: Developer - FUN Labs | O4: https://www.youtube.com/channel/UCLWvZKDvKB4EBNQlVylxIzg|
B5: Developer - SneakyBox | C5: #SneakyBox OR "SneakyBox" | D5: 10Ants Hill | F5: #10AntsHill OR "10Ants Hill" | H5: Platform - PS4 | I5: Adventure | J5: Adventure | K5: Developer - SneakyBox | L5: #SneakyBox | "SneakyBox" | N5: Developer - SneakyBox | O5: https://www.youtube.com/user/SneakyBoxStudios|
B6: Developer - Spooky Doorway | C6: #SpookyDoorway OR "Spooky Doorway" | D6: 10tons | E6: https://www.youtube.com/10tonsLtd| | F6: #10tons OR "10tons" | H6: Platform - PS5 | I6: Arcade | J6: Other | K6: Developer - Spooky Doorway | L6: #SpookyDoorway | "Spooky Doorway" | N6: Developer - Spooky Doorway | O6: https://www.youtube.com/channel/UCHPMHsokvVVn59eAQ-75Evw|
B7: Developer - namethemachine | C7: #namethemachine OR "namethemachine" | D7: 10tons Entertainment | E7: https://www.youtube.com/channel/UC5C7uH3g1HGCpi6UWv4p_2A| | F7: #10tonsEntertainment OR "10tons Entertainment" | H7: Platform - Switch | I7: Arena Shooter | J7: Shooter | K7: Developer - namethemachine | L7: #namethemachine | "namethemachine" | N7: Developer - namethemachine
B8: Developer - Playism | C8: #Playism OR "Playism" | D8: 10tons Ltd | E8: https://www.youtube.com/channel/UC5C7uH3g1HGCpi6UWv4p_2A| | F8: #10tonsLtd OR "10tons Ltd" | H8: Platform - Switch 2 | I8: Battle Royale | J8: Action | K8: Developer - Playism | L8: #Playism | "Playism" | N8: Developer - Playism | O8: https://www.youtube.com/user/ActiveGamingMedia|
B9: Developer - JapanStudio | C9: #JapanStudio OR "JapanStudio" | D9: 11 bit studios | E9: https://www.youtube.com/user/11bitstudios| | F9: #11bitstudios OR "11 bit studios" | H9: Platform - Xbox One | I9: Coding Games | J9: Other | K9: Developer - JapanStudio | L9: #JapanStudio | "JapanStudio" | N9: Developer - JapanStudio | O9: https://www.youtube.com/channel/UCNQBbGnXiwbDropHXXEazLA|
B10: Developer - Bungie Software | C10: #BungieSoftware OR "Bungie Software" | D10: 11 Sheep | E10: https://www.youtube.com/user/the11sheep| | F10: #11Sheep OR "11 Sheep" | H10: Platform - Xbox Series X | I10: Compilation | J10: Other | K10: Developer - Bungie Software | L10: #BungieSoftware | "Bungie Software" | N10: Developer - Bungie Software | O10: https://www.youtube.com/user/bungie|
B11: Developer - CHECK MATE SPOLKA Z OGRANICZONA ODPOWIEDZIALNOSCIA | C11: #CHECKMATESPOLKAZOGRANICZONAODPOWIEDZIALNOSCIA OR "CHECK MATE SPOLKA Z OGRANICZONA ODPOWIEDZIALNOSCIA" | D11: 13AM Games | E11: https://www.youtube.com/user/13amgames| | F11: #13AMGames OR "13AM Games" | H11: Platform - PS2 | I11: Construction | J11: Simulation | K11: Developer - CHECK MATE SPOLKA Z OGRANICZONA ODPOWIEDZIALNOSCIA | L11: #CHECKMATESPOLKAZOGRANICZONAODPOWIEDZIALNOSCIA | "CHECK MATE SPOLKA Z OGRANICZONA ODPOWIEDZIALNOSCIA" | N11: Developer - CHECK MATE SPOLKA Z OGRANICZONA ODPOWIEDZIALNOSCIA
B12: Developer - I. Campomanes | C12: #ICampomanes OR "I. Campomanes" | D12: 17-Bit | E12: https://www.youtube.com/channel/UCpoWTatG1G5lQIXJBm3Mdmg| | F12: #17Bit OR "17-Bit" | H12: Platform - PS3 | I12: Crpg | J12: Rpgs | K12: Developer - I. Campomanes | L12: #ICampomanes | "I. Campomanes" | N12: Developer - I. Campomanes
B13: Developer - Fishlabs | C13: #Fishlabs OR "Fishlabs" | D13: 1BITTO | F13: #1BITTO OR "1BITTO" | I13: Dating Sim | J13: Simulation | K13: Developer - Fishlabs | L13: #Fishlabs | "Fishlabs" | N13: Developer - Fishlabs | O13: https://www.youtube.com/channel/UCozRV-HC9fU9YLDS4nCReYA|
B14: Developer - Aniplex Inc. | C14: #AniplexInc OR "Aniplex" | D14: 1C Entertainment | E14: https://www.youtube.com/channel/UCGHJ8aGLX_dIntGLWr1vm8w| | F14: #1CEntertainment OR "1C Entertainment" | I14: Educational | J14: Other | K14: Developer - Aniplex Inc. | L14: #AniplexInc | "Aniplex" | N14: Developer - Aniplex Inc. | O14: https://www.youtube.com/channel/UCDb0peSmF5rLX7BvuTcJfCw|
B15: Developer - Team6 Game Studios | C15: #Team6GameStudios OR "Team6 Game Studios" | D15: 1C-Entertainment | F15: #1CEntertainment OR "1C-Entertainment" | I15: Explorer Games | J15: Sandbox / Open World | K15: Developer - Team6 Game Studios | L15: #Team6GameStudios | "Team6 Game Studios" | N15: Developer - Team6 Game Studios | O15: https://www.youtube.com/channel/UCTujzSiCzbokiI-KXSIYcTQ|
B16: Developer - Coilworks | C16: #Coilworks OR "Coilworks" | D16: 1Games | E16: https://www.youtube.com/channel/UCsp6NIVFJrCPchOd2Q-SBug| | F16: #1Games OR "1Games" | I16: Fantasy Sports | J16: Sports | K16: Developer - Coilworks | L16: #Coilworks | "Coilworks" | N16: Developer - Coilworks | O16: https://www.youtube.com/channel/UC1d5Sae1CMF6kzTgbDOnhKw|
B17: Developer - Humble Games | C17: #HumbleGames OR "Humble Games" | D17: 2 Zombie Games | E17: https://www.youtube.com/2zombiegames| | F17: #2ZombieGames OR "2 Zombie Games" | I17: Farmlife Sim | J17: Simulation | K17: Developer - Humble Games | L17: #HumbleGames | "Humble Games" | N17: Developer - Humble Games | O17: https://www.youtube.com/channel/UCedwwF2QSPqEbeh8NomiPyw|
B18: Developer - Ludosity Interactive | C18: #LudosityInteractive OR "Ludosity Interactive" | D18: 20th Century Fox Film Corporation | E18: https://www.youtube.com/channel/UCReozMMvdWeLRcZqIK9t-eg| | F18: #20thCenturyFoxFilmCorporation OR "20th Century Fox Film Corporation" | I18: Fighting | J18: Action | K18: Developer - Ludosity Interactive | L18: #LudosityInteractive | "Ludosity Interactive" | N18: Developer - Ludosity Interactive
B19: Developer - Rockstar Games | C19: #RockstarGames OR "Rockstar Games" | D19: 2Awesome Studio | E19: https://www.youtube.com/channel/UCWvfEji6iERiLAt5dyBm5fQ| | F19: #2AwesomeStudio OR "2Awesome Studio" | I19: Fps | J19: Shooter | K19: Developer - Rockstar Games | L19: #RockstarGames | "Rockstar Games" | N19: Developer - Rockstar Games | O19: https://www.youtube.com/user/rockstargames|
B20: Developer - Studio Kiku | C20: #StudioKiku OR "Studio Kiku" | D20: 2BAD GAMES | E20: https://www.youtube.com/channel/UCp3uLT_0jXSLYWO3GUBFZag| | F20: #2BADGAMES OR "2BAD GAMES" | I20: Grand Strategy | J20: Strategy | K20: Developer - Studio Kiku | L20: #StudioKiku | "Studio Kiku" | N20: Developer - Studio Kiku
B21: Developer - Naughty Dog | C21: #NaughtyDog OR "Naughty Dog" | D21: 2Dream | F21: #2Dream OR "2Dream" | I21: Graphic Adventure | J21: Adventure | K21: Developer - Naughty Dog | L21: #NaughtyDog | "Naughty Dog" | N21: Developer - Naughty Dog | O21: https://www.youtube.com/user/naughtydog|
B22: Developer - Live Wire Films | C22: #LiveWireFilms OR "Live Wire Films" | D22: 2K Games | E22: https://www.youtube.com/channel/UC0SBn2zaskenN1hl_PCtQWw| | F22: #2KGames OR "2K Games" | I22: Hack & Slash | J22: Action | K22: Developer - Live Wire Films | L22: #LiveWireFilms | "Live Wire Films" | N22: Developer - Live Wire Films
B23: Developer - id Software | C23: #idSoftware OR "id Software" | D23: 2K Sports | E23: https://www.youtube.com/user/2KSports| | F23: #2KSports OR "2K Sports" | I23: Hero Shooter | J23: Shooter | K23: Developer - id Software | L23: #idSoftware | "id Software" | N23: Developer - id Software
B24: Developer - Raiser Games | C24: #RaiserGames OR "Raiser Games" | D24: 2pt Interactive | E24: https://www.youtube.com/channel/UCMY4MPYfKWfKUocf0C7GDMw| | F24: #2ptInteractive OR "2pt Interactive" | I24: Incremental Games | J24: Other | K24: Developer - Raiser Games | L24: #RaiserGames | "Raiser Games" | N24: Developer - Raiser Games | O24: https://www.youtube.com/channel/UCDV5fJwQk-YsljQnOdfCGlA|
B25: Developer - EXOR Studios | C25: #EXORStudios OR "EXOR Studios" | D25: 3000AD, Inc. | F25: #3000ADInc OR "3000AD," | I25: Jrpg | J25: Rpgs | K25: Developer - EXOR Studios | L25: #EXORStudios | "EXOR Studios" | N25: Developer - EXOR Studios | O25: https://www.youtube.com/channel/UCjgeJSqpnR86E-ZcY17vl1g|
B26: Developer - Big Ant Studios | C26: #BigAntStudios OR "Big Ant Studios" | D26: 34BigThings | E26: https://www.youtube.com/channel/UCaFznj30lVlqQH6x98Ei0AQ| | F26: #34BigThings OR "34BigThings" | I26: Life Sim | J26: Simulation | K26: Developer - Big Ant Studios | L26: #BigAntStudios | "Big Ant Studios" | N26: Developer - Big Ant Studios | O26: https://www.youtube.com/channel/UCYHMw8z-aVRGYpiJtVSOfsA|
B27: Developer - 3000AD, Inc. | C27: #3000ADInc OR "3000AD," | D27: 38 | F27: #38 OR "38" | I27: Metroidvania | J27: Platformer | K27: Developer - 3000AD, Inc. | L27: #3000ADInc | "3000AD," | N27: Developer - 3000AD, Inc.
B28: Developer - Microids | C28: #Microids OR "Microids" | D28: 3909 | F28: #3909 OR "3909" | I28: Mmorpg | J28: Rpgs | K28: Developer - Microids | L28: #Microids | "Microids" | N28: Developer - Microids | O28: https://www.youtube.com/channel/UC9-1o8dj5vp5T1d1aVuHEWQ|
B29: Developer - Superbrothers | C29: #Superbrothers OR "Superbrothers" | D29: 3BLACKDOT | F29: #3BLACKDOT OR "3BLACKDOT" | I29: Moba | J29: Strategy | K29: Developer - Superbrothers | L29: #Superbrothers | "Superbrothers" | N29: Developer - Superbrothers | O29: https://www.youtube.com/channel/UCrkF4XuAR0-shjrn-UJGrtg|
B30: Developer - Sony Interactive Entertainment | C30: #SonyInteractiveEntertainment OR "Sony Interactive Entertainment" | D30: 3DClouds | E30: https://www.youtube.com/channel/UC7nMNp8qOY-wZcX9sWot2bw| | F30: #3DClouds OR "3DClouds" | I30: Open World Rpg | J30: Rpgs | K30: Developer - Sony Interactive Entertainment | L30: #SonyInteractiveEntertainment | "Sony Interactive Entertainment" | N30: Developer - Sony Interactive Entertainment
B31: Developer - Stage Clear Studios | C31: #StageClearStudios OR "Stage Clear Studios" | D31: 3Division | E31: https://www.youtube.com/user/AirConflictsGame| | F31: #3Division OR "3Division" | I31: Other | J31: Other | K31: Developer - Stage Clear Studios | L31: #StageClearStudios | "Stage Clear Studios" | N31: Developer - Stage Clear Studios | O31: https://www.youtube.com/user/StageClearStudios|
B32: Developer - Dead Drop Studios LLC | C32: #DeadDropStudiosLLC OR "Dead Drop Studios LLC" | D32: 3rd Eye Studios | F32: #3rdEyeStudios OR "3rd Eye Studios" | I32: Party Games | J32: Other | K32: Developer - Dead Drop Studios LLC | L32: #DeadDropStudiosLLC | "Dead Drop Studios LLC" | N32: Developer - Dead Drop Studios LLC
B33: Developer - EnsenaSoft | C33: #EnsenaSoft OR "EnsenaSoft" | D33: 3rd Eye Studios Oy LTD | F33: #3rdEyeStudiosOyLTD OR "3rd Eye Studios Oy LTD" | I33: Platformer | J33: Platformer | K33: Developer - EnsenaSoft | L33: #EnsenaSoft | "EnsenaSoft" | N33: Developer - EnsenaSoft | O33: https://www.youtube.com/channel/UCUa2N7rt0q76wc_HRYhcMWg|
B34: Developer - Ratalaika Games | C34: #RatalaikaGames OR "Ratalaika Games" | D34: 4 GLADIATORS | E34: https://www.youtube.com/channel/UCjr3h0Wb5vRYac4SsmnRPMg| | F34: #4GLADIATORS OR "4 GLADIATORS" | I34: Puzzle Adventure | J34: Puzzle Games | K34: Developer - Ratalaika Games | L34: #RatalaikaGames | "Ratalaika Games" | N34: Developer - Ratalaika Games | O34: https://www.youtube.com/channel/UC-4nr6o9xNtpFvzvTWeQ7-g|
B35: Developer - Sega | C35: #Sega OR "Sega" | D35: 4Bit Games | E35: https://www.youtube.com/channel/UCcBiOnyzPTvOOven91M_9Lw| | F35: #4BitGames OR "4Bit Games" | I35: Puzzle Games | J35: Puzzle Games | K35: Developer - Sega | L35: #Sega | "Sega" | N35: Developer - Sega | O35: https://www.youtube.com/user/SegaAmerica|
B36: Developer - SegaSoft | C36: #SegaSoft OR "SegaSoft" | D36: 4D Creativity Limited | F36: #4DCreativityLimited OR "4D Creativity Limited" | I36: Puzzle Platformer | J36: Puzzle Games | K36: Developer - SegaSoft | L36: #SegaSoft | "SegaSoft" | N36: Developer - SegaSoft | O36: https://www.youtube.com/channel/UCWfXR0-F7MI-TbqikgEdJcQ|
B37: Developer - Skookum Arts LLC | C37: #SkookumArtsLLC OR "Skookum Arts LLC" | D37: 4HIT LTD | F37: #4HITLTD OR "4HIT LTD" | I37: Racing | J37: Sports | K37: Developer - Skookum Arts LLC | L37: #SkookumArtsLLC | "Skookum Arts LLC" | N37: Developer - Skookum Arts LLC | O37: https://www.youtube.com/channel/UCWJ39sGrrAzyBj-N1hKWekg|
B38: Developer - Scott Games | C38: #ScottGames OR "Scott Games" | D38: 5 Lives Studios | E38: https://www.youtube.com/user/5LivesStudios| | F38: #5LivesStudios OR "5 Lives Studios" | I38: Rhythm Games | J38: Action | K38: Developer - Scott Games | L38: #ScottGames | "Scott Games" | N38: Developer - Scott Games
B39: Developer - PQube | C39: #PQube OR "PQube" | D39: 505 Games | E39: https://www.youtube.com/user/ALL505GAMES| | F39: #505Games OR "505 Games" | I39: Roguelike | J39: Adventure | K39: Developer - PQube | L39: #PQube | "PQube" | N39: Developer - PQube | O39: https://www.youtube.com/channel/UCxFuaOew_PN5H1gXCPHH6rw|
B40: Developer - IguanaBee | C40: #IguanaBee OR "IguanaBee" | D40: 562 Interactive | E40: https://www.youtube.com/channel/UCyJKS-trbplRxjYNVR3Loww| | F40: #562Interactive OR "562 Interactive" | I40: Rpgs | J40: Rpgs | K40: Developer - IguanaBee | L40: #IguanaBee | "IguanaBee" | N40: Developer - IguanaBee | O40: https://www.youtube.com/channel/UCU7UwJO2n4euQqOap8UPKmw|
B41: Developer - Tarsier Studios | C41: #TarsierStudios OR "Tarsier Studios" | D41: 5pb | F41: #5pb OR "5pb" | I41: Rts (Real Time Strategy) | J41: Strategy | K41: Developer - Tarsier Studios | L41: #TarsierStudios | "Tarsier Studios" | N41: Developer - Tarsier Studios | O41: https://www.youtube.com/user/TarsierStudios|
B42: Developer - WSS Playground | C42: #WSSPlayground OR "WSS Playground" | D42: 612 Entertainment | E42: https://www.youtube.com/channel/UCekLH5OZxxrcwrDCbdoc52Q| | F42: #612Entertainment OR "612 Entertainment" | I42: Run And Gun | J42: Action | K42: Developer - WSS Playground | L42: #WSSPlayground | "WSS Playground" | N42: Developer - WSS Playground | O42: https://www.youtube.com/channel/UCCP514Jmef1CxyQ_HlmjZng|
B43: Developer - Discovery Channel Multimedia | C43: #DiscoveryChannelMultimedia OR "Discovery Channel Multimedia" | D43: 7 Soft Pillows | E43: https://www.youtube.com/channel/UCfH6mJY-sNdH-GAhE1C5mBA| | F43: #7SoftPillows OR "7 Soft Pillows" | I43: Sandbox / Open World | J43: Sandbox / Open World | K43: Developer - Discovery Channel Multimedia | L43: #DiscoveryChannelMultimedia | "Discovery Channel Multimedia" | N43: Developer - Discovery Channel Multimedia
B44: Developer - Raven Software | C44: #RavenSoftware OR "Raven Software" | D44: 704Games | E44: https://www.youtube.com/channel/UCTOXhs4P203LPgiijN0qdow| | F44: #704Games OR "704Games" | I44: Sandbox Action | J44: Sandbox / Open World | K44: Developer - Raven Software | L44: #RavenSoftware | "Raven Software" | N44: Developer - Raven Software | O44: https://www.youtube.com/channel/UClhaZZaLNDs_TTHHuLMoIWg|
B45: Developer - Iron Galaxy Studios | C45: #IronGalaxyStudios OR "Iron Galaxy Studios" | D45: 7780s Studio | E45: https://www.youtube.com/channel/UCOthIZuh-8nMEukkIGi-3vA| | F45: #7780sStudio OR "7780s Studio" | I45: Shoot 'Em Up | J45: Shooter | K45: Developer - Iron Galaxy Studios | L45: #IronGalaxyStudios | "Iron Galaxy Studios" | N45: Developer - Iron Galaxy Studios | O45: https://www.youtube.com/channel/UCWna3OG9ryuDRO5GAZN2YLA|
B46: Developer - Warner Bros. Interactive Entertainment | C46: #WarnerBrosInteractiveEntertainment OR "Warner Bros. Interactive Entertainment" | D46: 7A Games | E46: https://www.youtube.com/channel/UCnVOysJirr_1QwSfk7hL5VQ| | F46: #7AGames OR "7A Games" | I46: Shooter | J46: Action | K46: Developer - Warner Bros. Interactive Entertainment | L46: #WarnerBrosInteractiveEntertainment | "Warner Bros. Interactive Entertainment" | N46: Developer - Warner Bros. Interactive Entertainment | O46: https://www.youtube.com/user/WBGAMES|
B47: Developer - Take-Two Interactive | C47: #TakeTwoInteractive OR "Take-Two Interactive" | D47: 7Levels | E47: https://www.youtube.com/channel/UCjQiGakFXMyWNY22emDr7Mw| | F47: #7Levels OR "7Levels" | I47: Simulation | J47: Sandbox / Open World | K47: Developer - Take-Two Interactive | L47: #TakeTwoInteractive | "Take-Two Interactive" | N47: Developer - Take-Two Interactive | O47: https://www.youtube.com/channel/UCgcSwHteqZ37OJ-sjWAXu7w|
B48: Developer - Techland | C48: #Techland OR "Techland" | D48: 7Raven Studios | E48: https://www.youtube.com/channel/UCOuyg_RbE_x9I9wj41R2bkw| | F48: #7RavenStudios OR "7 Raven Studios" | I48: Soulslike | J48: Adventure | K48: Developer - Techland | L48: #Techland | "Techland" | N48: Developer - Techland | O48: https://www.youtube.com/channel/UCELOp53ps7F22ixRjUPCwZQ|
B49: Developer - 38 | C49: #38 OR "38" | D49: 8 Bit Legit | E49: https://www.youtube.com/channel/UCKlWDLg-MI6ae1yhK52DfCQ| | F49: #8BitLegit OR "8 Bit Legit" | I49: Sports | J49: Sports | K49: Developer - 38 | L49: #38 | "38" | N49: Developer - 38
B50: Developer - Troglobytes Games, S.L. | C50: #TroglobytesGamesSL OR "Troglobytes Games" | D50: 8 Bit Pxl Games | E50: https://www.youtube.com/channel/UC0_ymwLd_x9uXu_dimVN-3w| | F50: #8BitPxlGames OR "8 Bit Pxl Games" | I50: Sports Management | J50: Strategy | K50: Developer - Troglobytes Games, S.L. | L50: #TroglobytesGamesSL | "Troglobytes Games" | N50: Developer - Troglobytes Games, S.L. | O50: https://www.youtube.com/channel/UCK_IBx3Ve8EmRTPJtM5QirQ|
B51: Developer - liica,Inc. | C51: #liicaInc OR "liica,Inc." | D51: 44777 | F51: #44777 OR "44777" | I51: Stealth Game | J51: Action | K51: Developer - liica,Inc. | L51: #liicaInc | "liica,Inc." | N51: Developer - liica,Inc. | O51: https://www.youtube.com/channel/UC1MliFyYjdmFUSn-tb-2eog|
B52: Developer - RideonJapan,Inc. | C52: #RideonJapanInc OR "RideonJapan" | D52: 8Floor | E52: https://www.youtube.com/channel/UCYBBqN0XgMd0ehVIkM5fgHw| | F52: #8Floor OR "8Floor" | I52: Strategy | J52: Strategy | K52: Developer - RideonJapan,Inc. | L52: #RideonJapanInc | "RideonJapan" | N52: Developer - RideonJapan,Inc.
B53: Developer - Oh, a Rock! Studios | C53: #OhaRockStudios OR "Oh, a Rock! Studios" | D53: 9 Eyes Game Studio | E53: https://www.youtube.com/channel/UCbEMJli44pZ6rWv3K_kRzVA| | F53: #9EyesGameStudio OR "9 Eyes Game Studio" | I53: Survival | J53: Adventure | K53: Developer - Oh, a Rock! Studios | L53: #OhaRockStudios | "Oh, a Rock! Studios" | N53: Developer - Oh, a Rock! Studios
B54: Developer - BadFly Interactive, a.s | C54: #BadFlyInteractiveas OR "BadFly Interactive" | D54: 9_Degrees | F54: #9Degrees OR "9 Degrees" | I54: Survivor Like | J54: Adventure | K54: Developer - BadFly Interactive, a.s | L54: #BadFlyInteractiveas | "BadFly Interactive" | N54: Developer - BadFly Interactive, a.s | O54: https://www.youtube.com/channel/UCMLUvhaKQvrzGc3BqoJWY2Q|
B55: Developer - PiRho Soft, inc | C55: #PiRhoSoftinc OR "PiRho Soft" | D55: A Bonfire of Souls | E55: https://www.youtube.com/channel/UCCUyMTt3-570aHQF3N6K_FA | F55: #ABonfireofSouls OR "A Bonfire of Souls" | I55: Tactical Rpg | J55: Rpgs | K55: Developer - PiRho Soft, inc | L55: #PiRhoSoftinc | "PiRho Soft" | N55: Developer - PiRho Soft, inc | O55: https://www.youtube.com/channel/UCRiSxdervZlO_RnMOa-PMhw|
B56: Developer - Thekla, Inc | C56: #TheklaInc OR "Thekla" | D56: A Brave Plan | E56: https://www.youtube.com/channel/UCq2inI_ZOwyarx7FZcxd7IQ| | F56: #ABravePlan OR "A Brave Plan" | I56: Tactical Shooter | J56: Shooter | K56: Developer - Thekla, Inc | L56: #TheklaInc | "Thekla" | N56: Developer - Thekla, Inc | O56: https://www.youtube.com/channel/UCxhz6Pyk1wctNwnTNI4w3zw|
B57: Developer - Young Horses, Inc | C57: #YoungHorsesInc OR "Young Horses" | D57: A Crowd of Monsters | F57: #ACrowdofMonsters OR "A Crowd of Monsters" | I57: Tbs (Turn Based Strategy) | J57: Strategy | K57: Developer - Young Horses, Inc | L57: #YoungHorsesInc | "Young Horses" | N57: Developer - Young Horses, Inc | O57: https://www.youtube.com/channel/UCZViE3idf8NM9ETSkqInD0Q|
B58: Developer - Beep Games, Inc. | C58: #BeepGamesInc OR "Beep Games" | D58: A Tale of Games | F58: #ATaleofGames OR "A Tale of Games" | I58: Text Adventure | J58: Adventure | K58: Developer - Beep Games, Inc. | L58: #BeepGamesInc | "Beep Games" | N58: Developer - Beep Games, Inc. | O58: https://www.youtube.com/user/BeepGamesInc|
B59: Developer - Bluehole, Inc. | C59: #BlueholeInc OR "Bluehole" | D59: A-steroids | F59: #Asteroids OR "A-steroids" | I59: Tower Defense | J59: Strategy | K59: Developer - Bluehole, Inc. | L59: #BlueholeInc | "Bluehole" | N59: Developer - Bluehole, Inc. | O59: https://www.youtube.com/channel/UCL-jo6xxhd52BavMVKclBJw|
B60: Developer - Cyan, Inc. | C60: #CyanInc OR "Cyan" | D60: A-Z Computers | F60: #AZComputers OR "A-Z Computers" | I60: Tps | J60: Shooter | K60: Developer - Cyan, Inc. | L60: #CyanInc | "Cyan" | N60: Developer - Cyan, Inc. | O60: https://www.youtube.com/channel/UCgGqy6Rl9_Q5umGk-8DFQxg|
B61: Developer - Echtra Games, Inc. | C61: #EchtraGamesInc OR "Echtra Games" | D61: Aaron Levi Carrick | F61: #AaronLeviCarrick OR "Aaron Levi Carrick" | I61: Trivia | J61: Other | K61: Developer - Echtra Games, Inc. | L61: #EchtraGamesInc | "Echtra Games" | N61: Developer - Echtra Games, Inc.
B62: Developer - Frozenbyte, Inc. | C62: #FrozenbyteInc OR "Frozenbyte" | D62: Abramelin Games | E62: https://www.youtube.com/channel/UCMQbXKWznjL6v2h2_QstNPw| | F62: #AbramelinGames OR "Abramelin Games" | I62: Visual Novel | J62: Adventure | K62: Developer - Frozenbyte, Inc. | L62: #FrozenbyteInc | "Frozenbyte" | N62: Developer - Frozenbyte, Inc. | O62: https://www.youtube.com/user/FrozenbyteGames|
B63: Developer - Honor Code, Inc. | C63: #HonorCodeInc OR "Honor Code" | D63: Absorb Reality | E63: Nome| | F63: #AbsorbReality OR "Absorb Reality" | I63: Walking Simulator | J63: Adventure | K63: Developer - Honor Code, Inc. | L63: #HonorCodeInc | "Honor Code" | N63: Developer - Honor Code, Inc.
B64: Developer - Jackbox Games, Inc. | C64: #JackboxGamesInc OR "Jackbox Games" | D64: Abstraction Games | E64: https://www.youtube.com/user/abstractiongames| | F64: #AbstractionGames OR "Abstraction Games" | K64: Developer - Jackbox Games, Inc. | L64: #JackboxGamesInc | "Jackbox Games" | N64: Developer - Jackbox Games, Inc. | O64: https://www.youtube.com/user/JackboxGames|
B65: Developer - Massive Damage, Inc. | C65: #MassiveDamageInc OR "Massive Damage" | D65: ABX Games Studio | F65: #ABXGamesStudio OR "ABX Games Studio" | K65: Developer - Massive Damage, Inc. | L65: #MassiveDamageInc | "Massive Damage" | N65: Developer - Massive Damage, Inc. | O65: https://www.youtube.com/channel/UCGiJxlijc7rsqNOi1o6GRAA|
B66: Developer - Out of the Blue, Inc. | C66: #OutoftheBlueInc OR "Out of the Blue" | D66: Abylight | E66: https://www.youtube.com/channel/UCh7m8fA0tf45eVB5_M1IhQg| | F66: #Abylight OR "Abylight" | K66: Developer - Out of the Blue, Inc. | L66: #OutoftheBlueInc | "Out of the Blue" | N66: Developer - Out of the Blue, Inc.
B67: Developer - Pipeworks Software, Inc. | C67: #PipeworksSoftwareInc OR "Pipeworks Software" | D67: Abyssal Arts Ltd. | E67: https://www.youtube.com/channel/UCUyaZJzjOPoN8_qhCs1ZDcg| | F67: #AbyssalArtsLtd OR "Abyssal Arts Ltd." | K67: Developer - Pipeworks Software, Inc. | L67: #PipeworksSoftwareInc | "Pipeworks Software" | N67: Developer - Pipeworks Software, Inc. | O67: https://www.youtube.com/channel/UCZKP2_9799QqlhzgiO6tFew|
B68: Developer - POCKET PAIR, Inc. | C68: #POCKETPAIRInc OR "POCKET PAIR" | D68: Abyzzmo Entertainment | E68: https://www.youtube.com/channel/UCfgCztR_m8PbRpszUWN0LIA| | F68: #AbyzzmoEntertainment OR "Abyzzmo Entertainment" | K68: Developer - POCKET PAIR, Inc. | L68: #POCKETPAIRInc | "POCKET PAIR" | N68: Developer - POCKET PAIR, Inc. | O68: https://www.youtube.com/channel/UCz6cOlpF6os7JkAKnpMNriw|
B69: Developer - Proletariat, Inc. | C69: #ProletariatInc OR "Proletariat" | D69: Accelerate Games | E69: https://www.youtube.com/channel/UC5TkA23eA0ezHRmXFzErW5g| | F69: #AccelerateGames OR "Accelerate Games" | K69: Developer - Proletariat, Inc. | L69: #ProletariatInc | "Proletariat" | N69: Developer - Proletariat, Inc. | O69: https://www.youtube.com/user/proletariatgames|
B70: Developer - ROBLOX, Inc. | C70: #ROBLOXInc OR "ROBLOX" | D70: Accolade | E70: https://www.youtube.com/channel/UC2PVmw9S5VNWGuRchn_LgJA| | F70: #Accolade OR "Accolade" | K70: Developer - ROBLOX, Inc. | L70: #ROBLOXInc | "ROBLOX" | N70: Developer - ROBLOX, Inc. | O70: https://www.youtube.com/channel/UCjiPEaapiHbJMoAdi_L8fNA|
B71: Developer - Silverware Games, Inc. | C71: #SilverwareGamesInc OR "Silverware Games" | D71: Ace Maddox | E71: https://www.youtube.com/channel/UCFrKRsz0eQUbD3W2YElYgGQ| | F71: #AceMaddox OR "Ace Maddox" | K71: Developer - Silverware Games, Inc. | L71: #SilverwareGamesInc | "Silverware Games" | N71: Developer - Silverware Games, Inc.
B72: Developer - Stingbot Games, Inc. | C72: #StingbotGamesInc OR "Stingbot Games" | D72: Ackkstudios | E72: https://www.youtube.com/channel/UCfclSvnAiN5noff_kiwSVQg| | F72: #Ackkstudios OR "Ackkstudios" | K72: Developer - Stingbot Games, Inc. | L72: #StingbotGamesInc | "Stingbot Games" | N72: Developer - Stingbot Games, Inc. | O72: https://www.youtube.com/channel/UCyTpJiG-DrtYWJylMg-ZVFQ|
B73: Developer - Virtual Driver Interactive, Inc. | C73: #VirtualDriverInteractiveInc OR "Virtual Driver Interactive" | D73: Acram Digital | E73: https://www.youtube.com/channel/UCOXyZc78UUteN3hVHXlf3Ew| | F73: #AcramDigital OR "Acram Digital" | K73: Developer - Virtual Driver Interactive, Inc. | L73: #VirtualDriverInteractiveInc | "Virtual Driver Interactive" | N73: Developer - Virtual Driver Interactive, Inc. | O73: https://www.youtube.com/user/VDIinc|
B74: Developer - JW, Kitty, Jukio and Dom | C74: #JWKittyJukioandDom OR "JW, Kitty, Jukio and Dom" | D74: ACTION SQUARE CO., LTD | E74: https://www.youtube.com/channel/UCTaDgjN82qD28D1cF2BmtEw| | F74: #ACTIONSQUARECOLTD OR "ACTION SQUARE CO." | K74: Developer - JW, Kitty, Jukio and Dom | L74: #JWKittyJukioandDom | "JW, Kitty, Jukio and Dom" | N74: Developer - JW, Kitty, Jukio and Dom
B75: Developer - Banana Bird Studios, LLC | C75: #BananaBirdStudiosLLC OR "Banana Bird Studios" | D75: Active Gaming Media | F75: #ActiveGamingMedia OR "Active Gaming Media" | K75: Developer - Banana Bird Studios, LLC | L75: #BananaBirdStudiosLLC | "Banana Bird Studios" | N75: Developer - Banana Bird Studios, LLC
B76: Developer - Chance6 Studios, LLC | C76: #Chance6StudiosLLC OR "Chance6 Studios" | D76: Active Gaming Media Inc. | F76: #ActiveGamingMediaInc OR "Active Gaming Media" | K76: Developer - Chance6 Studios, LLC | L76: #Chance6StudiosLLC | "Chance6 Studios" | N76: Developer - Chance6 Studios, LLC | O76: https://www.youtube.com/channel/UCuatWFXwlzG07QRdZehlCbw|
B77: Developer - Coding Capers, LLC | C77: #CodingCapersLLC OR "Coding Capers" | D77: Activision | E77: https://www.youtube.com/user/ActivisionGames| | F77: #Activision OR "Activision" | K77: Developer - Coding Capers, LLC | L77: #CodingCapersLLC | "Coding Capers" | N77: Developer - Coding Capers, LLC
B78: Developer - Earthborn Interactive, LLC | C78: #EarthbornInteractiveLLC OR "Earthborn Interactive" | D78: Actoon Studio | E78: https://www.youtube.com/channel/UCUXjdfaSOGinfsWQ7q5UB2g| | F78: #ActoonStudio OR "Actoon Studio" | K78: Developer - Earthborn Interactive, LLC | L78: #EarthbornInteractiveLLC | "Earthborn Interactive" | N78: Developer - Earthborn Interactive, LLC | O78: https://www.youtube.com/channel/UCHVTFqK05Jfh-7BvmE55zVw|
B79: Developer - Finite Reflection Studios, LLC | C79: #FiniteReflectionStudiosLLC OR "Finite Reflection Studios" | D79: acttil llc. | F79: #acttilllc OR "acttil llc." | K79: Developer - Finite Reflection Studios, LLC | L79: #FiniteReflectionStudiosLLC | "Finite Reflection Studios" | N79: Developer - Finite Reflection Studios, LLC | O79: https://www.youtube.com/channel/UCfaOdLA8oZNB6OEgBwxgv9Q|
B80: Developer - Game Mechanic Studios, LLC | C80: #GameMechanicStudiosLLC OR "Game Mechanic Studios" | D80: Adam Spragg Games | F80: #AdamSpraggGames OR "Adam Spragg Games" | K80: Developer - Game Mechanic Studios, LLC | L80: #GameMechanicStudiosLLC | "Game Mechanic Studios" | N80: Developer - Game Mechanic Studios, LLC | O80: https://www.youtube.com/channel/UCFUo9Z7RIO3MpR4ST75o6QQ|
B81: Developer - Laser Guided Games, LLC | C81: #LaserGuidedGamesLLC OR "Laser Guided Games" | D81: Adult Swim | E81: https://www.youtube.com/channel/UCgPClNr5VSYC3syrDUIlzLw| | F81: #AdultSwim OR "Adult Swim" | K81: Developer - Laser Guided Games, LLC | L81: #LaserGuidedGamesLLC | "Laser Guided Games" | N81: Developer - Laser Guided Games, LLC | O81: https://www.youtube.com/channel/UCcDG1Z1_C5zQiF-WsrlD6_g|
B82: Developer - MAGIC Spell Studios, LLC | C82: #MAGICSpellStudiosLLC OR "MAGIC Spell Studios" | D82: Advanced Interactive Gaming Ltd. | F82: #AdvancedInteractiveGamingLtd OR "Advanced Interactive Gaming Ltd." | K82: Developer - MAGIC Spell Studios, LLC | L82: #MAGICSpellStudiosLLC | "MAGIC Spell Studios" | N82: Developer - MAGIC Spell Studios, LLC
B83: Developer - MindShaft Games, LLC | C83: #MindShaftGamesLLC OR "MindShaft Games" | D83: Adventure Productions | E83: https://www.youtube.com/channel/UCcvvz5g7kykCRnQcIfDycmA| | F83: #AdventureProductions OR "Adventure Productions" | K83: Developer - MindShaft Games, LLC | L83: #MindShaftGamesLLC | "MindShaft Games" | N83: Developer - MindShaft Games, LLC
B84: Developer - Mobius Digital, LLC | C84: #MobiusDigitalLLC OR "Mobius Digital" | D84: aeiowu | E84: https://www.youtube.com/channel/UC0Td_r5CTZ5YKV1EYAMtOdw| | F84: #aeiowu OR "aeiowu" | K84: Developer - Mobius Digital, LLC | L84: #MobiusDigitalLLC | "Mobius Digital" | N84: Developer - Mobius Digital, LLC | O84: https://www.youtube.com/channel/UCdgGABNKVe5BqmIY5p3H2wg|
B85: Developer - Newt Industries, LLC | C85: #NewtIndustriesLLC OR "Newt Industries" | D85: Aerosoft | E85: https://www.youtube.com/channel/UCh4foOofcsVQ-r0XIyqftig| | F85: #Aerosoft OR "Aerosoft" | K85: Developer - Newt Industries, LLC | L85: #NewtIndustriesLLC | "Newt Industries" | N85: Developer - Newt Industries, LLC | O85: https://www.youtube.com/channel/UCRgBF-CUq5Vt_jOwybD2YOA|
B86: Developer - Phosphor Games Studio, LLC | C86: #PhosphorGamesStudioLLC OR "Phosphor Games Studio" | D86: Aeternum Game Studios | E86: https://www.youtube.com/channel/UCxJZdqoOHZaT4mXZbSslobA| | F86: #AeternumGameStudios OR "Aeternum Game Studios" | K86: Developer - Phosphor Games Studio, LLC | L86: #PhosphorGamesStudioLLC | "Phosphor Games Studio" | N86: Developer - Phosphor Games Studio, LLC | O86: https://www.youtube.com/channel/UCwcXwEiT0TUeTYXIYCntR_w|
B87: Developer - Red Blue Games, LLC | C87: #RedBlueGamesLLC OR "Red Blue Games" | D87: Affable Games | E87: https://www.youtube.com/channel/UCNXxG1IcABIhkExVri8_l_A| | F87: #AffableGames OR "Affable Games" | K87: Developer - Red Blue Games, LLC | L87: #RedBlueGamesLLC | "Red Blue Games" | N87: Developer - Red Blue Games, LLC | O87: https://www.youtube.com/channel/UCYe2wNz2AMQEjrL5-wjxGGw|
B88: Developer - Revival Productions, LLC | C88: #RevivalProductionsLLC OR "Revival Productions" | D88: AG8 | F88: #AG8 OR "AG8" | K88: Developer - Revival Productions, LLC | L88: #RevivalProductionsLLC | "Revival Productions" | N88: Developer - Revival Productions, LLC | O88: https://www.youtube.com/channel/UCefZc73C3wtdKJl_HAAWXaQ|
B89: Developer - Sickhead Games, LLC | C89: #SickheadGamesLLC OR "Sickhead Games" | D89: Against Gravity | F89: #AgainstGravity OR "Against Gravity" | K89: Developer - Sickhead Games, LLC | L89: #SickheadGamesLLC | "Sickhead Games" | N89: Developer - Sickhead Games, LLC | O89: https://www.youtube.com/channel/UCfW278MYSnlYmM7eNhI5YRw|
B90: Developer - Smiling Buddha Games, LLC | C90: #SmilingBuddhaGamesLLC OR "Smiling Buddha Games" | D90: Agens | F90: #Agens OR "Agens" | K90: Developer - Smiling Buddha Games, LLC | L90: #SmilingBuddhaGamesLLC | "Smiling Buddha Games" | N90: Developer - Smiling Buddha Games, LLC
B91: Developer - SMONCH, LLC | C91: #SMONCHLLC OR "SMONCH" | D91: Agharta Studio | E91: https://www.youtube.com/channel/UC1imML9M2od2eJnmmqOVROw| | F91: #AghartaStudio OR "Agharta Studio" | K91: Developer - SMONCH, LLC | L91: #SMONCHLLC | "SMONCH" | N91: Developer - SMONCH, LLC
B92: Developer - Snood, LLC | C92: #SnoodLLC OR "Snood" | D92: AI Robot Media | F92: #AIRobotMedia OR "AI Robot Media" | K92: Developer - Snood, LLC | L92: #SnoodLLC | "Snood" | N92: Developer - Snood, LLC | O92: https://www.youtube.com/channel/UCcjN7aVNfK91jssN-eMGrbw|
B93: Developer - Stovetop, LLC | C93: #StovetopLLC OR "Stovetop" | D93: Aiming Inc. | F93: #AimingInc OR "Aiming" | K93: Developer - Stovetop, LLC | L93: #StovetopLLC | "Stovetop" | N93: Developer - Stovetop, LLC
B94: Developer - Strongbox3d, LLC | C94: #Strongbox3dLLC OR "Strongbox3d" | D94: Aksys Games | E94: https://www.youtube.com/channel/UCBfJnGBmryH7Eo49UlKMStg| | F94: #AksysGames OR "Aksys Games" | K94: Developer - Strongbox3d, LLC | L94: #Strongbox3dLLC | "Strongbox3d" | N94: Developer - Strongbox3d, LLC
B95: Developer - TikGames, LLC | C95: #TikGamesLLC OR "TikGames" | D95: Akupara Games | E95: https://www.youtube.com/channel/UCZmf7CjG0apiwBxNjIoYxDw| | F95: #AkuparaGames OR "Akupara Games" | K95: Developer - TikGames, LLC | L95: #TikGamesLLC | "TikGames" | N95: Developer - TikGames, LLC
B96: Developer - Ugly Beard Games, LLC | C96: #UglyBeardGamesLLC OR "Ugly Beard Games" | D96: Alan Zucconi | E96: https://www.youtube.com/channel/UC8Wrbf2aJkX63pu2bG5QiFg| | F96: #AlanZucconi OR "Alan Zucconi" | K96: Developer - Ugly Beard Games, LLC | L96: #UglyBeardGamesLLC | "Ugly Beard Games" | N96: Developer - Ugly Beard Games, LLC | O96: https://www.youtube.com/uglybeardgames|
B97: Developer - What Up Games, LLC | C97: #WhatUpGamesLLC OR "What Up Games" | D97: Alawar Premium | E97: https://www.youtube.com/channel/UCUZcGHOiUUPLXa7frMXyZLQ| | F97: #AlawarPremium OR "Alawar Premium" | K97: Developer - What Up Games, LLC | L97: #WhatUpGamesLLC | "What Up Games" | N97: Developer - What Up Games, LLC | O97: https://www.youtube.com/channel/UC4kQ2w__P06Rw1403e4Tmqw|
B98: Developer - Castle Pixel, LLC. | C98: #CastlePixelLLC OR "Castle Pixel." | D98: Albino Moose Games | E98: https://www.youtube.com/channel/UCACH4-m4ONrXLHPa2x6qUlA| | F98: #AlbinoMooseGames OR "Albino Moose Games" | K98: Developer - Castle Pixel, LLC. | L98: #CastlePixelLLC | "Castle Pixel." | N98: Developer - Castle Pixel, LLC. | O98: https://www.youtube.com/channel/UCoe0IQ4NOIWiNxdRjgi3T9A|
B99: Developer - ACTION SQUARE CO., LTD | C99: #ACTIONSQUARECOLTD OR "ACTION SQUARE CO." | D99: Alchemy VR | F99: #AlchemyVR OR "Alchemy VR" | K99: Developer - ACTION SQUARE CO., LTD | L99: #ACTIONSQUARECOLTD | "ACTION SQUARE CO." | N99: Developer - ACTION SQUARE CO., LTD | O99: https://www.youtube.com/channel/UCTaDgjN82qD28D1cF2BmtEw|
B100: Developer - H2 Interactive Co., Ltd. | C100: #H2InteractiveCoLtd OR "H2 Interactive Co" | D100: Alda Games | E100: https://www.youtube.com/channel/UC81BM2pd6yEmCQfV4SwFAdg| | F100: #AldaGames OR "Alda Games" | K100: Developer - H2 Interactive Co., Ltd. | L100: #H2InteractiveCoLtd | "H2 Interactive Co" | N100: Developer - H2 Interactive Co., Ltd. | O100: https://www.youtube.com/user/H2Interactive|
...
